Age,Gender,Height_cm,Weight_kg,Fasting_Blood_Glucose_mg_dL,HbA1c_percent,Systolic_Blood_Pressure_mmHg,Diastolic_Blood_Pressure_mmHg,Family_History_Diabetes,Previous_Prediabetes,Weekly_Exercise_Minutes,Smoking_Habit,Alcohol_Habit,Diet_Quality,Sugary_Drinks_Consumption,Gestational_Diabetes_History,PCOS,BMI,Diabetes
51,Male,179.8,72.1,83.0,6.6,112.0,85.0,No,No,234.0,Former,Occasionally,Average,Occasionally,N/A,N/A,22.3,0
25,Male,164.9,76.8,55.0,5.9,97.0,67.0,No,No,138.0,Former,Occasionally,Average,Occasionally,N/A,N/A,28.24,0
42,Male,173.6,83.2,109.0,5.8,112.0,84.0,No,No,247.0,Never,Occasionally,Average,Frequently,N/A,N/A,27.61,0
37,Male,174.9,96.3,101.0,4.3,124.0,89.0,Yes,No,149.0,Never,Occasionally,Average,Occasionally,N/A,N/A,31.48,0
47,Female,165.6,46.7,76.0,5.4,130.0,86.0,No,No,39.0,Current,Occasionally,Average,Never,No,No,17.03,0
56,Female,160.7,63.3,111.0,4.6,97.0,84.0,No,No,146.0,Former,Occasionally,Healthy,Occasionally,No,No,24.51,0
49,Female,165.3,69.0,60.0,5.0,140.0,77.0,No,No,100.0,Never,Occasionally,Average,Occasionally,No,No,25.25,0
23,Female,150.0,65.5,135.0,5.7,132.0,79.0,Yes,No,191.0,Never,Never,Average,Frequently,No,No,29.11,0
52,Female,156.2,61.9,70.0,4.6,91.0,69.0,No,No,194.0,Former,Occasionally,Average,Frequently,N/A,No,25.37,0
56,Other,146.8,62.2,124.0,4.8,133.0,73.0,Yes,No,265.0,Current,Never,Healthy,Never,No,N/A,28.86,0
68,Female,169.9,75.0,119.0,6.2,126.0,76.0,No,No,33.0,Never,Occasionally,Healthy,Occasionally,No,No,25.98,0
76,Female,172.3,63.9,86.0,5.1,122.0,74.0,No,No,161.0,Never,Never,Average,Occasionally,N/A,No,21.52,0
81,Female,162.2,89.4,119.0,6.9,132.0,96.0,Yes,No,98.0,Never,Occasionally,Unhealthy,Occasionally,No,No,33.98,1
66,Male,183.9,72.1,109.0,5.4,106.0,78.0,No,No,279.0,Never,Occasionally,Average,Never,N/A,N/A,21.32,0
36,Female,162.2,80.9,91.0,4.2,125.0,104.0,No,No,138.0,Never,Occasionally,Average,Frequently,No,No,30.75,0
64,Female,161.8,74.4,79.0,6.0,123.0,75.0,No,No,234.0,Current,Occasionally,Average,Occasionally,No,Yes,28.42,1
49,Male,179.5,94.3,113.0,6.2,124.0,72.0,No,No,236.0,Never,Frequently,Unhealthy,Never,N/A,N/A,29.27,0
27,Male,159.0,88.3,118.0,4.8,115.0,81.0,No,No,178.0,Never,Occasionally,Average,Occasionally,N/A,N/A,34.93,1
77,Male,189.4,74.1,77.0,4.4,147.0,88.0,No,No,262.0,Never,Occasionally,Average,Frequently,N/A,N/A,20.66,0
41,Female,158.3,59.3,65.0,5.0,105.0,76.0,No,No,216.0,Former,Occasionally,Unhealthy,Frequently,No,No,23.66,0
41,Other,167.4,51.6,135.0,5.7,128.0,65.0,No,No,0.0,Never,Occasionally,Average,Frequently,No,No,18.41,0
24,Male,191.7,111.4,79.0,5.0,92.0,75.0,Yes,No,210.0,Never,Never,Average,Frequently,N/A,N/A,30.31,0
34,Female,158.6,89.6,109.0,4.6,96.0,62.0,No,No,30.0,Never,Frequently,Average,Occasionally,No,No,35.62,0
78,Female,150.1,53.6,100.0,4.1,125.0,75.0,No,No,143.0,Never,Never,Unhealthy,Never,No,No,23.79,0
32,Female,159.3,66.6,56.0,6.1,130.0,83.0,Yes,No,271.0,Never,Frequently,Unhealthy,Never,No,No,26.24,0
50,Male,173.5,113.7,101.0,6.8,152.0,75.0,No,No,54.0,Never,Never,Healthy,Occasionally,N/A,N/A,37.77,0
70,Female,157.3,50.4,55.0,4.0,127.0,72.0,No,No,179.0,Never,Occasionally,Average,Never,No,No,20.37,0
34,Female,150.2,86.5,87.0,5.2,110.0,70.0,No,No,223.0,Never,Occasionally,Average,Occasionally,No,No,38.34,1
33,Female,159.9,45.0,106.0,6.3,133.0,82.0,No,No,141.0,Never,Occasionally,Healthy,Occasionally,N/A,No,17.6,0
21,Female,160.0,86.1,79.0,4.8,89.0,76.0,Yes,No,19.0,Former,Frequently,Unhealthy,Occasionally,No,No,33.63,0
47,Female,153.6,93.6,121.0,4.6,118.0,64.0,No,No,20.0,Former,Frequently,Average,Never,No,Yes,39.67,0
33,Female,175.2,60.5,110.0,6.3,139.0,82.0,No,No,199.0,Former,Never,Unhealthy,Never,No,No,19.71,0
84,Male,187.7,84.8,94.0,7.5,126.0,74.0,No,No,334.0,Former,Occasionally,Average,Frequently,N/A,N/A,24.07,0
78,Female,159.4,93.9,89.0,6.6,122.0,75.0,No,Yes,134.0,Former,Occasionally,Unhealthy,Occasionally,No,Yes,36.96,0
77,Female,163.4,56.5,88.0,4.7,113.0,64.0,No,No,243.0,Current,Never,Unhealthy,Frequently,No,No,21.16,0
75,Other,164.7,91.3,129.0,7.2,121.0,80.0,No,No,110.0,Never,Frequently,Average,Occasionally,No,No,33.66,1
49,Male,164.7,91.9,87.0,5.9,124.0,84.0,No,No,197.0,Current,Occasionally,Healthy,Occasionally,N/A,N/A,33.88,0
35,Female,149.3,87.4,113.0,5.3,104.0,94.0,No,No,103.0,Never,Occasionally,Average,Occasionally,Yes,N/A,39.21,1
20,Male,164.8,82.6,85.0,4.7,106.0,51.0,No,No,154.0,Never,Occasionally,Unhealthy,Occasionally,N/A,N/A,30.41,0
78,Male,168.8,97.1,73.0,5.1,184.0,77.0,No,No,30.0,Never,Occasionally,Average,Occasionally,N/A,N/A,34.08,0
66,Male,183.8,98.9,83.0,5.6,116.0,76.0,No,No,87.0,Never,Never,Healthy,Never,N/A,N/A,29.28,0
58,Male,160.9,79.9,83.0,5.9,126.0,80.0,Yes,No,168.0,Current,Frequently,Healthy,Occasionally,N/A,N/A,30.86,0
48,Female,163.1,57.5,120.0,5.7,120.0,66.0,No,No,233.0,Never,Occasionally,Average,Occasionally,N/A,No,21.62,1
51,Male,182.6,95.4,129.0,5.3,143.0,77.0,No,No,153.0,Current,Occasionally,Unhealthy,Occasionally,N/A,N/A,28.61,0
55,Female,166.1,63.2,104.0,6.6,129.0,80.0,No,No,78.0,Never,Occasionally,Average,Never,No,N/A,22.91,0
66,Female,168.2,91.4,111.0,4.8,139.0,85.0,No,No,298.0,Never,Occasionally,Healthy,Occasionally,Yes,No,32.31,0
65,Female,147.8,74.9,86.0,6.4,101.0,92.0,Yes,Yes,191.0,Never,Occasionally,Healthy,Occasionally,No,Yes,34.29,1
31,Female,163.4,59.8,133.0,4.9,98.0,76.0,No,No,0.0,Former,Never,Healthy,Never,No,No,22.4,0
62,Female,160.3,38.0,97.0,6.6,115.0,85.0,No,No,218.0,Former,Never,Healthy,Occasionally,No,Yes,14.79,0
56,Female,169.8,52.4,95.0,5.2,119.0,83.0,No,No,24.0,Current,Occasionally,Healthy,Occasionally,N/A,Yes,18.17,0
45,Male,164.2,85.7,103.0,5.5,133.0,65.0,No,No,38.0,Former,Never,Unhealthy,Frequently,N/A,N/A,31.79,0
67,Female,156.1,38.4,117.0,4.5,126.0,83.0,No,No,221.0,Never,Never,Healthy,Occasionally,No,No,15.76,1
69,Male,166.7,56.9,78.0,5.6,141.0,80.0,Yes,No,174.0,Never,Never,Unhealthy,Never,N/A,N/A,20.48,0
53,Male,180.9,86.4,102.0,5.2,115.0,85.0,No,No,140.0,Never,Frequently,Average,Occasionally,N/A,N/A,26.4,0
22,Male,183.0,57.9,61.0,4.5,97.0,74.0,Yes,No,108.0,Never,Never,Average,Occasionally,N/A,N/A,17.29,0
75,Female,167.0,91.7,105.0,6.2,137.0,95.0,No,No,246.0,Former,Occasionally,Healthy,Occasionally,No,Yes,32.88,0
22,Female,167.1,81.5,67.0,4.5,123.0,83.0,No,No,56.0,Never,Never,Average,Frequently,No,No,29.19,0
57,Male,172.2,63.1,91.0,6.0,144.0,82.0,No,No,77.0,Never,Occasionally,Unhealthy,Frequently,N/A,N/A,21.28,0
45,Male,186.0,62.3,103.0,5.0,122.0,64.0,Yes,No,15.0,Never,Occasionally,Average,Occasionally,N/A,N/A,18.01,0
18,Male,179.5,47.1,112.0,5.0,105.0,78.0,No,No,214.0,Never,Never,Average,Frequently,N/A,N/A,14.62,0
82,Female,168.0,63.3,118.0,5.0,118.0,92.0,No,No,155.0,Former,Never,Unhealthy,Occasionally,No,No,22.43,0
32,Female,167.0,61.5,103.0,4.5,112.0,73.0,No,No,303.0,Never,Never,Average,Never,No,No,22.05,0
74,Female,153.3,70.7,141.0,6.0,106.0,76.0,No,No,71.0,Never,Never,Healthy,Never,Yes,No,30.08,1
41,Female,158.0,72.7,114.0,5.4,113.0,68.0,Yes,No,33.0,Never,Occasionally,Unhealthy,Never,No,Yes,29.12,0
58,Female,171.2,90.7,104.0,5.2,152.0,83.0,Yes,No,123.0,Never,Never,Average,Occasionally,Yes,N/A,30.95,1
46,Male,163.9,83.3,97.0,6.4,111.0,84.0,No,No,146.0,Never,Occasionally,Unhealthy,Occasionally,N/A,N/A,31.01,0
78,Male,172.5,91.9,84.0,6.4,124.0,59.0,No,No,199.0,Never,Frequently,Average,Occasionally,N/A,N/A,30.88,0
38,Female,161.0,69.8,89.0,5.8,99.0,77.0,No,No,317.0,Never,Occasionally,Unhealthy,Occasionally,No,Yes,26.93,0
66,Female,166.7,91.6,122.0,7.3,151.0,81.0,No,No,119.0,Never,Occasionally,Unhealthy,Occasionally,N/A,No,32.96,1
18,Male,176.5,87.8,75.0,4.6,103.0,71.0,Yes,No,179.0,Former,Occasionally,Unhealthy,Occasionally,N/A,N/A,28.18,0
63,Female,162.1,67.4,89.0,7.2,132.0,64.0,Yes,No,378.0,Never,Occasionally,Average,Occasionally,N/A,No,25.65,0
41,Female,162.9,89.3,107.0,4.7,127.0,90.0,No,No,152.0,Current,Occasionally,Unhealthy,Occasionally,No,No,33.65,0
24,Female,165.2,53.7,100.0,5.6,93.0,98.0,No,No,41.0,Former,Never,Average,Occasionally,No,No,19.68,0
32,Female,174.2,73.3,101.0,5.8,129.0,65.0,No,No,191.0,Current,Occasionally,Average,Occasionally,No,No,24.16,0
19,Female,157.1,93.8,56.0,4.3,117.0,89.0,No,No,149.0,Former,Occasionally,Unhealthy,Occasionally,No,No,38.01,0
23,Female,163.5,43.2,87.0,5.6,87.0,75.0,No,No,223.0,Former,Never,Healthy,Occasionally,N/A,No,16.16,0
71,Male,185.8,83.7,133.0,5.0,124.0,90.0,No,No,79.0,Never,Occasionally,Average,Never,N/A,N/A,24.25,0
64,Male,178.8,89.7,85.0,6.4,139.0,84.0,No,No,93.0,Never,Occasionally,Average,Frequently,N/A,N/A,28.06,0
24,Female,170.8,52.0,106.0,5.9,115.0,78.0,No,No,314.0,Never,Occasionally,Unhealthy,Never,No,No,17.82,0
76,Male,183.4,85.1,101.0,4.2,149.0,94.0,No,No,264.0,Never,Never,Average,Never,N/A,N/A,25.3,0
73,Male,186.4,84.0,105.0,4.8,132.0,71.0,No,No,72.0,Former,Occasionally,Unhealthy,Occasionally,N/A,N/A,24.18,0
78,Male,174.3,86.8,93.0,4.7,95.0,87.0,No,No,129.0,Never,Frequently,Healthy,Occasionally,N/A,N/A,28.57,0
48,Female,168.0,100.1,77.0,5.3,106.0,80.0,No,No,37.0,Current,Never,Healthy,Frequently,No,N/A,35.47,0
70,Male,169.9,69.6,83.0,5.3,153.0,98.0,Yes,No,321.0,Current,Occasionally,Average,Occasionally,N/A,N/A,24.11,0
61,Male,178.4,121.6,102.0,6.3,127.0,68.0,Yes,No,101.0,Former,Never,Healthy,Occasionally,N/A,N/A,38.21,0
72,Female,154.2,76.0,77.0,5.4,137.0,81.0,No,No,142.0,Former,Occasionally,Healthy,Frequently,No,No,31.96,0
34,Female,164.8,82.5,105.0,6.2,134.0,68.0,Yes,No,129.0,Never,Occasionally,Healthy,Occasionally,No,No,30.38,0
45,Male,165.9,66.7,89.0,5.4,124.0,75.0,No,No,92.0,Former,Frequently,Average,Occasionally,N/A,N/A,24.23,0
48,Male,175.3,84.7,88.0,5.7,121.0,78.0,No,No,262.0,Former,Occasionally,Average,Occasionally,N/A,N/A,27.56,0
53,Female,155.8,63.2,111.0,5.3,123.0,72.0,No,No,106.0,Former,Occasionally,Unhealthy,Frequently,N/A,No,26.04,0
60,Female,155.4,69.0,120.0,5.8,113.0,70.0,No,No,390.0,Never,Occasionally,Average,Occasionally,N/A,No,28.57,1
74,Male,193.1,108.9,97.0,5.8,144.0,92.0,No,No,254.0,Current,Occasionally,Average,Frequently,N/A,N/A,29.21,0
78,Male,180.9,56.5,105.0,6.1,142.0,92.0,Yes,No,79.0,Current,Occasionally,Unhealthy,Occasionally,N/A,N/A,17.27,0
82,Male,169.1,64.3,110.0,6.0,149.0,92.0,No,No,285.0,Never,Occasionally,Average,Occasionally,N/A,N/A,22.49,0
42,Female,159.6,74.8,118.0,5.7,95.0,70.0,Yes,No,74.0,Current,Occasionally,Average,Occasionally,N/A,No,29.37,0
61,Female,158.9,61.5,81.0,5.5,103.0,81.0,Yes,No,73.0,Never,Frequently,Healthy,Occasionally,No,Yes,24.36,0
50,Male,160.2,79.5,82.0,5.3,102.0,94.0,No,No,70.0,Former,Frequently,Average,Occasionally,N/A,N/A,30.98,0
43,Female,164.0,72.5,79.0,5.9,104.0,69.0,No,No,156.0,Current,Never,Healthy,Never,No,No,26.96,0
73,Female,155.1,72.4,136.0,7.6,138.0,79.0,No,No,126.0,Current,Occasionally,Average,Occasionally,No,No,30.1,0
57,Male,168.7,68.0,121.0,7.2,108.0,72.0,No,No,129.0,Current,Occasionally,Unhealthy,Occasionally,N/A,N/A,23.89,0
35,Male,164.0,104.8,77.0,6.4,99.0,72.0,No,No,115.0,Current,Frequently,Healthy,Occasionally,N/A,N/A,38.96,0
58,Male,169.3,95.3,113.0,7.2,140.0,85.0,Yes,No,269.0,Former,Never,Average,Never,N/A,N/A,33.25,0
47,Female,162.7,71.0,79.0,5.4,106.0,78.0,Yes,No,60.0,Never,Occasionally,Average,Occasionally,No,No,26.82,0
79,Female,170.9,57.5,70.0,5.7,138.0,78.0,Yes,No,0.0,Current,Occasionally,Healthy,Occasionally,No,No,19.69,0
32,Female,163.1,68.2,98.0,6.0,134.0,80.0,No,No,260.0,Current,Occasionally,Average,Never,No,No,25.64,0
36,Male,186.1,87.0,102.0,5.2,123.0,83.0,Yes,Yes,132.0,Never,Never,Healthy,Never,N/A,N/A,25.12,1
62,Male,173.3,74.0,119.0,4.9,135.0,74.0,No,No,0.0,Former,Frequently,Average,Occasionally,N/A,N/A,24.64,0
39,Female,167.0,51.8,158.0,4.6,134.0,67.0,Yes,No,34.0,Never,Frequently,Healthy,Frequently,No,No,18.57,0
26,Female,167.9,79.6,58.0,4.7,116.0,70.0,Yes,No,225.0,Never,Occasionally,Healthy,Frequently,Yes,No,28.24,0
80,Male,176.7,71.7,59.0,4.6,129.0,65.0,No,No,188.0,Current,Never,Healthy,Occasionally,N/A,N/A,22.96,0
39,Male,178.3,91.4,75.0,5.6,116.0,76.0,No,No,107.0,Current,Frequently,Unhealthy,Occasionally,N/A,N/A,28.75,0
57,Female,162.8,98.2,92.0,4.3,109.0,85.0,No,No,50.0,Never,Never,Average,Never,Yes,No,37.05,0
47,Female,157.3,88.8,117.0,5.1,124.0,80.0,No,Yes,113.0,Current,Occasionally,Unhealthy,Occasionally,N/A,No,35.89,0
83,Male,171.0,96.7,90.0,4.9,157.0,91.0,No,Yes,420.0,Never,Occasionally,Average,Occasionally,N/A,N/A,33.07,0
31,Female,165.6,65.1,88.0,4.5,131.0,65.0,No,No,84.0,Never,Occasionally,Unhealthy,Never,N/A,No,23.74,0
51,Male,170.4,107.0,111.0,3.5,149.0,71.0,No,No,95.0,Never,Never,Healthy,Occasionally,N/A,N/A,36.85,0
28,Female,152.3,73.7,65.0,4.6,137.0,87.0,No,No,0.0,Never,Occasionally,Unhealthy,Occasionally,No,No,31.77,0
69,Male,159.4,48.6,102.0,5.1,115.0,57.0,No,No,233.0,Never,Never,Average,Never,N/A,N/A,19.13,0
56,Male,176.2,71.4,101.0,5.8,125.0,65.0,Yes,No,104.0,Current,Occasionally,Average,Frequently,N/A,N/A,23.0,0
41,Male,166.6,69.2,84.0,5.9,102.0,57.0,Yes,No,64.0,Current,Occasionally,Unhealthy,Frequently,N/A,N/A,24.93,0
21,Female,159.2,66.5,96.0,4.7,106.0,81.0,No,No,138.0,Never,Frequently,Unhealthy,Frequently,No,No,26.24,0
51,Male,165.5,96.6,91.0,5.0,122.0,75.0,No,Yes,33.0,Never,Occasionally,Average,Never,N/A,N/A,35.27,0
69,Female,165.0,86.3,92.0,5.7,143.0,74.0,No,No,157.0,Never,Occasionally,Average,Occasionally,No,No,31.7,0
48,Female,153.4,94.3,114.0,5.9,125.0,80.0,Yes,No,120.0,Never,Occasionally,Average,Frequently,No,No,40.07,0
72,Female,158.4,91.5,138.0,6.1,161.0,82.0,No,No,185.0,Former,Occasionally,Average,Never,Yes,No,36.47,0
65,Male,168.6,81.3,119.0,6.1,130.0,87.0,Yes,No,199.0,Never,Occasionally,Average,Occasionally,N/A,N/A,28.6,1
61,Female,165.9,79.7,125.0,6.0,133.0,70.0,No,No,49.0,Never,Occasionally,Healthy,Never,No,No,28.96,0
22,Female,164.4,76.1,72.0,5.7,114.0,74.0,No,No,140.0,Former,Never,Average,Occasionally,No,Yes,28.16,0
49,Male,178.3,71.9,101.0,6.2,85.0,90.0,No,Yes,137.0,Never,Frequently,Average,Occasionally,N/A,N/A,22.62,0
49,Female,167.9,68.0,59.0,5.9,121.0,91.0,Yes,No,94.0,Never,Never,Unhealthy,Occasionally,No,No,24.12,0
60,Other,160.4,67.3,90.0,6.7,138.0,72.0,Yes,No,0.0,Former,Frequently,Average,Frequently,No,No,26.16,0
56,Male,155.0,77.7,128.0,5.2,120.0,82.0,No,No,209.0,Never,Occasionally,Unhealthy,Occasionally,N/A,N/A,32.34,1
46,Female,171.2,46.6,89.0,3.8,121.0,78.0,No,No,353.0,Never,Occasionally,Unhealthy,Frequently,N/A,No,15.9,0
66,Male,182.3,85.2,77.0,5.1,118.0,69.0,Yes,No,189.0,Current,Frequently,Average,Occasionally,N/A,N/A,25.64,0
46,Male,176.6,91.1,87.0,6.0,93.0,68.0,Yes,No,323.0,Never,Occasionally,Unhealthy,Never,N/A,N/A,29.21,0
57,Male,168.4,63.0,100.0,5.6,144.0,70.0,Yes,No,324.0,Never,Never,Average,Occasionally,N/A,N/A,22.22,0
45,Male,172.2,40.8,80.0,6.0,137.0,65.0,No,No,30.0,Never,Occasionally,Unhealthy,Frequently,N/A,N/A,13.76,0
39,Female,157.9,83.7,88.0,5.1,120.0,74.0,No,No,247.0,Current,Never,Unhealthy,Frequently,No,No,33.57,0
43,Female,177.3,67.3,100.0,5.5,113.0,70.0,Yes,No,100.0,Current,Occasionally,Healthy,Occasionally,No,No,21.41,0
46,Female,175.8,87.9,89.0,5.3,137.0,93.0,No,No,105.0,Never,Never,Healthy,Occasionally,No,No,28.44,0
56,Other,161.4,67.0,103.0,6.7,127.0,89.0,Yes,No,93.0,Never,Frequently,Healthy,Occasionally,No,No,25.72,0
40,Female,148.7,68.8,71.0,5.4,114.0,65.0,Yes,No,130.0,Never,Occasionally,Average,Never,No,No,31.11,0
27,Male,184.6,80.7,109.0,7.2,122.0,75.0,No,No,199.0,Never,Occasionally,Average,Occasionally,N/A,N/A,23.68,0
40,Female,162.8,74.6,110.0,6.5,115.0,91.0,No,No,300.0,Never,Never,Average,Occasionally,N/A,N/A,28.15,0
60,Female,170.5,58.8,55.0,4.8,144.0,96.0,No,No,194.0,Never,Never,Average,Occasionally,No,No,20.23,0
72,Female,166.4,96.8,124.0,5.0,161.0,69.0,No,No,126.0,Current,Occasionally,Average,Frequently,Yes,No,34.96,0
80,Male,170.6,77.5,83.0,4.3,117.0,79.0,Yes,No,77.0,Former,Occasionally,Average,Occasionally,N/A,N/A,26.63,0
36,Female,178.4,58.6,71.0,4.3,106.0,70.0,No,No,254.0,Never,Occasionally,Unhealthy,Occasionally,No,No,18.41,0
81,Female,156.0,56.2,59.0,4.5,122.0,89.0,Yes,No,139.0,Current,Occasionally,Average,Never,No,N/A,23.09,0
71,Male,180.0,80.1,109.0,5.8,141.0,101.0,No,Yes,0.0,Former,Occasionally,Healthy,Occasionally,N/A,N/A,24.72,1
32,Female,166.0,78.9,57.0,5.7,122.0,78.0,No,No,127.0,Never,Occasionally,Average,Never,No,No,28.63,0
69,Female,141.3,50.7,95.0,6.5,114.0,100.0,No,No,121.0,Never,Occasionally,Unhealthy,Frequently,No,No,25.39,0
44,Male,163.4,83.8,110.0,5.3,129.0,74.0,No,No,82.0,Current,Frequently,Average,Occasionally,N/A,N/A,31.39,0
42,Male,170.4,64.7,67.0,5.4,128.0,70.0,No,No,170.0,Never,Occasionally,Unhealthy,Occasionally,N/A,N/A,22.28,0
80,Male,179.8,82.0,102.0,5.3,133.0,93.0,No,No,195.0,Former,Frequently,Unhealthy,Frequently,N/A,N/A,25.36,0
38,Female,151.5,83.3,89.0,6.8,132.0,80.0,No,No,188.0,Current,Occasionally,Average,Occasionally,No,No,36.29,0
67,Male,168.1,71.0,104.0,5.4,110.0,97.0,Yes,No,44.0,Never,Occasionally,Average,Occasionally,N/A,N/A,25.13,0
31,Male,164.5,98.4,118.0,3.6,124.0,91.0,No,No,104.0,Never,Occasionally,Unhealthy,Occasionally,N/A,N/A,36.36,0
29,Male,168.6,66.8,58.0,5.6,119.0,66.0,No,No,98.0,Former,Occasionally,Average,Occasionally,N/A,N/A,23.5,0
32,Male,182.7,78.0,78.0,4.9,104.0,80.0,No,No,54.0,Never,Occasionally,Healthy,Occasionally,N/A,N/A,23.37,0
18,Male,174.5,87.5,105.0,5.3,88.0,68.0,No,No,148.0,Never,Occasionally,Healthy,Frequently,N/A,N/A,28.74,0
32,Female,164.8,66.1,90.0,5.3,118.0,79.0,No,No,311.0,Former,Occasionally,Unhealthy,Occasionally,No,No,24.34,0
68,Male,182.3,80.7,128.0,7.3,132.0,74.0,No,No,176.0,Never,Never,Average,Occasionally,N/A,N/A,24.28,0
82,Female,158.2,65.7,97.0,6.0,100.0,86.0,No,No,231.0,Current,Frequently,Unhealthy,Frequently,No,No,26.25,0
76,Female,146.0,76.9,107.0,6.4,106.0,88.0,No,No,147.0,Never,Frequently,Average,Frequently,No,No,36.08,1
61,Female,173.1,61.8,133.0,5.7,134.0,101.0,No,Yes,79.0,Never,Occasionally,Average,Occasionally,No,No,20.63,0
24,Female,166.6,96.2,111.0,5.9,134.0,72.0,No,No,143.0,Never,Occasionally,Average,Never,No,No,34.66,0
85,Male,176.4,80.9,82.0,5.5,131.0,84.0,No,No,206.0,Current,Never,Average,Never,N/A,N/A,26.0,0
52,Female,151.3,47.7,123.0,6.9,111.0,55.0,Yes,No,161.0,Current,Never,Healthy,Never,Yes,No,20.84,0
75,Male,179.3,89.2,110.0,6.7,114.0,96.0,No,No,106.0,Current,Never,Average,Occasionally,N/A,N/A,27.75,0
61,Male,157.4,68.6,91.0,6.3,142.0,75.0,Yes,No,156.0,Former,Never,Average,Occasionally,N/A,N/A,27.69,0
65,Male,161.1,76.3,108.0,5.9,152.0,72.0,Yes,No,231.0,Never,Occasionally,Healthy,Occasionally,N/A,N/A,29.4,0
18,Female,167.7,94.0,81.0,4.9,129.0,73.0,No,No,119.0,Never,Never,Average,Occasionally,No,No,33.42,0
28,Male,160.2,90.4,91.0,4.6,108.0,68.0,No,No,112.0,Current,Never,Healthy,Occasionally,N/A,N/A,35.22,0
19,Male,179.9,89.8,97.0,6.4,111.0,69.0,No,No,222.0,Never,Frequently,Average,Frequently,N/A,N/A,27.75,0
74,Male,173.5,73.3,83.0,5.0,103.0,80.0,No,No,186.0,Never,Occasionally,Average,Frequently,N/A,N/A,24.35,0
56,Female,164.6,79.2,107.0,6.1,131.0,81.0,No,No,316.0,Current,Occasionally,Unhealthy,Never,Yes,No,29.23,0
84,Male,182.4,91.2,103.0,6.3,132.0,71.0,No,No,324.0,Never,Never,Healthy,Frequently,N/A,N/A,27.41,1
49,Female,167.2,75.9,127.0,4.9,110.0,82.0,No,No,172.0,Never,Never,Unhealthy,Frequently,No,No,27.15,0
32,Male,163.9,82.2,71.0,5.0,108.0,73.0,No,No,149.0,Never,Occasionally,Average,Never,N/A,N/A,30.6,0
31,Female,168.3,84.3,94.0,5.2,110.0,85.0,Yes,No,192.0,Never,Frequently,Average,Occasionally,No,N/A,29.76,0
65,Female,145.9,70.3,84.0,5.5,132.0,84.0,Yes,No,200.0,Never,Never,Unhealthy,Frequently,No,No,33.03,0
38,Male,171.6,43.9,112.0,5.2,121.0,71.0,No,No,252.0,Former,Occasionally,Healthy,Occasionally,N/A,N/A,14.91,0
19,Male,189.9,61.4,90.0,6.0,120.0,84.0,Yes,No,263.0,Never,Occasionally,Average,Occasionally,N/A,N/A,17.03,0
35,Male,175.2,84.6,83.0,6.4,120.0,68.0,No,No,0.0,Never,Occasionally,Average,Never,N/A,N/A,27.56,0
23,Male,181.6,104.1,115.0,6.4,118.0,89.0,No,No,255.0,Never,Frequently,Healthy,Frequently,N/A,N/A,31.57,0
73,Male,166.0,72.2,102.0,6.7,144.0,98.0,No,No,51.0,Former,Occasionally,Average,Occasionally,N/A,N/A,26.2,1
27,Female,172.1,68.2,62.0,5.4,100.0,62.0,No,No,190.0,Current,Never,Average,Never,N/A,N/A,23.03,0
35,Male,173.6,43.9,67.0,5.1,112.0,59.0,No,No,146.0,Never,Occasionally,Average,Frequently,N/A,N/A,14.57,0
43,Female,163.9,87.0,103.0,7.4,141.0,63.0,No,No,158.0,Never,Occasionally,Average,Occasionally,No,No,32.39,0
62,Male,171.7,73.0,92.0,6.0,130.0,67.0,No,No,220.0,Former,Occasionally,Unhealthy,Occasionally,N/A,N/A,24.76,0
74,Male,171.3,95.6,119.0,5.2,147.0,105.0,No,No,0.0,Never,Occasionally,Average,Occasionally,N/A,N/A,32.58,0
20,Male,171.3,98.0,111.0,5.2,113.0,78.0,No,No,279.0,Never,Frequently,Unhealthy,Occasionally,N/A,N/A,33.4,0
36,Female,155.6,83.0,73.0,5.3,106.0,76.0,No,No,0.0,Never,Occasionally,Healthy,Occasionally,No,No,34.28,0
28,Female,168.8,42.5,93.0,4.6,109.0,68.0,No,No,344.0,Never,Never,Average,Frequently,No,No,14.92,0
45,Male,183.9,113.0,55.0,5.7,131.0,70.0,No,No,0.0,Former,Occasionally,Unhealthy,Occasionally,N/A,N/A,33.41,0
69,Female,163.3,63.7,99.0,6.7,136.0,83.0,Yes,No,0.0,Never,Never,Unhealthy,Occasionally,No,Yes,23.89,1
52,Male,161.6,95.2,128.0,7.0,134.0,74.0,Yes,No,0.0,Never,Never,Healthy,Frequently,N/A,N/A,36.45,0
60,Female,164.3,56.8,88.0,6.5,120.0,82.0,No,No,126.0,Former,Occasionally,Unhealthy,Frequently,No,No,21.04,0
25,Male,181.8,66.0,76.0,7.2,101.0,77.0,Yes,No,308.0,Former,Never,Average,Frequently,N/A,N/A,19.97,0
33,Female,145.6,67.9,86.0,4.8,104.0,76.0,No,No,267.0,Current,Never,Average,Occasionally,No,No,32.03,0
61,Male,172.1,61.3,98.0,6.7,121.0,84.0,No,No,171.0,Current,Never,Healthy,Occasionally,N/A,N/A,20.7,0
51,Male,180.8,106.8,66.0,6.6,154.0,64.0,Yes,No,0.0,Never,Occasionally,Healthy,Never,N/A,N/A,32.67,0
24,Female,166.3,53.1,72.0,4.6,125.0,70.0,Yes,No,310.0,Former,Occasionally,Healthy,Occasionally,No,Yes,19.2,0
70,Female,156.9,86.9,78.0,5.9,132.0,84.0,Yes,No,39.0,Current,Occasionally,Unhealthy,Never,N/A,Yes,35.3,1
48,Male,173.1,96.8,108.0,5.7,115.0,78.0,No,No,126.0,Former,Never,Average,Occasionally,N/A,N/A,32.31,0
46,Female,141.1,68.5,77.0,4.2,114.0,64.0,No,No,58.0,Never,Occasionally,Unhealthy,Frequently,No,No,34.41,0
20,Other,170.5,80.7,55.0,5.9,126.0,73.0,No,No,87.0,Former,Occasionally,Average,Never,No,No,27.76,0
31,Female,154.9,73.5,106.0,5.2,125.0,53.0,Yes,No,109.0,Never,Never,Average,Occasionally,No,No,30.63,1
43,Male,181.2,82.8,96.0,5.7,85.0,83.0,Yes,No,196.0,Current,Occasionally,Healthy,Occasionally,N/A,N/A,25.22,0
62,Male,175.0,77.8,99.0,7.0,151.0,85.0,No,No,370.0,Current,Occasionally,Unhealthy,Occasionally,N/A,N/A,25.4,0
46,Male,170.6,71.7,107.0,5.9,128.0,78.0,Yes,No,264.0,Never,Frequently,Healthy,Occasionally,N/A,N/A,24.64,0
37,Male,182.5,76.7,111.0,6.0,117.0,58.0,No,No,167.0,Never,Never,Unhealthy,Occasionally,N/A,N/A,23.03,0
84,Female,159.5,92.8,125.0,6.6,146.0,88.0,No,No,88.0,Never,Occasionally,Average,Frequently,No,No,36.48,0
64,Female,163.6,66.0,109.0,5.7,98.0,68.0,No,No,257.0,Never,Occasionally,Unhealthy,Frequently,No,No,24.66,0
18,Female,160.5,85.2,81.0,5.1,121.0,79.0,Yes,No,220.0,Former,Never,Average,Occasionally,No,No,33.07,1
21,Other,163.3,63.6,140.0,4.5,107.0,97.0,No,No,217.0,Former,Occasionally,Average,Occasionally,No,No,23.85,0
64,Male,166.9,79.1,94.0,6.6,142.0,66.0,No,No,277.0,Never,Occasionally,Average,Never,N/A,N/A,28.4,0
35,Male,178.9,58.7,77.0,5.2,111.0,67.0,No,No,252.0,Current,Frequently,Healthy,Never,N/A,N/A,18.34,0
31,Female,146.8,79.3,110.0,6.3,118.0,66.0,Yes,No,126.0,Former,Occasionally,Average,Never,No,No,36.8,0
74,Female,170.4,75.5,88.0,6.8,145.0,76.0,Yes,Yes,263.0,Current,Never,Average,Occasionally,No,No,26.0,1
76,Male,180.4,81.7,128.0,6.1,126.0,90.0,No,No,93.0,Former,Occasionally,Average,Occasionally,N/A,N/A,25.1,1
77,Male,172.9,53.1,93.0,6.1,117.0,75.0,Yes,No,227.0,Never,Frequently,Average,Occasionally,N/A,N/A,17.76,0
84,Female,167.3,80.5,108.0,5.0,133.0,88.0,No,Yes,89.0,Never,Occasionally,Average,Occasionally,No,No,28.76,1
68,Female,175.1,68.2,121.0,6.9,100.0,68.0,Yes,Yes,61.0,Never,Occasionally,Unhealthy,Occasionally,N/A,N/A,22.24,1
29,Female,160.3,56.6,79.0,4.6,134.0,74.0,Yes,No,119.0,Never,Never,Unhealthy,Occasionally,N/A,No,22.03,0
48,Female,170.5,59.4,99.0,4.5,119.0,82.0,Yes,No,35.0,Current,Occasionally,Unhealthy,Frequently,N/A,No,20.43,0
74,Female,161.1,92.7,69.0,5.8,131.0,83.0,No,No,36.0,Never,Occasionally,Average,Occasionally,Yes,No,35.72,0
36,Female,162.1,91.8,101.0,6.5,117.0,90.0,No,No,54.0,Former,Frequently,Average,Never,No,No,34.94,0
55,Male,171.6,83.8,123.0,5.9,134.0,76.0,No,No,186.0,Never,Occasionally,Average,Occasionally,N/A,N/A,28.46,0
20,Male,166.9,54.6,68.0,4.1,101.0,75.0,No,No,282.0,Former,Occasionally,Average,Occasionally,N/A,N/A,19.6,0
38,Female,167.4,90.6,115.0,5.5,148.0,86.0,Yes,No,93.0,Never,Occasionally,Unhealthy,Occasionally,No,No,32.33,0
24,Other,143.2,69.9,71.0,5.2,121.0,93.0,Yes,No,115.0,Former,Never,Average,Occasionally,No,Yes,34.09,0
70,Female,166.8,45.4,88.0,4.9,109.0,91.0,No,No,196.0,Never,Occasionally,Healthy,Never,No,No,16.32,0
49,Male,180.2,99.7,84.0,6.9,116.0,73.0,Yes,No,45.0,Never,Occasionally,Unhealthy,Never,N/A,N/A,30.7,0
62,Male,170.7,82.9,108.0,6.2,130.0,97.0,No,No,59.0,Never,Occasionally,Average,Occasionally,N/A,N/A,28.45,0
33,Male,174.8,55.9,70.0,4.2,114.0,70.0,No,No,137.0,Former,Frequently,Unhealthy,Occasionally,N/A,N/A,18.29,0
59,Female,167.7,86.0,125.0,4.8,125.0,72.0,No,No,150.0,Former,Occasionally,Average,Frequently,N/A,No,30.58,0
75,Female,154.7,77.9,116.0,5.3,103.0,89.0,Yes,No,0.0,Never,Occasionally,Average,Occasionally,No,No,32.55,0
35,Male,171.5,66.3,89.0,6.0,121.0,72.0,No,No,70.0,Never,Never,Average,Occasionally,N/A,N/A,22.54,0
65,Female,152.7,63.5,128.0,6.1,172.0,82.0,Yes,No,150.0,Never,Occasionally,Average,Occasionally,No,No,27.23,0
51,Female,154.9,51.0,78.0,6.9,104.0,87.0,No,No,133.0,Never,Never,Unhealthy,Occasionally,No,Yes,21.26,0
38,Female,160.5,57.6,98.0,4.7,100.0,89.0,No,No,310.0,Never,Frequently,Healthy,Occasionally,No,No,22.36,0
36,Female,149.3,67.7,75.0,4.2,129.0,82.0,No,No,108.0,Never,Frequently,Healthy,Occasionally,No,No,30.37,0
38,Female,157.4,91.2,106.0,5.0,148.0,80.0,No,No,36.0,Never,Never,Average,Frequently,No,No,36.81,0
44,Male,167.7,52.3,106.0,6.5,117.0,73.0,No,No,95.0,Former,Never,Healthy,Occasionally,N/A,N/A,18.6,0
69,Male,170.2,55.4,89.0,6.4,134.0,82.0,No,No,319.0,Never,Occasionally,Average,Occasionally,N/A,N/A,19.12,0
65,Female,157.1,67.8,73.0,6.5,139.0,83.0,Yes,No,86.0,Current,Frequently,Unhealthy,Frequently,No,No,27.47,0
83,Female,155.3,56.9,103.0,7.0,130.0,79.0,Yes,No,68.0,Current,Never,Average,Occasionally,No,No,23.59,1
21,Female,162.7,95.0,107.0,6.0,85.0,75.0,No,No,374.0,Current,Occasionally,Unhealthy,Occasionally,No,Yes,35.89,0
29,Male,188.9,97.5,76.0,6.0,114.0,74.0,No,No,112.0,Former,Occasionally,Healthy,Frequently,N/A,N/A,27.32,0
83,Male,182.2,73.5,88.0,6.2,124.0,85.0,No,No,182.0,Never,Never,Average,Never,N/A,N/A,22.14,0
48,Female,170.9,59.0,104.0,5.0,118.0,84.0,No,No,247.0,Never,Occasionally,Healthy,Never,No,No,20.2,0
25,Female,151.9,106.2,118.0,5.9,148.0,74.0,No,No,323.0,Current,Frequently,Average,Occasionally,Yes,No,46.03,0
84,Female,158.2,95.2,107.0,6.3,173.0,88.0,No,Yes,149.0,Current,Never,Unhealthy,Occasionally,No,Yes,38.04,0
64,Female,160.2,41.1,93.0,6.1,127.0,81.0,No,No,213.0,Former,Never,Average,Frequently,No,No,16.01,0
25,Male,176.5,51.6,88.0,3.5,105.0,93.0,No,No,0.0,Former,Occasionally,Unhealthy,Never,N/A,N/A,16.56,0
48,Male,178.6,79.3,55.0,5.4,136.0,88.0,No,No,0.0,Never,Occasionally,Healthy,Never,N/A,N/A,24.86,0
30,Female,172.3,50.6,63.0,4.7,104.0,82.0,Yes,No,74.0,Former,Occasionally,Average,Occasionally,No,No,17.04,0
35,Female,160.8,64.8,76.0,5.3,140.0,90.0,No,No,242.0,Former,Never,Average,Never,No,No,25.06,0
77,Male,175.3,64.5,87.0,5.0,123.0,78.0,No,No,30.0,Current,Never,Healthy,Frequently,N/A,N/A,20.99,0
28,Female,174.4,63.5,74.0,5.7,88.0,72.0,No,No,280.0,Current,Frequently,Unhealthy,Frequently,No,No,20.88,0
18,Male,178.7,77.2,109.0,3.9,106.0,79.0,No,No,265.0,Never,Occasionally,Average,Never,N/A,N/A,24.18,0
20,Male,177.2,83.4,71.0,5.0,139.0,79.0,No,No,179.0,Never,Occasionally,Unhealthy,Never,N/A,N/A,26.56,0
59,Female,145.3,63.2,93.0,5.9,141.0,65.0,No,No,53.0,Never,Never,Average,Never,No,No,29.94,0
21,Male,168.2,55.8,62.0,5.1,96.0,57.0,No,No,55.0,Never,Occasionally,Unhealthy,Occasionally,N/A,N/A,19.72,0
19,Female,176.5,92.7,66.0,6.3,105.0,60.0,No,No,40.0,Former,Frequently,Average,Occasionally,Yes,No,29.76,0
75,Male,172.1,77.7,87.0,4.9,123.0,88.0,No,No,117.0,Never,Occasionally,Healthy,Occasionally,N/A,N/A,26.23,0
50,Other,167.0,38.0,93.0,5.3,152.0,75.0,No,No,127.0,Former,Occasionally,Healthy,Never,N/A,No,13.63,0
74,Male,161.2,69.3,111.0,3.8,97.0,85.0,No,Yes,230.0,Former,Never,Average,Frequently,N/A,N/A,26.67,0
84,Male,169.7,111.2,122.0,7.1,148.0,71.0,No,Yes,117.0,Current,Occasionally,Average,Occasionally,N/A,N/A,38.61,1
84,Male,173.6,87.2,107.0,6.1,153.0,70.0,No,No,130.0,Never,Occasionally,Unhealthy,Occasionally,N/A,N/A,28.93,0
51,Female,152.4,79.2,84.0,6.3,102.0,107.0,Yes,No,137.0,Current,Occasionally,Healthy,Occasionally,No,N/A,34.1,0
25,Male,175.6,56.5,62.0,4.5,102.0,70.0,No,No,5.0,Current,Occasionally,Average,Frequently,N/A,N/A,18.32,0
55,Female,156.6,68.4,99.0,6.2,126.0,89.0,No,No,0.0,Never,Occasionally,Healthy,Never,No,No,27.89,0
81,Female,159.5,66.2,135.0,7.2,126.0,58.0,No,No,250.0,Former,Occasionally,Unhealthy,Occasionally,No,No,26.02,1
76,Other,163.1,54.0,60.0,5.6,99.0,80.0,No,No,0.0,Never,Occasionally,Average,Never,No,No,20.3,0
72,Male,171.8,88.5,88.0,6.0,130.0,88.0,No,No,169.0,Current,Occasionally,Average,Occasionally,N/A,N/A,29.98,0
68,Female,170.6,94.9,58.0,5.4,150.0,88.0,No,No,79.0,Never,Frequently,Unhealthy,Frequently,No,N/A,32.61,0
61,Female,163.2,43.4,74.0,6.1,106.0,80.0,No,No,0.0,Never,Never,Healthy,Never,N/A,No,16.29,0
35,Male,182.0,105.0,60.0,6.0,114.0,79.0,No,No,142.0,Never,Frequently,Average,Occasionally,N/A,N/A,31.7,0
45,Male,166.6,89.3,74.0,6.0,117.0,77.0,Yes,No,125.0,Never,Frequently,Average,Never,N/A,N/A,32.17,0
37,Female,158.4,45.1,109.0,3.9,119.0,71.0,No,No,112.0,Former,Never,Average,Frequently,No,N/A,17.97,0
50,Female,166.5,53.9,116.0,6.1,110.0,71.0,No,No,301.0,Never,Occasionally,Average,Frequently,N/A,No,19.44,0
52,Other,167.5,68.1,56.0,5.5,104.0,80.0,No,No,243.0,Current,Never,Average,Occasionally,No,No,24.27,0
75,Male,160.7,79.2,122.0,6.8,153.0,83.0,No,No,1.0,Never,Occasionally,Healthy,Occasionally,N/A,N/A,30.67,1
24,Male,161.6,79.7,65.0,5.8,120.0,60.0,No,No,268.0,Current,Occasionally,Average,Occasionally,N/A,N/A,30.52,0
26,Male,186.6,83.7,90.0,5.7,85.0,84.0,Yes,No,15.0,Never,Occasionally,Unhealthy,Occasionally,N/A,N/A,24.04,0
76,Male,172.6,60.2,147.0,5.3,110.0,73.0,No,No,66.0,Never,Frequently,Unhealthy,Frequently,N/A,N/A,20.21,0
34,Female,177.7,90.7,77.0,5.0,151.0,91.0,No,No,96.0,Never,Occasionally,Average,Frequently,N/A,No,28.72,0
48,Female,165.7,68.6,72.0,5.5,138.0,80.0,Yes,No,0.0,Never,Occasionally,Unhealthy,Occasionally,No,Yes,24.98,0
24,Female,165.8,55.2,121.0,6.3,95.0,58.0,No,No,51.0,Former,Frequently,Healthy,Frequently,Yes,Yes,20.08,1
19,Male,172.6,83.3,78.0,6.4,126.0,94.0,Yes,No,26.0,Current,Frequently,Average,Never,N/A,N/A,27.96,0
33,Male,157.2,97.4,122.0,4.3,130.0,90.0,Yes,No,0.0,Current,Frequently,Average,Never,N/A,N/A,39.41,1
51,Male,164.0,51.8,89.0,4.5,88.0,77.0,Yes,No,263.0,Never,Frequently,Average,Occasionally,N/A,N/A,19.26,0
66,Male,177.5,85.8,96.0,5.2,113.0,89.0,No,No,234.0,Current,Occasionally,Average,Never,N/A,N/A,27.23,0
42,Male,162.5,74.3,77.0,5.8,137.0,77.0,No,No,333.0,Never,Never,Average,Occasionally,N/A,N/A,28.14,0
53,Male,189.7,73.7,60.0,4.6,115.0,100.0,No,No,80.0,Former,Frequently,Average,Occasionally,N/A,N/A,20.48,0
19,Male,176.6,51.3,93.0,5.4,108.0,91.0,No,No,199.0,Never,Occasionally,Healthy,Occasionally,N/A,N/A,16.45,0
55,Male,179.5,73.4,69.0,5.9,112.0,77.0,No,No,58.0,Current,Never,Average,Frequently,N/A,N/A,22.78,0
78,Female,153.8,43.2,102.0,5.8,123.0,78.0,No,No,198.0,Former,Occasionally,Average,Occasionally,N/A,No,18.26,0
68,Female,169.9,59.8,111.0,4.1,128.0,68.0,Yes,No,155.0,Former,Never,Healthy,Never,No,Yes,20.72,0
72,Male,157.5,98.6,78.0,7.5,126.0,101.0,No,No,171.0,Never,Occasionally,Average,Occasionally,N/A,N/A,39.75,1
43,Male,177.5,83.6,110.0,5.1,114.0,84.0,No,No,283.0,Never,Frequently,Unhealthy,Frequently,N/A,N/A,26.53,1
63,Male,171.7,77.6,78.0,4.9,104.0,74.0,Yes,No,230.0,Current,Occasionally,Average,Never,N/A,N/A,26.32,0
19,Female,154.1,56.3,78.0,5.4,98.0,67.0,No,No,285.0,Never,Occasionally,Unhealthy,Occasionally,No,No,23.71,0
52,Other,175.6,63.9,99.0,5.2,111.0,71.0,No,No,240.0,Current,Occasionally,Healthy,Never,No,No,20.72,0
29,Male,175.6,91.7,104.0,5.0,94.0,93.0,Yes,No,269.0,Former,Occasionally,Healthy,Occasionally,N/A,N/A,29.74,0
77,Female,152.0,62.2,91.0,6.4,109.0,80.0,Yes,No,202.0,Never,Never,Healthy,Never,No,N/A,26.92,0
25,Female,167.8,59.4,113.0,7.2,93.0,65.0,Yes,No,186.0,Never,Never,Average,Occasionally,No,No,21.1,0
60,Male,185.8,89.7,88.0,6.0,118.0,59.0,No,No,233.0,Former,Frequently,Healthy,Occasionally,N/A,N/A,25.98,0
39,Female,166.4,74.0,92.0,5.9,138.0,62.0,No,No,214.0,Never,Occasionally,Average,Never,No,No,26.73,0
27,Male,160.8,65.4,85.0,5.8,115.0,81.0,No,No,69.0,Former,Never,Average,Occasionally,N/A,N/A,25.29,0
67,Female,168.1,38.0,105.0,5.3,121.0,58.0,No,No,4.0,Never,Never,Healthy,Occasionally,No,No,13.45,0
53,Male,169.8,97.4,93.0,6.0,138.0,77.0,No,No,144.0,Former,Occasionally,Healthy,Occasionally,N/A,N/A,33.78,0
50,Male,167.7,99.2,78.0,5.2,142.0,70.0,No,No,103.0,Current,Never,Healthy,Frequently,N/A,N/A,35.27,0
74,Male,165.1,82.4,129.0,6.0,112.0,74.0,No,No,77.0,Never,Occasionally,Unhealthy,Occasionally,N/A,N/A,30.23,0
63,Male,172.3,68.8,62.0,6.6,115.0,84.0,No,No,55.0,Former,Never,Healthy,Frequently,N/A,N/A,23.17,0
75,Male,184.2,121.5,128.0,6.2,148.0,79.0,No,No,327.0,Never,Frequently,Average,Never,N/A,N/A,35.81,0
76,Male,191.4,61.9,127.0,4.8,146.0,82.0,No,No,231.0,Former,Occasionally,Average,Frequently,N/A,N/A,16.9,0
75,Male,161.9,70.6,92.0,4.2,135.0,70.0,No,No,213.0,Never,Frequently,Healthy,Never,N/A,N/A,26.93,0
60,Other,176.6,80.4,69.0,6.5,140.0,73.0,No,No,41.0,Former,Occasionally,Average,Never,No,No,25.78,0
48,Male,171.6,74.3,81.0,5.3,106.0,96.0,Yes,No,205.0,Former,Occasionally,Average,Occasionally,N/A,N/A,25.23,0
82,Male,178.9,80.2,108.0,5.5,138.0,68.0,No,No,189.0,Never,Never,Unhealthy,Occasionally,N/A,N/A,25.06,1
65,Female,148.8,74.9,138.0,6.1,134.0,85.0,No,No,46.0,Former,Occasionally,Healthy,Never,No,No,33.83,0
71,Female,163.0,62.6,105.0,6.8,128.0,65.0,No,No,164.0,Never,Occasionally,Average,Occasionally,N/A,No,23.56,0
62,Female,158.5,105.1,116.0,4.6,144.0,77.0,No,No,0.0,Former,Never,Unhealthy,Occasionally,No,No,41.84,0
82,Male,165.5,79.2,98.0,7.1,146.0,83.0,No,No,107.0,Former,Occasionally,Average,Occasionally,N/A,N/A,28.92,0
56,Female,157.7,66.7,68.0,6.0,129.0,73.0,No,No,152.0,Never,Occasionally,Healthy,Occasionally,No,N/A,26.82,0
38,Male,160.2,103.6,146.0,5.4,113.0,80.0,Yes,No,246.0,Current,Occasionally,Unhealthy,Occasionally,N/A,N/A,40.37,0
38,Other,155.4,72.1,92.0,5.7,126.0,89.0,Yes,No,137.0,Never,Never,Average,Occasionally,No,No,29.86,0
26,Male,166.5,77.6,83.0,6.3,123.0,72.0,Yes,No,351.0,Never,Never,Average,Occasionally,N/A,N/A,27.99,0
45,Male,181.3,71.8,87.0,5.1,87.0,66.0,No,No,216.0,Never,Occasionally,Unhealthy,Frequently,N/A,N/A,21.84,0
24,Male,177.2,73.7,100.0,5.8,135.0,75.0,No,No,228.0,Former,Never,Unhealthy,Occasionally,N/A,N/A,23.47,0
53,Male,180.0,92.1,104.0,5.1,146.0,80.0,Yes,No,165.0,Never,Occasionally,Average,Never,N/A,N/A,28.43,0
28,Male,176.6,84.5,104.0,5.8,119.0,66.0,No,No,15.0,Never,Never,Unhealthy,Never,N/A,N/A,27.09,0
53,Male,158.9,86.3,103.0,5.7,112.0,90.0,No,No,181.0,Never,Never,Healthy,Occasionally,N/A,N/A,34.18,0
33,Female,160.9,78.3,93.0,6.2,115.0,74.0,No,No,136.0,Never,Never,Average,Occasionally,No,N/A,30.24,0
44,Other,170.9,53.9,71.0,6.2,105.0,77.0,No,No,211.0,Never,Frequently,Healthy,Frequently,No,No,18.45,0
19,Female,153.2,89.8,100.0,7.4,117.0,86.0,No,No,186.0,Former,Occasionally,Healthy,Occasionally,No,Yes,38.26,0
79,Female,177.6,98.1,109.0,6.2,130.0,80.0,No,No,112.0,Current,Never,Average,Never,No,No,31.1,0
82,Male,190.4,77.4,89.0,4.7,138.0,68.0,No,No,135.0,Never,Never,Average,Never,N/A,N/A,21.35,0
75,Female,167.7,38.0,69.0,4.9,118.0,81.0,Yes,No,210.0,Never,Occasionally,Average,Never,No,Yes,13.51,0
85,Male,165.4,58.4,108.0,7.1,118.0,91.0,No,Yes,131.0,Former,Never,Healthy,Occasionally,N/A,N/A,21.35,1
84,Female,154.5,81.7,88.0,7.1,162.0,74.0,No,No,186.0,Former,Never,Average,Frequently,No,No,34.23,1
64,Male,193.2,82.7,124.0,5.1,146.0,82.0,No,No,59.0,Never,Frequently,Healthy,Frequently,N/A,N/A,22.16,1
58,Female,159.9,74.7,68.0,5.4,126.0,86.0,No,No,24.0,Current,Occasionally,Healthy,Occasionally,No,No,29.22,0
21,Male,178.9,77.0,106.0,5.8,102.0,68.0,Yes,No,112.0,Never,Never,Average,Occasionally,N/A,N/A,24.06,0
60,Female,155.8,85.8,96.0,5.6,126.0,73.0,No,Yes,164.0,Current,Never,Average,Occasionally,No,No,35.35,0
25,Male,167.3,51.5,89.0,5.3,95.0,80.0,No,No,0.0,Former,Occasionally,Average,Occasionally,N/A,N/A,18.4,0
58,Female,158.5,61.4,73.0,5.0,121.0,67.0,No,No,8.0,Never,Occasionally,Healthy,Never,No,No,24.44,0
43,Male,166.6,71.2,105.0,4.1,100.0,85.0,No,No,165.0,Former,Occasionally,Unhealthy,Occasionally,N/A,N/A,25.65,0
74,Male,168.8,106.5,120.0,7.2,176.0,112.0,No,No,171.0,Never,Occasionally,Healthy,Occasionally,N/A,N/A,37.38,1
39,Female,151.8,84.1,100.0,4.7,102.0,84.0,No,No,0.0,Never,Never,Average,Occasionally,No,No,36.5,0
48,Female,153.3,88.4,123.0,6.6,116.0,70.0,Yes,No,118.0,Never,Never,Healthy,Occasionally,N/A,N/A,37.62,0
73,Female,172.2,74.7,102.0,5.3,139.0,103.0,Yes,No,88.0,Never,Never,Unhealthy,Frequently,Yes,No,25.19,0
78,Male,174.6,67.4,103.0,6.4,141.0,70.0,Yes,No,150.0,Never,Occasionally,Healthy,Frequently,N/A,N/A,22.11,0
46,Female,151.3,57.8,104.0,5.0,128.0,87.0,Yes,No,135.0,Never,Occasionally,Unhealthy,Never,No,No,25.25,1
57,Male,165.6,78.3,81.0,6.0,117.0,70.0,No,No,193.0,Former,Occasionally,Unhealthy,Occasionally,N/A,N/A,28.55,0
70,Female,150.5,75.5,123.0,4.6,134.0,63.0,No,No,0.0,Never,Occasionally,Average,Occasionally,No,No,33.33,0
49,Female,156.4,57.2,140.0,5.9,117.0,77.0,Yes,Yes,152.0,Never,Occasionally,Average,Occasionally,No,No,23.38,0
58,Female,159.4,73.8,86.0,6.1,137.0,91.0,No,No,189.0,Never,Never,Unhealthy,Occasionally,No,No,29.05,0
40,Female,165.9,52.3,83.0,5.2,122.0,79.0,Yes,No,234.0,Never,Occasionally,Healthy,Occasionally,No,No,19.0,0
49,Female,160.8,73.4,74.0,4.4,138.0,80.0,Yes,No,0.0,Former,Occasionally,Average,Occasionally,No,N/A,28.39,0
77,Male,169.8,114.7,98.0,5.3,149.0,107.0,No,No,40.0,Never,Frequently,Average,Occasionally,N/A,N/A,39.78,0
62,Male,166.5,92.3,83.0,6.7,91.0,82.0,No,Yes,253.0,Never,Never,Healthy,Occasionally,N/A,N/A,33.29,0
29,Female,148.0,111.3,97.0,5.9,134.0,57.0,No,No,111.0,Never,Never,Unhealthy,Never,Yes,No,50.81,0
72,Male,164.4,102.5,84.0,4.5,148.0,75.0,No,No,121.0,Never,Occasionally,Average,Never,N/A,N/A,37.92,0
58,Male,155.1,79.9,90.0,6.3,116.0,82.0,Yes,No,25.0,Never,Frequently,Healthy,Never,N/A,N/A,33.21,0
58,Male,178.3,68.1,123.0,3.7,106.0,61.0,No,No,104.0,Current,Never,Unhealthy,Frequently,N/A,N/A,21.42,0
48,Female,140.0,80.5,98.0,5.6,130.0,69.0,No,No,51.0,Never,Never,Unhealthy,Occasionally,No,No,41.07,0
61,Male,170.2,79.9,122.0,5.3,137.0,92.0,Yes,No,159.0,Former,Occasionally,Healthy,Occasionally,N/A,N/A,27.58,0
75,Female,161.3,72.2,89.0,4.9,126.0,75.0,No,No,76.0,Never,Never,Average,Never,No,N/A,27.75,0
69,Male,166.5,79.1,71.0,5.5,134.0,83.0,No,No,125.0,Never,Occasionally,Average,Frequently,N/A,N/A,28.53,0
59,Female,156.6,77.9,104.0,5.9,130.0,87.0,No,No,293.0,Never,Never,Healthy,Never,No,No,31.77,0
23,Female,156.3,48.3,55.0,5.8,130.0,80.0,No,No,195.0,Former,Occasionally,Average,Occasionally,N/A,No,19.77,0
23,Male,174.3,56.4,85.0,3.9,111.0,87.0,No,No,88.0,Never,Never,Unhealthy,Occasionally,N/A,N/A,18.56,0
52,Male,168.8,66.8,85.0,5.0,125.0,80.0,Yes,No,79.0,Current,Never,Unhealthy,Occasionally,N/A,N/A,23.44,0
47,Female,146.7,69.2,70.0,5.0,131.0,94.0,No,No,66.0,Current,Frequently,Average,Occasionally,No,No,32.15,0
71,Male,181.3,63.3,85.0,5.7,122.0,79.0,No,No,232.0,Current,Occasionally,Unhealthy,Occasionally,N/A,N/A,19.26,0
42,Male,181.0,77.9,105.0,6.3,143.0,82.0,No,No,215.0,Never,Occasionally,Average,Occasionally,N/A,N/A,23.78,0
76,Male,184.8,103.9,113.0,6.0,151.0,77.0,Yes,No,73.0,Current,Frequently,Healthy,Occasionally,N/A,N/A,30.42,0
20,Female,159.5,96.5,97.0,5.4,85.0,64.0,No,No,144.0,Never,Never,Healthy,Occasionally,No,No,37.93,0
64,Female,165.9,77.6,89.0,6.7,128.0,79.0,No,No,241.0,Never,Occasionally,Healthy,Frequently,No,No,28.19,0
67,Female,162.8,75.2,100.0,7.8,135.0,80.0,No,Yes,294.0,Never,Never,Unhealthy,Frequently,No,No,28.37,1
74,Female,157.8,83.3,123.0,6.2,135.0,85.0,No,No,229.0,Current,Never,Average,Occasionally,No,No,33.45,0
28,Female,163.6,90.6,92.0,5.8,104.0,71.0,No,No,39.0,Current,Never,Healthy,Occasionally,No,No,33.85,0
57,Female,160.5,75.3,93.0,6.1,132.0,87.0,No,No,210.0,Former,Frequently,Average,Occasionally,No,No,29.23,0
35,Male,191.8,80.2,94.0,4.9,122.0,70.0,Yes,No,201.0,Current,Occasionally,Average,Occasionally,N/A,N/A,21.8,0
78,Female,159.4,42.2,100.0,5.4,155.0,84.0,Yes,No,0.0,Never,Occasionally,Average,Occasionally,No,No,16.61,0
40,Male,171.3,69.0,113.0,6.8,95.0,87.0,Yes,No,0.0,Never,Occasionally,Healthy,Frequently,N/A,N/A,23.51,0
34,Male,167.0,62.6,88.0,5.5,108.0,81.0,No,No,185.0,Never,Occasionally,Average,Never,N/A,N/A,22.45,0
40,Male,161.2,101.4,81.0,5.8,131.0,86.0,No,No,195.0,Never,Never,Unhealthy,Frequently,N/A,N/A,39.02,0
63,Male,175.5,60.4,71.0,5.2,94.0,75.0,No,No,238.0,Never,Never,Average,Never,N/A,N/A,19.61,0
75,Female,170.6,68.1,104.0,7.0,117.0,88.0,No,No,130.0,Never,Occasionally,Unhealthy,Frequently,No,Yes,23.4,0
53,Male,177.3,78.5,114.0,5.2,134.0,75.0,No,No,174.0,Never,Never,Average,Occasionally,N/A,N/A,24.97,0
33,Female,171.4,77.4,111.0,6.3,119.0,83.0,No,No,255.0,Former,Occasionally,Healthy,Occasionally,No,N/A,26.35,0
59,Female,161.5,108.5,86.0,6.5,131.0,79.0,No,Yes,158.0,Former,Never,Healthy,Occasionally,No,No,41.6,0
37,Male,170.7,64.3,116.0,4.4,96.0,79.0,Yes,No,188.0,Never,Never,Average,Occasionally,N/A,N/A,22.07,0
39,Male,177.5,76.8,88.0,6.2,111.0,77.0,No,No,257.0,Former,Occasionally,Average,Never,N/A,N/A,24.38,0
53,Female,151.4,50.6,85.0,5.0,110.0,71.0,Yes,No,206.0,Never,Never,Healthy,Never,No,No,22.07,0
66,Male,171.4,62.5,93.0,5.8,146.0,66.0,No,No,178.0,Former,Never,Average,Frequently,N/A,N/A,21.27,0
25,Female,167.3,50.5,103.0,6.3,109.0,85.0,No,No,0.0,Former,Frequently,Average,Never,No,Yes,18.04,0
75,Female,157.2,45.4,81.0,6.0,127.0,77.0,Yes,No,227.0,Never,Occasionally,Average,Never,No,No,18.37,0
83,Male,172.3,76.3,65.0,7.3,126.0,79.0,No,No,449.0,Never,Frequently,Healthy,Never,N/A,N/A,25.7,1
40,Female,158.5,102.8,77.0,5.1,124.0,77.0,No,No,118.0,Never,Never,Average,Occasionally,N/A,No,40.92,0
21,Male,171.2,50.9,112.0,4.9,116.0,68.0,Yes,No,234.0,Never,Occasionally,Average,Frequently,N/A,N/A,17.37,0
75,Other,174.1,65.2,120.0,4.8,147.0,69.0,Yes,No,115.0,Never,Occasionally,Healthy,Never,No,No,21.51,0
83,Male,174.2,71.7,153.0,6.4,132.0,78.0,Yes,Yes,241.0,Former,Occasionally,Healthy,Frequently,N/A,N/A,23.63,1
37,Male,176.8,99.4,116.0,5.6,98.0,63.0,Yes,No,114.0,Never,Never,Unhealthy,Occasionally,N/A,N/A,31.8,1
70,Male,178.9,60.4,91.0,6.8,114.0,101.0,No,No,23.0,Current,Frequently,Unhealthy,Occasionally,N/A,N/A,18.87,0
47,Female,160.6,68.2,77.0,6.0,121.0,90.0,No,No,155.0,Never,Occasionally,Average,Occasionally,No,No,26.44,0
27,Male,166.8,84.5,119.0,6.3,116.0,74.0,Yes,No,62.0,Current,Frequently,Average,Never,N/A,N/A,30.37,0
69,Male,182.6,61.7,84.0,4.8,134.0,82.0,No,No,216.0,Never,Never,Healthy,Occasionally,N/A,N/A,18.5,0
69,Male,170.3,78.4,100.0,6.1,125.0,71.0,Yes,No,146.0,Current,Occasionally,Healthy,Occasionally,N/A,N/A,27.03,0
51,Female,167.8,69.1,83.0,5.7,108.0,92.0,No,No,41.0,Never,Frequently,Unhealthy,Occasionally,No,N/A,24.54,0
69,Female,161.5,68.7,136.0,5.1,128.0,76.0,No,No,261.0,Former,Never,Average,Never,No,Yes,26.34,0
48,Female,162.8,51.1,115.0,5.0,111.0,78.0,No,No,36.0,Never,Never,Average,Frequently,No,No,19.28,0
29,Female,172.2,81.1,64.0,6.0,124.0,76.0,Yes,No,0.0,Never,Occasionally,Healthy,Occasionally,No,No,27.35,0
32,Male,179.0,94.7,111.0,6.7,104.0,83.0,No,No,278.0,Never,Occasionally,Average,Occasionally,N/A,N/A,29.56,0
21,Male,173.3,67.7,61.0,4.5,114.0,83.0,Yes,No,196.0,Never,Occasionally,Unhealthy,Occasionally,N/A,N/A,22.54,0
76,Female,158.4,82.1,99.0,6.7,138.0,100.0,No,No,0.0,Current,Frequently,Average,Occasionally,No,No,32.72,0
78,Female,164.3,64.6,55.0,5.9,123.0,73.0,No,No,269.0,Never,Never,Healthy,Frequently,No,No,23.93,0
69,Male,173.0,50.6,128.0,4.4,120.0,74.0,No,No,117.0,Former,Never,Average,Occasionally,N/A,N/A,16.91,0
42,Female,159.1,75.0,103.0,6.4,131.0,81.0,No,No,0.0,Current,Occasionally,Healthy,Never,No,Yes,29.63,0
36,Female,143.9,77.9,86.0,6.4,130.0,71.0,No,No,6.0,Current,Frequently,Average,Frequently,No,No,37.62,0
74,Female,148.3,77.6,96.0,5.6,143.0,92.0,No,Yes,90.0,Never,Occasionally,Healthy,Occasionally,No,No,35.28,1
29,Male,157.2,83.9,109.0,5.7,114.0,66.0,Yes,No,170.0,Current,Never,Average,Never,N/A,N/A,33.95,0
84,Female,153.7,78.0,104.0,7.2,150.0,96.0,No,No,0.0,Current,Occasionally,Average,Never,No,No,33.02,1
67,Male,186.2,60.1,116.0,4.9,133.0,71.0,Yes,No,296.0,Never,Occasionally,Healthy,Occasionally,N/A,N/A,17.33,0
62,Male,169.7,62.1,92.0,6.5,134.0,93.0,No,No,44.0,Current,Never,Healthy,Occasionally,N/A,N/A,21.56,0
45,Female,148.6,70.0,109.0,5.0,133.0,75.0,No,No,31.0,Never,Occasionally,Average,Occasionally,No,N/A,31.7,0
28,Female,174.2,78.5,87.0,6.0,119.0,89.0,No,No,126.0,Never,Never,Average,Occasionally,No,No,25.87,0
36,Male,162.2,76.4,79.0,4.7,102.0,77.0,No,No,0.0,Never,Occasionally,Average,Occasionally,N/A,N/A,29.04,0
67,Female,151.2,52.7,117.0,4.1,123.0,86.0,Yes,No,217.0,Current,Never,Average,Occasionally,No,No,23.05,0
59,Female,170.1,77.7,55.0,4.4,132.0,77.0,No,No,208.0,Former,Never,Average,Occasionally,No,No,26.85,0
42,Female,164.4,64.6,88.0,5.3,147.0,82.0,No,No,160.0,Former,Never,Average,Occasionally,No,No,23.9,0
39,Female,164.7,76.5,85.0,6.3,120.0,69.0,No,No,165.0,Never,Occasionally,Healthy,Occasionally,No,N/A,28.2,0
25,Female,159.8,78.2,83.0,6.0,87.0,71.0,No,No,249.0,Current,Occasionally,Average,Occasionally,No,No,30.62,0
37,Female,150.5,77.5,99.0,5.2,129.0,69.0,No,No,151.0,Never,Occasionally,Healthy,Occasionally,No,No,34.22,0
29,Female,152.7,99.0,99.0,7.6,137.0,89.0,Yes,No,116.0,Current,Never,Average,Frequently,No,No,42.46,0
68,Male,169.9,79.6,83.0,4.3,149.0,82.0,No,No,46.0,Current,Occasionally,Average,Occasionally,N/A,N/A,27.58,0
80,Female,162.7,91.2,133.0,6.2,132.0,80.0,Yes,No,320.0,Never,Occasionally,Unhealthy,Never,No,No,34.45,0
76,Female,150.8,77.3,111.0,5.0,142.0,83.0,Yes,Yes,80.0,Former,Occasionally,Unhealthy,Occasionally,No,No,33.99,1
78,Female,168.4,54.4,55.0,5.7,139.0,78.0,No,No,134.0,Never,Never,Unhealthy,Occasionally,Yes,N/A,19.18,0
54,Female,163.9,59.9,78.0,4.8,103.0,80.0,No,No,117.0,Former,Occasionally,Healthy,Occasionally,No,No,22.3,0
32,Other,167.7,78.0,93.0,5.2,124.0,84.0,No,No,0.0,Former,Occasionally,Average,Occasionally,No,No,27.74,0
29,Male,168.8,98.2,95.0,4.2,125.0,87.0,No,No,73.0,Never,Occasionally,Average,Occasionally,N/A,N/A,34.46,0
29,Female,153.9,78.9,68.0,6.3,85.0,53.0,No,No,38.0,Former,Occasionally,Unhealthy,Never,No,No,33.31,0
38,Female,161.1,112.5,113.0,5.9,134.0,67.0,Yes,No,78.0,Never,Frequently,Average,Never,No,N/A,43.35,1
84,Female,167.1,67.7,61.0,5.1,160.0,80.0,No,No,288.0,Current,Occasionally,Average,Never,No,No,24.25,0
30,Male,173.8,88.6,107.0,6.9,104.0,75.0,No,No,100.0,Former,Occasionally,Average,Occasionally,N/A,N/A,29.33,0
46,Male,176.9,71.6,89.0,5.7,124.0,55.0,No,No,128.0,Former,Frequently,Healthy,Occasionally,N/A,N/A,22.88,0
34,Male,169.2,86.1,63.0,4.3,145.0,79.0,No,No,143.0,Never,Never,Average,Occasionally,N/A,N/A,30.07,0
21,Female,154.0,38.0,113.0,5.3,104.0,85.0,No,No,188.0,Former,Never,Healthy,Frequently,No,No,16.02,0
51,Male,172.7,73.3,85.0,5.8,111.0,77.0,Yes,No,122.0,Never,Never,Unhealthy,Occasionally,N/A,N/A,24.58,0
80,Male,160.9,94.4,56.0,7.0,129.0,84.0,No,Yes,26.0,Never,Never,Unhealthy,Occasionally,N/A,N/A,36.46,0
41,Male,171.1,70.4,107.0,6.2,108.0,61.0,No,No,79.0,Never,Frequently,Average,Frequently,N/A,N/A,24.05,0
50,Female,155.4,53.0,107.0,5.1,116.0,86.0,Yes,No,99.0,Former,Occasionally,Healthy,Occasionally,No,No,21.95,0
40,Male,172.4,69.8,99.0,4.2,103.0,67.0,No,No,105.0,Never,Never,Average,Never,N/A,N/A,23.48,0
50,Male,165.7,89.0,89.0,6.5,142.0,89.0,No,No,211.0,Never,Frequently,Average,Occasionally,N/A,N/A,32.41,0
39,Male,172.4,95.4,100.0,6.6,99.0,91.0,Yes,No,201.0,Never,Never,Healthy,Occasionally,N/A,N/A,32.1,0
78,Male,182.6,54.4,100.0,6.0,154.0,84.0,No,No,23.0,Current,Frequently,Healthy,Occasionally,N/A,N/A,16.32,0
48,Male,163.8,106.0,95.0,4.8,109.0,90.0,No,No,258.0,Never,Occasionally,Healthy,Occasionally,N/A,N/A,39.51,1
41,Male,176.9,92.3,96.0,6.2,125.0,69.0,No,No,247.0,Current,Never,Average,Occasionally,N/A,N/A,29.49,0
76,Male,157.8,91.0,117.0,5.9,147.0,88.0,No,Yes,137.0,Never,Occasionally,Unhealthy,Occasionally,N/A,N/A,36.54,1
37,Female,163.9,63.1,71.0,6.9,85.0,79.0,Yes,No,124.0,Never,Frequently,Healthy,Never,No,Yes,23.49,0
70,Female,149.5,76.0,120.0,6.4,122.0,97.0,No,Yes,91.0,Former,Occasionally,Healthy,Never,No,N/A,34.0,1
46,Male,171.3,114.2,97.0,7.1,125.0,101.0,No,No,48.0,Never,Frequently,Unhealthy,Never,N/A,N/A,38.92,1
38,Female,170.0,85.3,63.0,6.3,103.0,69.0,No,No,98.0,Never,Occasionally,Average,Occasionally,No,No,29.52,0
22,Male,171.8,71.8,87.0,5.1,102.0,68.0,No,No,290.0,Never,Never,Average,Occasionally,N/A,N/A,24.33,0
31,Female,164.0,38.0,96.0,4.9,128.0,52.0,No,No,192.0,Former,Never,Average,Never,No,Yes,14.13,0
80,Female,164.7,96.1,142.0,6.9,161.0,75.0,Yes,No,0.0,Former,Never,Healthy,Occasionally,No,No,35.43,1
45,Female,155.8,101.8,94.0,5.6,129.0,86.0,No,No,174.0,Never,Occasionally,Unhealthy,Never,N/A,No,41.94,0
43,Female,169.1,50.9,86.0,4.6,120.0,86.0,Yes,No,2.0,Never,Never,Average,Frequently,No,No,17.8,0
32,Other,159.7,79.9,59.0,6.0,104.0,69.0,Yes,No,129.0,Former,Occasionally,Healthy,Occasionally,No,No,31.33,0
22,Female,167.6,38.0,83.0,5.0,102.0,68.0,No,No,302.0,Current,Never,Unhealthy,Frequently,No,No,13.53,0
49,Male,178.1,96.3,87.0,5.5,105.0,79.0,No,No,207.0,Current,Occasionally,Unhealthy,Occasionally,N/A,N/A,30.36,0
21,Female,164.4,38.0,60.0,5.5,119.0,77.0,No,No,148.0,Current,Occasionally,Unhealthy,Occasionally,No,No,14.06,0
72,Female,158.0,47.6,94.0,6.7,142.0,80.0,No,No,222.0,Current,Occasionally,Average,Occasionally,No,No,19.07,0
20,Female,154.2,71.9,107.0,6.6,99.0,75.0,No,No,145.0,Never,Never,Average,Occasionally,No,No,30.24,0
43,Female,160.8,62.6,124.0,5.0,135.0,102.0,No,No,0.0,Current,Occasionally,Average,Never,No,No,24.21,0
77,Male,184.4,118.4,105.0,7.5,132.0,93.0,Yes,No,165.0,Current,Never,Unhealthy,Occasionally,N/A,N/A,34.82,1
52,Male,187.5,85.4,99.0,5.8,105.0,76.0,No,No,83.0,Never,Never,Average,Occasionally,N/A,N/A,24.29,0
21,Female,158.4,91.0,122.0,5.8,127.0,82.0,Yes,No,237.0,Former,Occasionally,Average,Frequently,No,No,36.27,0
36,Male,170.5,86.0,99.0,4.8,128.0,75.0,No,No,223.0,Current,Occasionally,Average,Frequently,N/A,N/A,29.58,0
27,Female,154.1,66.8,68.0,4.9,108.0,76.0,Yes,No,239.0,Never,Never,Healthy,Never,No,No,28.13,0
59,Male,182.6,96.8,103.0,5.7,138.0,100.0,No,Yes,152.0,Never,Never,Average,Never,N/A,N/A,29.03,0
60,Female,156.4,68.7,69.0,6.4,141.0,85.0,Yes,No,99.0,Former,Occasionally,Average,Occasionally,No,No,28.09,0
32,Male,166.8,38.0,86.0,4.5,130.0,71.0,No,No,67.0,Never,Occasionally,Average,Occasionally,N/A,N/A,13.66,0
37,Female,160.3,92.2,87.0,7.6,146.0,81.0,No,No,166.0,Never,Occasionally,Unhealthy,Occasionally,No,No,35.88,0
76,Female,153.1,61.0,86.0,5.3,139.0,87.0,No,No,185.0,Former,Never,Unhealthy,Occasionally,No,No,26.02,0
51,Male,180.0,78.8,96.0,6.6,134.0,56.0,No,No,128.0,Never,Frequently,Healthy,Never,N/A,N/A,24.32,0
44,Male,169.2,75.2,85.0,6.6,127.0,97.0,No,No,123.0,Current,Occasionally,Unhealthy,Occasionally,N/A,N/A,26.27,0
58,Male,176.9,89.0,98.0,4.8,131.0,86.0,No,No,350.0,Never,Occasionally,Average,Occasionally,N/A,N/A,28.44,0
33,Male,166.4,59.9,85.0,4.6,110.0,85.0,No,No,125.0,Never,Never,Average,Never,N/A,N/A,21.63,0
54,Male,174.1,88.8,59.0,5.0,133.0,61.0,No,No,102.0,Current,Frequently,Average,Occasionally,N/A,N/A,29.3,0
74,Female,161.2,78.5,144.0,4.6,127.0,66.0,Yes,No,144.0,Never,Frequently,Average,Frequently,No,No,30.21,1
71,Male,180.2,82.1,112.0,4.6,124.0,83.0,No,No,253.0,Never,Occasionally,Average,Frequently,N/A,N/A,25.28,0
61,Male,175.9,110.8,74.0,4.5,164.0,97.0,Yes,No,121.0,Never,Occasionally,Unhealthy,Occasionally,N/A,N/A,35.81,1
48,Male,180.1,101.1,117.0,3.8,122.0,75.0,No,No,218.0,Never,Never,Average,Occasionally,N/A,N/A,31.17,0
56,Female,169.0,74.9,98.0,4.3,161.0,109.0,Yes,No,236.0,Former,Occasionally,Healthy,Never,No,No,26.22,0
30,Male,183.2,96.3,118.0,4.7,117.0,88.0,Yes,No,248.0,Current,Never,Healthy,Never,N/A,N/A,28.69,0
22,Male,175.3,89.0,82.0,5.7,110.0,65.0,No,No,0.0,Never,Never,Average,Never,N/A,N/A,28.96,0
26,Male,168.7,74.8,110.0,4.9,113.0,79.0,No,No,65.0,Never,Occasionally,Unhealthy,Never,N/A,N/A,26.28,0
31,Male,152.1,45.6,64.0,5.4,141.0,60.0,No,No,137.0,Never,Frequently,Average,Occasionally,N/A,N/A,19.71,0
31,Male,163.5,119.6,96.0,6.0,133.0,85.0,No,No,113.0,Never,Occasionally,Unhealthy,Occasionally,N/A,N/A,44.74,0
41,Female,174.3,85.4,82.0,5.2,114.0,79.0,No,No,175.0,Never,Occasionally,Average,Occasionally,N/A,No,28.11,0
50,Female,163.2,49.8,104.0,5.3,131.0,72.0,No,No,205.0,Never,Frequently,Healthy,Occasionally,No,No,18.7,0
24,Male,177.1,79.1,98.0,6.6,131.0,91.0,No,No,148.0,Never,Never,Unhealthy,Frequently,N/A,N/A,25.22,0
76,Male,178.8,91.2,88.0,6.1,123.0,68.0,No,No,199.0,Current,Occasionally,Unhealthy,Frequently,N/A,N/A,28.53,0
34,Female,156.8,82.4,89.0,5.7,104.0,77.0,No,No,73.0,Current,Occasionally,Average,Never,Yes,No,33.51,0
66,Male,169.9,98.9,96.0,5.8,159.0,82.0,No,No,211.0,Never,Never,Average,Frequently,N/A,N/A,34.26,0
47,Male,173.9,91.2,104.0,5.4,107.0,82.0,No,No,200.0,Never,Never,Healthy,Frequently,N/A,N/A,30.16,0
55,Female,163.4,84.6,99.0,7.0,120.0,87.0,No,No,182.0,Never,Never,Healthy,Frequently,No,N/A,31.69,0
46,Male,183.8,81.5,62.0,5.0,139.0,88.0,No,No,249.0,Never,Never,Average,Never,N/A,N/A,24.12,0
85,Other,156.7,78.2,121.0,7.2,142.0,90.0,Yes,Yes,386.0,Never,Occasionally,Average,Occasionally,Yes,No,31.85,1
35,Female,169.8,46.0,104.0,5.3,99.0,66.0,No,No,120.0,Never,Occasionally,Healthy,Occasionally,No,No,15.95,0
26,Female,159.6,79.5,98.0,4.0,118.0,71.0,No,Yes,147.0,Never,Occasionally,Unhealthy,Occasionally,No,No,31.21,0
38,Female,157.3,38.0,89.0,5.1,107.0,65.0,No,No,182.0,Never,Occasionally,Average,Frequently,N/A,No,15.36,0
48,Male,179.8,89.2,120.0,6.6,85.0,82.0,No,No,174.0,Never,Never,Healthy,Occasionally,N/A,N/A,27.59,0
19,Female,155.5,60.2,124.0,5.7,136.0,70.0,No,No,164.0,Never,Occasionally,Average,Occasionally,No,No,24.9,0
65,Female,157.4,82.6,97.0,5.9,135.0,72.0,No,No,247.0,Current,Occasionally,Average,Occasionally,N/A,No,33.34,0
36,Female,153.3,55.8,79.0,6.2,114.0,70.0,No,No,178.0,Never,Frequently,Average,Never,No,No,23.74,0
50,Female,172.0,81.2,112.0,5.2,98.0,81.0,No,No,357.0,Never,Frequently,Healthy,Never,No,No,27.45,0
78,Female,167.9,67.4,84.0,5.7,144.0,85.0,No,No,356.0,Never,Never,Average,Never,No,No,23.91,0
29,Female,153.1,71.5,133.0,4.7,110.0,92.0,Yes,No,214.0,Never,Occasionally,Unhealthy,Occasionally,No,No,30.5,0
83,Male,170.8,80.9,110.0,6.2,142.0,92.0,Yes,No,199.0,Never,Occasionally,Healthy,Occasionally,N/A,N/A,27.73,0
25,Female,151.6,71.6,82.0,6.0,130.0,74.0,No,No,130.0,Former,Never,Average,Never,No,No,31.15,0
41,Male,173.6,85.0,106.0,5.8,101.0,93.0,No,No,21.0,Never,Occasionally,Average,Frequently,N/A,N/A,28.2,0
82,Male,169.4,78.3,83.0,5.1,141.0,73.0,No,No,327.0,Never,Never,Healthy,Occasionally,N/A,N/A,27.29,0
25,Female,162.0,73.4,85.0,6.2,127.0,85.0,No,No,36.0,Never,Occasionally,Average,Frequently,No,No,27.97,1
83,Male,179.7,90.2,114.0,6.0,149.0,83.0,No,No,165.0,Never,Never,Unhealthy,Occasionally,N/A,N/A,27.93,0
54,Male,173.5,71.1,94.0,6.3,129.0,78.0,No,No,284.0,Former,Occasionally,Healthy,Occasionally,N/A,N/A,23.62,0
66,Female,163.9,84.6,94.0,7.2,130.0,82.0,Yes,No,71.0,Never,Occasionally,Healthy,Never,No,No,31.49,0
67,Male,176.5,79.9,105.0,6.1,137.0,76.0,No,No,277.0,Never,Never,Healthy,Occasionally,N/A,N/A,25.65,0
43,Female,153.2,44.3,66.0,5.4,129.0,79.0,No,No,126.0,Never,Never,Average,Never,No,No,18.87,0
70,Female,151.5,66.6,109.0,4.7,133.0,87.0,No,No,288.0,Never,Occasionally,Healthy,Occasionally,No,No,29.02,0
51,Male,171.6,94.7,111.0,5.3,113.0,100.0,No,No,90.0,Former,Never,Healthy,Occasionally,N/A,N/A,32.16,0
42,Female,171.4,85.2,97.0,6.1,123.0,66.0,No,No,312.0,Never,Never,Unhealthy,Occasionally,No,No,29.0,0
62,Female,181.2,67.3,96.0,5.5,133.0,88.0,No,No,271.0,Former,Never,Unhealthy,Frequently,N/A,No,20.5,0
31,Female,154.2,89.4,87.0,5.9,142.0,84.0,No,No,107.0,Never,Occasionally,Healthy,Occasionally,No,Yes,37.6,0
77,Male,177.9,95.2,101.0,5.7,135.0,83.0,No,No,40.0,Never,Occasionally,Healthy,Never,N/A,N/A,30.08,1
28,Male,181.6,53.9,97.0,4.2,85.0,69.0,No,No,87.0,Current,Occasionally,Average,Never,N/A,N/A,16.34,0
74,Male,178.3,87.0,111.0,6.2,125.0,78.0,No,No,129.0,Never,Never,Unhealthy,Occasionally,N/A,N/A,27.37,0
55,Male,161.7,55.5,92.0,4.8,107.0,87.0,No,No,155.0,Never,Never,Healthy,Frequently,N/A,N/A,21.23,0
71,Female,151.4,70.8,125.0,6.8,140.0,99.0,No,No,146.0,Current,Occasionally,Unhealthy,Occasionally,N/A,No,30.89,0
50,Male,170.4,95.8,77.0,6.9,138.0,83.0,No,No,60.0,Current,Occasionally,Healthy,Occasionally,N/A,N/A,32.99,0
74,Female,168.1,69.9,97.0,5.7,118.0,79.0,No,No,256.0,Never,Occasionally,Average,Frequently,No,No,24.74,0
78,Male,171.3,94.3,90.0,5.7,121.0,74.0,No,No,299.0,Never,Occasionally,Healthy,Occasionally,N/A,N/A,32.14,0
85,Female,169.3,80.6,95.0,4.4,150.0,103.0,Yes,No,168.0,Never,Never,Unhealthy,Occasionally,No,No,28.12,0
37,Female,169.1,82.9,55.0,4.6,133.0,65.0,Yes,No,0.0,Never,Never,Average,Occasionally,No,No,28.99,0
57,Female,167.4,88.9,85.0,4.5,127.0,92.0,Yes,No,172.0,Current,Frequently,Healthy,Never,No,No,31.72,0
36,Male,180.2,74.6,93.0,5.0,116.0,85.0,Yes,No,391.0,Never,Occasionally,Healthy,Never,N/A,N/A,22.97,0
83,Male,180.7,90.1,109.0,4.9,117.0,81.0,No,Yes,0.0,Never,Occasionally,Average,Occasionally,N/A,N/A,27.59,1
85,Female,174.0,73.5,89.0,5.1,133.0,75.0,No,No,0.0,Former,Occasionally,Unhealthy,Occasionally,No,No,24.28,0
25,Female,163.1,54.8,107.0,5.1,112.0,77.0,Yes,No,51.0,Former,Occasionally,Average,Occasionally,No,No,20.6,0
44,Male,178.8,60.3,55.0,3.9,136.0,80.0,No,No,236.0,Never,Never,Average,Never,N/A,N/A,18.86,0
65,Male,163.4,83.3,55.0,6.6,129.0,68.0,No,No,292.0,Former,Occasionally,Healthy,Occasionally,N/A,N/A,31.2,0
83,Male,173.3,38.0,78.0,4.8,151.0,76.0,No,No,49.0,Never,Occasionally,Average,Occasionally,N/A,N/A,12.65,0
55,Male,165.0,87.0,100.0,5.6,128.0,81.0,No,No,109.0,Current,Occasionally,Average,Never,N/A,N/A,31.96,0
23,Female,170.2,44.7,111.0,5.0,94.0,83.0,No,No,157.0,Never,Occasionally,Healthy,Never,No,N/A,15.43,0
33,Female,165.0,91.0,55.0,6.3,100.0,100.0,No,No,131.0,Current,Frequently,Average,Occasionally,No,No,33.43,0
48,Female,162.9,97.2,102.0,5.6,155.0,98.0,No,No,118.0,Never,Never,Healthy,Occasionally,No,Yes,36.63,0
63,Female,149.8,54.1,88.0,6.5,113.0,77.0,No,No,90.0,Current,Occasionally,Average,Occasionally,Yes,No,24.11,0
79,Male,179.0,65.4,97.0,5.7,116.0,86.0,No,Yes,100.0,Current,Occasionally,Healthy,Frequently,N/A,N/A,20.41,0
64,Male,177.9,81.2,68.0,5.7,127.0,70.0,No,No,258.0,Never,Occasionally,Healthy,Occasionally,N/A,N/A,25.66,0
76,Male,184.2,63.4,88.0,6.4,124.0,70.0,No,No,98.0,Current,Never,Unhealthy,Occasionally,N/A,N/A,18.69,0
54,Male,180.3,68.4,105.0,4.0,132.0,69.0,No,No,200.0,Never,Occasionally,Healthy,Frequently,N/A,N/A,21.04,0
78,Female,157.2,72.2,108.0,5.4,136.0,85.0,No,No,98.0,Never,Never,Average,Occasionally,No,No,29.22,0
81,Male,167.3,93.7,139.0,6.3,152.0,97.0,Yes,Yes,138.0,Former,Occasionally,Average,Never,N/A,N/A,33.48,0
30,Female,158.8,38.0,95.0,5.1,93.0,69.0,No,No,123.0,Never,Occasionally,Unhealthy,Never,No,Yes,15.07,0
78,Female,167.0,75.9,93.0,6.5,146.0,67.0,No,No,10.0,Never,Occasionally,Average,Frequently,No,No,27.22,1
80,Female,153.1,38.0,85.0,4.9,134.0,68.0,No,No,435.0,Former,Occasionally,Healthy,Frequently,No,No,16.21,0
42,Female,160.0,82.0,114.0,5.4,105.0,84.0,Yes,No,132.0,Never,Never,Healthy,Never,No,No,32.03,1
47,Female,151.4,38.0,85.0,5.1,129.0,66.0,No,No,208.0,Never,Occasionally,Average,Never,No,Yes,16.58,0
72,Female,152.1,69.7,130.0,6.5,145.0,93.0,No,Yes,72.0,Never,Occasionally,Average,Never,No,No,30.13,1
37,Female,159.5,72.0,81.0,4.5,109.0,76.0,Yes,No,176.0,Never,Never,Average,Occasionally,Yes,No,28.3,0
74,Female,147.0,43.8,108.0,5.7,121.0,81.0,No,No,170.0,Former,Occasionally,Unhealthy,Never,No,No,20.27,0
75,Female,161.0,57.1,84.0,5.7,112.0,95.0,No,No,76.0,Never,Never,Healthy,Occasionally,N/A,No,22.03,0
28,Male,168.5,86.4,137.0,5.7,113.0,82.0,Yes,No,0.0,Former,Occasionally,Healthy,Never,N/A,N/A,30.43,0
62,Female,176.9,45.9,69.0,5.7,108.0,78.0,No,No,171.0,Former,Occasionally,Average,Occasionally,No,N/A,14.67,0
41,Male,171.5,80.3,109.0,5.8,108.0,87.0,No,No,0.0,Never,Never,Average,Occasionally,N/A,N/A,27.3,0
41,Male,180.5,101.3,104.0,6.4,104.0,91.0,No,No,107.0,Never,Occasionally,Unhealthy,Occasionally,N/A,N/A,31.09,0
39,Male,177.7,85.7,106.0,4.5,107.0,77.0,No,No,137.0,Never,Occasionally,Healthy,Occasionally,N/A,N/A,27.14,0
70,Male,166.8,116.3,68.0,5.8,134.0,81.0,Yes,No,63.0,Former,Occasionally,Average,Occasionally,N/A,N/A,41.8,0
52,Female,170.7,89.3,89.0,6.7,113.0,75.0,Yes,No,139.0,Current,Frequently,Healthy,Never,No,No,30.65,1
45,Female,171.1,74.0,89.0,5.4,113.0,84.0,No,No,82.0,Former,Never,Unhealthy,Never,No,N/A,25.28,0
68,Male,182.1,85.0,81.0,6.3,124.0,79.0,No,No,69.0,Never,Occasionally,Average,Never,N/A,N/A,25.63,0
41,Female,154.2,65.6,93.0,4.3,94.0,75.0,No,No,74.0,Never,Never,Healthy,Occasionally,No,No,27.59,0
36,Female,168.9,50.5,55.0,5.2,125.0,81.0,No,No,266.0,Former,Occasionally,Unhealthy,Frequently,No,N/A,17.7,0
84,Male,159.7,87.5,114.0,6.9,102.0,95.0,No,Yes,116.0,Never,Never,Healthy,Occasionally,N/A,N/A,34.31,1
34,Male,184.0,88.5,73.0,5.9,113.0,83.0,No,No,301.0,Never,Never,Unhealthy,Occasionally,N/A,N/A,26.14,0
26,Female,172.4,69.0,87.0,3.5,108.0,70.0,No,No,14.0,Never,Occasionally,Average,Occasionally,No,No,23.22,0
56,Female,157.0,51.9,86.0,5.4,131.0,67.0,Yes,No,137.0,Never,Occasionally,Unhealthy,Never,No,No,21.06,0
24,Female,159.9,102.5,120.0,5.7,116.0,81.0,No,No,0.0,Never,Occasionally,Healthy,Never,No,Yes,40.09,0
58,Female,163.9,48.6,117.0,4.5,117.0,78.0,No,No,404.0,Never,Occasionally,Average,Occasionally,No,No,18.09,0
52,Female,179.3,52.0,68.0,5.5,111.0,70.0,No,No,147.0,Never,Occasionally,Average,Occasionally,No,No,16.17,0
56,Female,146.0,99.2,154.0,5.9,116.0,92.0,No,No,270.0,Never,Occasionally,Average,Occasionally,No,No,46.54,1
31,Male,162.8,73.8,98.0,3.8,161.0,84.0,Yes,No,119.0,Former,Never,Unhealthy,Occasionally,N/A,N/A,27.85,0
52,Female,178.1,65.7,67.0,5.6,132.0,60.0,No,No,239.0,Never,Occasionally,Average,Frequently,No,No,20.71,0
65,Other,156.9,63.7,80.0,8.3,122.0,73.0,No,No,195.0,Never,Occasionally,Average,Occasionally,No,No,25.88,0
35,Female,157.0,58.9,99.0,5.0,131.0,74.0,No,No,166.0,Current,Never,Healthy,Never,No,No,23.9,0
48,Male,175.6,74.4,109.0,4.1,101.0,62.0,Yes,No,249.0,Former,Never,Average,Occasionally,N/A,N/A,24.13,0
25,Male,179.7,78.6,57.0,6.4,89.0,58.0,No,No,0.0,Former,Never,Average,Never,N/A,N/A,24.34,0
71,Male,168.1,84.2,108.0,6.1,155.0,70.0,No,No,192.0,Never,Never,Average,Occasionally,N/A,N/A,29.8,0
45,Male,183.2,89.9,87.0,4.8,93.0,64.0,No,No,95.0,Never,Occasionally,Unhealthy,Frequently,N/A,N/A,26.79,0
40,Female,160.8,63.5,100.0,5.8,124.0,81.0,No,No,168.0,Never,Occasionally,Unhealthy,Occasionally,No,No,24.56,0
51,Male,166.0,74.4,93.0,6.3,144.0,89.0,No,No,77.0,Never,Occasionally,Unhealthy,Frequently,N/A,N/A,27.0,0
57,Male,176.8,49.3,108.0,5.4,104.0,84.0,No,No,265.0,Former,Occasionally,Average,Occasionally,N/A,N/A,15.77,0
78,Male,172.3,82.5,87.0,6.2,130.0,69.0,No,No,0.0,Former,Occasionally,Healthy,Frequently,N/A,N/A,27.79,0
79,Male,179.5,74.5,102.0,5.8,144.0,74.0,No,No,213.0,Never,Frequently,Average,Occasionally,N/A,N/A,23.12,0
44,Male,169.4,89.8,106.0,6.4,117.0,73.0,No,No,80.0,Never,Occasionally,Healthy,Occasionally,N/A,N/A,31.29,0
49,Female,149.6,68.8,94.0,5.2,149.0,73.0,No,No,206.0,Former,Occasionally,Average,Never,No,No,30.74,0
68,Other,153.7,69.8,105.0,6.2,139.0,88.0,No,No,145.0,Never,Occasionally,Average,Occasionally,Yes,No,29.55,0
76,Male,182.2,80.8,102.0,6.1,131.0,70.0,Yes,No,114.0,Former,Occasionally,Average,Never,N/A,N/A,24.34,0
26,Male,184.4,58.6,94.0,4.9,121.0,79.0,No,No,254.0,Never,Occasionally,Healthy,Occasionally,N/A,N/A,17.23,0
62,Female,159.0,67.2,125.0,7.5,129.0,79.0,No,No,52.0,Former,Never,Average,Frequently,No,N/A,26.58,0
45,Male,185.8,72.8,139.0,5.7,85.0,70.0,No,No,153.0,Never,Occasionally,Unhealthy,Occasionally,N/A,N/A,21.09,0
35,Male,176.7,79.2,112.0,5.4,129.0,60.0,No,No,145.0,Former,Occasionally,Healthy,Frequently,N/A,N/A,25.37,0
53,Female,155.0,66.9,106.0,6.6,122.0,79.0,No,No,256.0,Never,Never,Average,Occasionally,No,No,27.85,0
84,Male,175.7,54.8,70.0,7.4,129.0,64.0,No,No,152.0,Never,Occasionally,Average,Occasionally,N/A,N/A,17.75,0
79,Female,161.7,63.4,107.0,6.2,133.0,84.0,No,Yes,176.0,Never,Occasionally,Average,Occasionally,Yes,No,24.25,1
63,Male,184.0,84.7,88.0,5.7,113.0,75.0,No,No,255.0,Never,Occasionally,Average,Occasionally,N/A,N/A,25.02,0
24,Female,168.3,54.5,92.0,6.3,111.0,63.0,No,No,342.0,Current,Never,Healthy,Occasionally,No,No,19.24,0
77,Female,166.6,78.6,148.0,5.8,118.0,80.0,No,No,205.0,Current,Occasionally,Healthy,Never,No,Yes,28.32,1
57,Male,160.1,83.9,109.0,6.4,129.0,74.0,Yes,No,152.0,Never,Occasionally,Unhealthy,Occasionally,N/A,N/A,32.73,0
37,Male,170.2,80.7,103.0,5.9,131.0,81.0,Yes,No,157.0,Never,Occasionally,Unhealthy,Never,N/A,N/A,27.86,0
59,Female,170.3,62.7,62.0,6.7,94.0,88.0,No,No,252.0,Former,Never,Healthy,Occasionally,No,Yes,21.62,0
66,Female,147.5,69.9,81.0,5.4,107.0,60.0,No,No,135.0,Never,Never,Average,Occasionally,No,No,32.13,0
32,Female,169.9,74.5,97.0,6.0,129.0,74.0,No,No,176.0,Never,Occasionally,Unhealthy,Occasionally,N/A,N/A,25.81,0
62,Male,166.9,60.1,66.0,5.7,132.0,74.0,Yes,No,232.0,Never,Occasionally,Healthy,Occasionally,N/A,N/A,21.58,0
26,Female,162.4,72.2,107.0,6.3,94.0,75.0,No,No,48.0,Former,Never,Average,Occasionally,No,Yes,27.38,0
35,Female,157.2,65.5,82.0,5.6,142.0,97.0,Yes,No,258.0,Never,Occasionally,Unhealthy,Occasionally,No,No,26.51,0
70,Female,152.8,46.4,134.0,5.4,107.0,87.0,No,No,216.0,Never,Never,Healthy,Never,Yes,No,19.87,1
32,Male,175.3,66.4,114.0,5.2,98.0,77.0,Yes,No,292.0,Current,Frequently,Average,Never,N/A,N/A,21.61,0
63,Female,163.8,44.1,86.0,5.3,100.0,82.0,No,No,0.0,Former,Frequently,Average,Frequently,No,No,16.44,0
37,Male,172.6,70.8,55.0,5.4,92.0,72.0,Yes,No,273.0,Former,Never,Average,Frequently,N/A,N/A,23.77,0
73,Male,178.5,70.2,77.0,5.5,123.0,73.0,Yes,No,313.0,Never,Occasionally,Average,Occasionally,N/A,N/A,22.03,0
73,Female,162.3,68.3,110.0,5.1,166.0,64.0,No,No,132.0,Former,Never,Healthy,Never,No,No,25.93,0
62,Male,186.2,76.4,120.0,5.6,122.0,67.0,Yes,No,139.0,Never,Never,Average,Occasionally,N/A,N/A,22.04,1
21,Female,163.6,73.8,106.0,4.2,108.0,84.0,No,No,155.0,Former,Never,Average,Occasionally,No,No,27.57,0
61,Male,170.8,87.6,83.0,5.7,113.0,87.0,No,No,153.0,Current,Occasionally,Healthy,Occasionally,N/A,N/A,30.03,0
83,Male,168.2,47.7,78.0,6.2,141.0,95.0,No,No,184.0,Current,Occasionally,Unhealthy,Never,N/A,N/A,16.86,0
34,Female,157.4,49.8,117.0,4.1,122.0,75.0,No,No,107.0,Never,Occasionally,Healthy,Never,N/A,No,20.1,0
52,Male,177.4,67.2,93.0,5.9,123.0,75.0,No,No,0.0,Current,Occasionally,Healthy,Occasionally,N/A,N/A,21.35,0
61,Male,178.4,73.5,89.0,4.6,138.0,87.0,Yes,Yes,272.0,Never,Occasionally,Average,Occasionally,N/A,N/A,23.09,0
23,Female,173.0,79.6,77.0,5.8,124.0,75.0,No,No,89.0,Never,Frequently,Healthy,Never,No,No,26.6,0
39,Female,158.2,82.0,119.0,5.8,123.0,72.0,No,No,264.0,Never,Occasionally,Healthy,Frequently,No,No,32.76,0
51,Female,156.2,67.6,129.0,5.6,131.0,78.0,Yes,No,137.0,Former,Occasionally,Average,Occasionally,Yes,Yes,27.71,0
21,Male,171.8,56.3,88.0,5.2,126.0,62.0,Yes,No,233.0,Never,Occasionally,Healthy,Occasionally,N/A,N/A,19.07,0
76,Male,174.1,70.3,92.0,6.6,124.0,93.0,No,No,279.0,Current,Occasionally,Average,Never,N/A,N/A,23.19,0
29,Female,167.7,83.5,110.0,5.6,130.0,62.0,No,No,0.0,Former,Occasionally,Average,Occasionally,No,No,29.69,0
19,Female,156.7,43.9,97.0,5.6,97.0,85.0,No,No,120.0,Never,Frequently,Unhealthy,Occasionally,No,No,17.88,0
56,Female,167.7,91.0,127.0,6.9,125.0,66.0,No,No,230.0,Never,Occasionally,Average,Never,No,Yes,32.36,1
72,Other,166.3,76.5,67.0,4.8,96.0,87.0,Yes,Yes,217.0,Former,Occasionally,Healthy,Never,No,No,27.66,0
66,Male,148.2,111.0,90.0,6.8,151.0,91.0,Yes,No,69.0,Current,Never,Average,Occasionally,N/A,N/A,50.54,1
75,Male,175.0,67.2,124.0,6.3,143.0,95.0,No,No,0.0,Never,Occasionally,Average,Occasionally,N/A,N/A,21.94,1
34,Other,163.1,106.3,119.0,5.1,107.0,68.0,No,No,243.0,Never,Never,Average,Frequently,No,Yes,39.96,0
35,Female,152.1,77.6,81.0,4.2,137.0,71.0,No,No,42.0,Never,Occasionally,Healthy,Occasionally,No,No,33.54,0
84,Male,170.6,79.5,102.0,5.2,106.0,114.0,Yes,No,87.0,Current,Never,Average,Frequently,N/A,N/A,27.32,0
79,Male,187.4,68.5,82.0,5.4,135.0,100.0,No,No,345.0,Current,Occasionally,Average,Frequently,N/A,N/A,19.51,0
26,Female,148.3,82.0,106.0,7.1,149.0,73.0,No,No,124.0,Never,Never,Average,Occasionally,No,No,37.28,0
83,Female,160.4,71.6,123.0,5.9,128.0,85.0,No,No,115.0,Never,Occasionally,Healthy,Frequently,No,No,27.83,0
33,Male,171.2,82.9,89.0,5.8,140.0,68.0,No,No,112.0,Never,Occasionally,Average,Never,N/A,N/A,28.28,0
27,Female,152.0,61.4,86.0,4.5,93.0,77.0,No,No,253.0,Never,Occasionally,Healthy,Frequently,Yes,Yes,26.58,0
53,Male,184.7,116.1,81.0,7.3,126.0,68.0,No,No,191.0,Never,Never,Average,Frequently,N/A,N/A,34.03,0
30,Female,158.3,50.1,81.0,6.3,104.0,78.0,No,No,148.0,Current,Occasionally,Average,Never,No,No,19.99,0
20,Male,181.4,80.9,111.0,3.5,93.0,73.0,No,No,205.0,Former,Occasionally,Average,Never,N/A,N/A,24.59,0
42,Male,169.4,72.6,104.0,6.0,112.0,59.0,No,No,172.0,Former,Never,Average,Occasionally,N/A,N/A,25.3,0
53,Female,165.4,52.0,134.0,4.7,113.0,57.0,No,No,0.0,Never,Frequently,Average,Occasionally,No,No,19.01,0
42,Male,177.4,68.3,111.0,5.5,98.0,89.0,No,No,254.0,Never,Occasionally,Unhealthy,Occasionally,N/A,N/A,21.7,0
63,Male,181.6,68.3,105.0,6.8,122.0,64.0,No,No,129.0,Current,Occasionally,Healthy,Frequently,N/A,N/A,20.71,1
29,Male,169.5,77.5,113.0,5.1,96.0,75.0,Yes,No,92.0,Former,Occasionally,Average,Frequently,N/A,N/A,26.98,0
31,Female,170.4,55.0,112.0,4.3,111.0,61.0,No,No,7.0,Never,Never,Average,Never,No,No,18.94,0
32,Female,167.4,82.9,108.0,6.1,104.0,82.0,No,No,28.0,Never,Occasionally,Average,Occasionally,No,N/A,29.58,0
28,Female,164.4,38.0,97.0,4.0,116.0,70.0,No,No,162.0,Former,Occasionally,Healthy,Frequently,No,No,14.06,0
24,Female,140.6,53.9,84.0,6.0,117.0,76.0,No,No,42.0,Current,Occasionally,Healthy,Never,No,Yes,27.27,0
39,Female,177.2,56.4,69.0,6.2,125.0,68.0,No,No,130.0,Current,Frequently,Average,Occasionally,N/A,No,17.96,0
18,Female,152.6,66.0,80.0,5.7,141.0,84.0,No,No,250.0,Never,Never,Unhealthy,Occasionally,No,No,28.34,0
85,Female,148.0,55.1,122.0,6.1,104.0,63.0,No,No,169.0,Current,Occasionally,Average,Never,No,No,25.16,0
21,Female,159.8,69.7,105.0,4.2,106.0,72.0,Yes,No,234.0,Never,Never,Healthy,Occasionally,No,N/A,27.29,0
22,Female,172.8,93.0,91.0,5.1,135.0,67.0,Yes,No,143.0,Never,Frequently,Average,Occasionally,Yes,No,31.15,0
18,Male,173.5,68.0,62.0,5.3,117.0,82.0,No,No,139.0,Never,Occasionally,Average,Never,N/A,N/A,22.59,0
84,Male,175.8,68.8,102.0,6.2,118.0,77.0,Yes,Yes,226.0,Never,Occasionally,Healthy,Occasionally,N/A,N/A,22.26,1
37,Female,165.6,69.4,94.0,5.6,135.0,81.0,Yes,No,303.0,Current,Occasionally,Unhealthy,Occasionally,No,No,25.31,0
31,Male,175.1,70.0,95.0,6.3,99.0,63.0,No,No,130.0,Former,Frequently,Average,Never,N/A,N/A,22.83,0
59,Female,160.8,90.7,97.0,5.8,130.0,79.0,No,No,192.0,Current,Never,Healthy,Occasionally,Yes,Yes,35.08,0
53,Male,176.1,90.6,110.0,6.1,146.0,59.0,Yes,No,151.0,Current,Frequently,Average,Never,N/A,N/A,29.22,0
32,Female,160.1,94.3,135.0,5.6,125.0,75.0,No,Yes,120.0,Never,Occasionally,Unhealthy,Occasionally,Yes,Yes,36.79,1
54,Female,180.3,82.4,88.0,5.4,125.0,70.0,No,No,243.0,Never,Occasionally,Average,Occasionally,No,No,25.35,0
20,Female,166.4,65.1,74.0,6.6,101.0,77.0,No,No,65.0,Never,Never,Average,Frequently,No,No,23.51,0
43,Male,185.4,64.7,93.0,5.6,115.0,68.0,Yes,No,17.0,Former,Frequently,Average,Never,N/A,N/A,18.82,0
56,Female,169.8,70.3,66.0,5.6,127.0,84.0,No,No,168.0,Former,Occasionally,Healthy,Occasionally,No,N/A,24.38,0
59,Male,173.0,100.6,55.0,6.2,117.0,79.0,No,No,57.0,Former,Never,Unhealthy,Frequently,N/A,N/A,33.61,0
23,Male,174.8,63.1,90.0,5.8,108.0,65.0,Yes,No,249.0,Never,Frequently,Healthy,Frequently,N/A,N/A,20.65,0
23,Male,163.2,69.4,83.0,5.3,98.0,86.0,No,No,281.0,Never,Occasionally,Average,Occasionally,N/A,N/A,26.06,0
54,Female,152.9,76.2,83.0,5.6,120.0,83.0,No,No,2.0,Never,Occasionally,Healthy,Occasionally,No,No,32.59,0
73,Female,178.0,58.2,68.0,4.4,98.0,70.0,No,No,196.0,Never,Occasionally,Average,Never,N/A,No,18.37,0
70,Male,171.9,62.4,122.0,4.0,111.0,93.0,Yes,Yes,304.0,Never,Occasionally,Average,Frequently,N/A,N/A,21.12,1
42,Female,167.7,41.3,74.0,4.3,110.0,79.0,No,No,78.0,Never,Never,Average,Frequently,No,No,14.69,0
65,Male,166.3,68.4,103.0,4.9,136.0,84.0,No,No,130.0,Never,Frequently,Average,Occasionally,N/A,N/A,24.73,0
68,Female,156.0,55.4,88.0,6.2,136.0,83.0,No,No,113.0,Never,Occasionally,Average,Frequently,No,No,22.76,0
61,Female,161.6,86.3,129.0,6.9,143.0,82.0,No,No,258.0,Never,Occasionally,Unhealthy,Occasionally,N/A,No,33.05,0
35,Female,147.4,77.1,160.0,4.8,109.0,74.0,Yes,No,217.0,Never,Occasionally,Healthy,Never,No,No,35.49,1
37,Male,171.3,77.9,126.0,6.3,105.0,61.0,Yes,No,307.0,Never,Occasionally,Average,Never,N/A,N/A,26.55,1
81,Male,180.4,75.9,84.0,6.3,147.0,80.0,No,No,85.0,Current,Occasionally,Unhealthy,Occasionally,N/A,N/A,23.32,0
31,Female,154.4,77.9,99.0,4.9,117.0,86.0,No,No,0.0,Never,Occasionally,Healthy,Never,No,No,32.68,0
46,Male,178.4,85.9,55.0,4.9,123.0,88.0,No,Yes,187.0,Former,Never,Average,Frequently,N/A,N/A,26.99,0
28,Female,140.7,74.7,55.0,6.4,117.0,72.0,Yes,No,102.0,Never,Occasionally,Healthy,Occasionally,No,No,37.73,0
65,Female,161.7,67.1,81.0,6.1,108.0,110.0,No,No,0.0,Current,Never,Average,Occasionally,No,No,25.66,0
37,Male,183.1,87.6,55.0,6.0,124.0,60.0,No,No,229.0,Never,Occasionally,Healthy,Frequently,N/A,N/A,26.13,0
66,Male,158.9,99.8,128.0,5.8,116.0,90.0,No,No,99.0,Former,Occasionally,Healthy,Frequently,N/A,N/A,39.53,1
38,Female,156.8,77.8,98.0,6.2,111.0,97.0,No,Yes,76.0,Never,Never,Healthy,Occasionally,No,No,31.64,0
33,Female,163.9,75.2,56.0,4.6,139.0,84.0,No,No,122.0,Never,Never,Average,Occasionally,No,No,27.99,0
30,Female,175.3,69.8,64.0,6.7,108.0,75.0,No,No,0.0,Current,Never,Average,Occasionally,No,No,22.71,0
63,Male,180.1,47.7,101.0,6.7,124.0,65.0,Yes,No,145.0,Former,Never,Unhealthy,Never,N/A,N/A,14.71,0
54,Male,185.1,89.9,80.0,5.5,108.0,85.0,No,No,258.0,Never,Occasionally,Average,Never,N/A,N/A,26.24,0
81,Male,176.1,68.6,104.0,5.9,123.0,85.0,No,No,242.0,Never,Occasionally,Healthy,Occasionally,N/A,N/A,22.12,0
47,Female,162.5,75.7,96.0,6.3,121.0,69.0,No,No,72.0,Former,Occasionally,Healthy,Occasionally,N/A,No,28.67,0
50,Male,182.6,111.8,90.0,5.2,137.0,79.0,Yes,No,192.0,Current,Occasionally,Healthy,Never,N/A,N/A,33.53,0
54,Female,153.4,81.3,86.0,5.9,145.0,96.0,No,No,382.0,Never,Never,Average,Occasionally,No,No,34.55,0
47,Female,158.3,72.8,59.0,4.9,109.0,82.0,No,No,142.0,Never,Occasionally,Unhealthy,Occasionally,N/A,No,29.05,0
38,Female,169.9,76.2,99.0,5.6,86.0,72.0,No,No,205.0,Never,Never,Unhealthy,Never,No,N/A,26.4,0
82,Female,164.9,64.2,92.0,7.6,138.0,79.0,No,No,124.0,Current,Occasionally,Unhealthy,Occasionally,No,No,23.61,0
59,Male,168.0,85.6,86.0,7.2,144.0,77.0,No,No,0.0,Never,Occasionally,Average,Occasionally,N/A,N/A,30.33,0
55,Female,161.5,80.0,112.0,5.7,107.0,94.0,No,No,0.0,Never,Occasionally,Average,Frequently,No,No,30.67,0
58,Male,185.0,53.0,110.0,6.0,123.0,75.0,Yes,Yes,375.0,Current,Occasionally,Average,Frequently,N/A,N/A,15.49,0
22,Female,169.1,99.8,95.0,6.0,131.0,100.0,No,No,337.0,Never,Frequently,Average,Frequently,N/A,No,34.9,0
83,Female,161.8,64.9,113.0,5.2,115.0,88.0,No,No,139.0,Never,Never,Unhealthy,Occasionally,No,No,24.79,0
18,Male,191.5,74.1,83.0,5.1,94.0,61.0,No,No,170.0,Never,Never,Unhealthy,Occasionally,N/A,N/A,20.21,0
60,Male,169.7,68.2,132.0,6.0,121.0,90.0,No,No,327.0,Never,Occasionally,Average,Occasionally,N/A,N/A,23.68,0
76,Female,166.7,45.6,79.0,6.1,127.0,87.0,Yes,No,114.0,Never,Never,Average,Never,No,No,16.41,0
26,Female,156.6,86.8,84.0,5.1,119.0,72.0,Yes,No,194.0,Current,Occasionally,Unhealthy,Frequently,No,No,35.39,0
18,Male,173.3,98.6,78.0,5.0,96.0,78.0,No,No,180.0,Never,Never,Healthy,Frequently,N/A,N/A,32.83,0
53,Male,170.6,109.8,71.0,6.1,123.0,73.0,No,No,139.0,Never,Never,Average,Frequently,N/A,N/A,37.73,0
43,Male,189.9,77.8,59.0,4.9,124.0,76.0,No,No,89.0,Current,Never,Healthy,Occasionally,N/A,N/A,21.57,0
33,Male,171.9,109.5,55.0,5.8,127.0,82.0,No,Yes,0.0,Current,Never,Healthy,Frequently,N/A,N/A,37.06,0
50,Male,174.2,90.0,126.0,6.1,129.0,73.0,No,No,66.0,Current,Frequently,Average,Frequently,N/A,N/A,29.66,0
43,Male,168.5,63.9,108.0,3.9,129.0,91.0,No,No,151.0,Never,Occasionally,Unhealthy,Never,N/A,N/A,22.51,0
85,Male,170.7,70.3,80.0,6.4,117.0,84.0,No,No,0.0,Current,Occasionally,Average,Occasionally,N/A,N/A,24.13,0
75,Female,154.2,62.5,120.0,5.8,126.0,83.0,No,No,0.0,Never,Occasionally,Average,Frequently,No,No,26.29,1
24,Female,161.2,66.9,103.0,3.7,114.0,85.0,No,No,117.0,Never,Occasionally,Unhealthy,Never,No,No,25.75,0
76,Male,172.3,94.6,100.0,5.6,139.0,74.0,Yes,No,8.0,Never,Never,Healthy,Frequently,N/A,N/A,31.87,0
22,Male,199.5,79.9,69.0,5.8,85.0,79.0,No,No,0.0,Never,Occasionally,Healthy,Occasionally,N/A,N/A,20.08,0
50,Female,161.9,39.8,116.0,5.8,115.0,66.0,Yes,No,299.0,Never,Occasionally,Average,Occasionally,N/A,No,15.18,0
77,Female,166.6,58.6,90.0,5.4,129.0,106.0,Yes,Yes,82.0,Never,Occasionally,Unhealthy,Frequently,No,No,21.11,0
69,Female,158.1,80.9,119.0,5.8,104.0,86.0,No,No,157.0,Never,Occasionally,Healthy,Occasionally,No,No,32.37,0
35,Female,160.0,86.7,106.0,5.1,132.0,58.0,No,No,130.0,Never,Occasionally,Healthy,Never,No,No,33.87,0
43,Male,181.5,72.5,66.0,6.0,106.0,92.0,No,No,237.0,Former,Occasionally,Healthy,Occasionally,N/A,N/A,22.01,0
40,Male,186.2,89.6,130.0,5.4,142.0,99.0,No,No,1.0,Never,Never,Average,Never,N/A,N/A,25.84,0
66,Female,167.8,63.0,86.0,5.2,93.0,66.0,Yes,No,50.0,Former,Frequently,Average,Frequently,Yes,No,22.37,0
57,Male,169.7,96.1,78.0,5.0,122.0,89.0,No,No,150.0,Never,Frequently,Average,Never,N/A,N/A,33.37,0
81,Female,151.2,73.3,131.0,5.7,140.0,83.0,No,Yes,249.0,Current,Occasionally,Healthy,Never,No,No,32.06,1
59,Male,165.9,65.8,117.0,4.9,133.0,70.0,Yes,No,183.0,Never,Never,Healthy,Occasionally,N/A,N/A,23.91,0
74,Female,164.8,108.0,115.0,6.4,145.0,75.0,No,No,0.0,Never,Occasionally,Average,Never,No,No,39.77,1
31,Female,159.8,84.7,94.0,5.5,117.0,74.0,No,No,234.0,Current,Never,Average,Never,N/A,No,33.17,0
51,Female,161.6,77.6,70.0,6.6,136.0,73.0,Yes,No,122.0,Never,Never,Healthy,Occasionally,No,No,29.72,0
83,Female,178.0,61.0,114.0,6.1,134.0,88.0,No,No,63.0,Never,Never,Average,Occasionally,No,No,19.25,0
83,Male,185.3,89.5,80.0,5.7,118.0,92.0,No,No,302.0,Never,Occasionally,Unhealthy,Occasionally,N/A,N/A,26.07,0
55,Female,159.6,70.2,100.0,5.6,139.0,76.0,No,No,34.0,Former,Never,Average,Occasionally,No,No,27.56,0
40,Female,159.1,69.5,105.0,6.6,120.0,73.0,No,No,152.0,Former,Occasionally,Average,Never,No,No,27.46,0
60,Male,165.9,56.7,84.0,5.3,93.0,88.0,No,No,98.0,Never,Never,Healthy,Occasionally,N/A,N/A,20.6,0
53,Male,172.3,93.0,96.0,6.0,142.0,86.0,No,No,167.0,Never,Occasionally,Healthy,Never,N/A,N/A,31.33,0
26,Female,157.8,44.5,99.0,5.7,123.0,88.0,Yes,No,0.0,Never,Occasionally,Average,Frequently,Yes,No,17.87,1
41,Female,158.6,77.2,96.0,4.7,130.0,72.0,No,No,139.0,Never,Occasionally,Healthy,Never,No,No,30.69,0
44,Female,165.7,82.2,108.0,5.4,122.0,82.0,Yes,No,131.0,Former,Occasionally,Healthy,Occasionally,No,No,29.94,0
66,Female,176.7,83.7,83.0,5.9,129.0,83.0,No,No,172.0,Current,Occasionally,Average,Occasionally,No,No,26.81,0
37,Female,152.0,63.5,84.0,3.8,131.0,87.0,Yes,No,39.0,Never,Occasionally,Average,Occasionally,No,No,27.48,0
65,Male,176.6,98.6,98.0,5.8,130.0,74.0,No,No,10.0,Former,Occasionally,Unhealthy,Occasionally,N/A,N/A,31.62,0
35,Male,160.0,85.0,115.0,5.9,110.0,88.0,No,No,58.0,Former,Occasionally,Unhealthy,Occasionally,N/A,N/A,33.2,0
19,Male,180.3,99.0,97.0,5.1,85.0,66.0,No,No,0.0,Never,Occasionally,Average,Occasionally,N/A,N/A,30.45,0
38,Female,168.9,52.0,80.0,6.0,102.0,74.0,Yes,No,169.0,Never,Occasionally,Healthy,Occasionally,N/A,No,18.23,0
44,Female,147.6,68.7,86.0,6.1,121.0,58.0,Yes,No,175.0,Never,Occasionally,Average,Occasionally,No,Yes,31.53,0
45,Female,172.7,63.0,114.0,4.8,136.0,81.0,No,No,162.0,Never,Frequently,Average,Frequently,No,Yes,21.12,1
64,Female,165.2,57.8,146.0,5.0,145.0,53.0,No,No,0.0,Current,Never,Healthy,Occasionally,No,N/A,21.18,0
40,Male,184.0,106.6,69.0,6.3,138.0,71.0,Yes,No,0.0,Current,Occasionally,Average,Occasionally,N/A,N/A,31.49,0
32,Female,163.4,86.7,116.0,4.9,124.0,72.0,No,No,118.0,Current,Occasionally,Unhealthy,Occasionally,No,Yes,32.47,0
34,Male,170.3,85.2,106.0,6.1,104.0,90.0,No,No,118.0,Never,Occasionally,Healthy,Occasionally,N/A,N/A,29.38,0
44,Female,152.4,90.7,105.0,5.2,95.0,73.0,No,No,103.0,Never,Occasionally,Average,Frequently,No,Yes,39.05,0
47,Female,160.9,69.0,127.0,6.6,116.0,74.0,No,No,191.0,Former,Never,Healthy,Never,No,N/A,26.65,1
36,Female,164.2,66.8,86.0,5.8,136.0,74.0,No,No,177.0,Never,Never,Average,Occasionally,N/A,No,24.78,0
37,Female,174.1,76.5,56.0,5.2,119.0,82.0,No,No,149.0,Never,Never,Unhealthy,Never,No,Yes,25.24,0
64,Female,161.7,44.7,124.0,6.0,144.0,70.0,No,No,57.0,Never,Frequently,Average,Occasionally,No,N/A,17.1,0
77,Male,177.4,76.0,56.0,5.7,113.0,80.0,No,No,193.0,Former,Frequently,Healthy,Occasionally,N/A,N/A,24.15,0
50,Male,181.5,104.7,117.0,6.1,126.0,74.0,No,No,46.0,Never,Never,Healthy,Occasionally,N/A,N/A,31.78,0
32,Male,168.5,86.6,103.0,4.5,114.0,69.0,Yes,No,145.0,Never,Occasionally,Healthy,Occasionally,N/A,N/A,30.5,0
41,Male,183.0,69.7,62.0,4.3,112.0,91.0,Yes,No,80.0,Never,Occasionally,Average,Occasionally,N/A,N/A,20.81,0
80,Male,172.5,88.6,98.0,5.6,137.0,86.0,Yes,No,0.0,Never,Occasionally,Unhealthy,Occasionally,N/A,N/A,29.78,0
35,Female,170.1,77.0,63.0,6.0,102.0,76.0,No,No,62.0,Former,Never,Healthy,Never,No,No,26.61,0
52,Male,183.2,73.7,132.0,5.0,142.0,72.0,Yes,No,374.0,Former,Occasionally,Healthy,Occasionally,N/A,N/A,21.96,0
26,Female,152.8,107.5,106.0,5.0,130.0,89.0,No,No,143.0,Current,Occasionally,Average,Never,No,N/A,46.04,0
75,Female,162.4,61.0,98.0,6.1,97.0,77.0,Yes,No,277.0,Former,Never,Healthy,Occasionally,N/A,Yes,23.13,0
43,Male,176.6,92.7,126.0,6.4,147.0,56.0,No,No,107.0,Never,Occasionally,Healthy,Occasionally,N/A,N/A,29.72,1
59,Male,180.7,97.6,106.0,6.0,118.0,100.0,Yes,No,226.0,Current,Occasionally,Average,Occasionally,N/A,N/A,29.89,0
82,Female,163.6,66.6,101.0,5.4,144.0,78.0,No,No,77.0,Never,Frequently,Average,Never,Yes,No,24.88,0
42,Male,185.6,98.8,89.0,5.5,129.0,89.0,No,No,63.0,Never,Occasionally,Unhealthy,Never,N/A,N/A,28.68,0
45,Male,174.2,100.1,117.0,5.2,129.0,81.0,No,No,190.0,Never,Occasionally,Healthy,Occasionally,N/A,N/A,32.99,0
83,Female,155.3,54.5,94.0,6.6,137.0,85.0,No,No,92.0,Current,Occasionally,Unhealthy,Never,No,No,22.6,0
65,Male,157.6,78.1,111.0,6.9,105.0,80.0,No,No,289.0,Never,Never,Average,Never,N/A,N/A,31.44,0
63,Male,177.6,88.4,62.0,5.7,130.0,82.0,No,No,143.0,Never,Occasionally,Healthy,Occasionally,N/A,N/A,28.03,0
62,Male,167.9,55.2,142.0,5.6,148.0,86.0,Yes,No,178.0,Former,Never,Healthy,Never,N/A,N/A,19.58,0
49,Male,177.1,78.5,76.0,6.5,121.0,76.0,No,No,135.0,Former,Never,Average,Never,N/A,N/A,25.03,0
49,Male,181.4,66.9,82.0,4.0,138.0,69.0,No,No,233.0,Never,Never,Healthy,Occasionally,N/A,N/A,20.33,0
63,Male,172.3,59.8,89.0,3.5,125.0,76.0,Yes,No,271.0,Never,Occasionally,Unhealthy,Occasionally,N/A,N/A,20.14,0
33,Female,155.0,87.8,70.0,6.7,118.0,68.0,No,No,0.0,Never,Occasionally,Healthy,Occasionally,N/A,N/A,36.55,0
76,Female,163.4,63.3,111.0,6.5,144.0,90.0,No,No,299.0,Never,Never,Average,Never,Yes,No,23.71,0
26,Female,146.0,79.7,141.0,5.7,134.0,77.0,No,No,119.0,Current,Never,Average,Occasionally,No,No,37.39,0
39,Male,178.5,91.4,83.0,5.3,128.0,89.0,Yes,No,246.0,Never,Never,Average,Never,N/A,N/A,28.69,0
32,Male,180.9,62.4,93.0,4.7,101.0,70.0,No,No,268.0,Never,Occasionally,Healthy,Occasionally,N/A,N/A,19.07,0
82,Male,170.5,56.2,80.0,5.0,144.0,86.0,Yes,No,182.0,Never,Frequently,Healthy,Never,N/A,N/A,19.33,0
72,Female,152.2,81.5,116.0,5.3,138.0,65.0,No,No,84.0,Current,Occasionally,Average,Never,No,No,35.18,1
70,Female,160.4,76.8,104.0,6.1,120.0,91.0,No,No,109.0,Never,Occasionally,Unhealthy,Never,No,No,29.85,1
31,Male,174.3,98.3,104.0,4.5,133.0,76.0,No,No,256.0,Current,Occasionally,Unhealthy,Frequently,N/A,N/A,32.36,0
83,Male,179.9,82.4,99.0,5.5,147.0,67.0,No,No,266.0,Former,Never,Average,Occasionally,N/A,N/A,25.46,0
38,Male,179.9,73.5,98.0,4.4,105.0,86.0,No,No,233.0,Never,Occasionally,Unhealthy,Occasionally,N/A,N/A,22.71,0
69,Male,172.7,111.2,130.0,4.8,125.0,75.0,No,No,214.0,Never,Frequently,Average,Occasionally,N/A,N/A,37.28,0
20,Female,161.5,73.3,117.0,5.5,110.0,69.0,No,No,313.0,Former,Occasionally,Average,Never,No,No,28.1,1
85,Female,157.6,71.0,108.0,5.0,137.0,91.0,No,No,69.0,Current,Occasionally,Unhealthy,Never,No,No,28.59,0
78,Female,159.6,93.2,117.0,6.0,162.0,95.0,Yes,No,16.0,Former,Occasionally,Average,Never,No,No,36.59,1
80,Male,168.1,92.7,142.0,6.4,147.0,81.0,No,Yes,260.0,Current,Occasionally,Average,Never,N/A,N/A,32.81,0
42,Female,161.9,79.3,68.0,5.3,122.0,82.0,Yes,Yes,111.0,Never,Occasionally,Average,Never,Yes,No,30.25,0
61,Male,184.7,87.9,107.0,6.7,121.0,87.0,No,No,2.0,Never,Never,Unhealthy,Occasionally,N/A,N/A,25.77,0
80,Female,166.5,60.5,111.0,6.1,115.0,88.0,Yes,No,212.0,Former,Never,Average,Occasionally,Yes,No,21.82,0
70,Female,159.1,49.9,68.0,3.9,110.0,76.0,Yes,No,38.0,Never,Frequently,Unhealthy,Occasionally,No,No,19.71,0
25,Female,153.8,65.1,88.0,6.5,140.0,101.0,No,No,193.0,Never,Occasionally,Average,Occasionally,No,No,27.52,0
58,Female,177.6,46.3,88.0,6.0,119.0,73.0,No,No,318.0,Former,Occasionally,Healthy,Occasionally,N/A,No,14.68,0
44,Male,173.8,62.6,119.0,7.9,120.0,71.0,No,No,223.0,Never,Never,Average,Never,N/A,N/A,20.72,0
60,Female,171.4,60.9,65.0,4.9,124.0,73.0,Yes,No,98.0,Never,Occasionally,Average,Frequently,No,No,20.73,0
54,Male,168.7,53.5,106.0,5.4,135.0,73.0,Yes,No,55.0,Never,Occasionally,Healthy,Never,N/A,N/A,18.8,0
38,Female,157.3,70.1,129.0,5.1,114.0,66.0,No,No,204.0,Never,Occasionally,Unhealthy,Occasionally,No,No,28.33,0
48,Female,163.4,59.7,55.0,5.8,152.0,76.0,No,No,101.0,Never,Frequently,Average,Frequently,No,No,22.36,0
24,Female,155.2,80.3,85.0,4.4,111.0,81.0,No,No,199.0,Never,Occasionally,Unhealthy,Occasionally,No,No,33.34,0
30,Female,160.8,38.0,96.0,4.5,108.0,83.0,No,No,335.0,Never,Never,Average,Occasionally,No,N/A,14.7,0
85,Female,163.6,86.5,99.0,4.7,113.0,81.0,No,No,0.0,Former,Never,Healthy,Never,No,No,32.32,0
41,Male,184.8,82.3,87.0,5.0,117.0,69.0,No,No,17.0,Never,Occasionally,Healthy,Occasionally,N/A,N/A,24.1,0
74,Female,170.1,84.3,98.0,4.9,115.0,91.0,No,No,172.0,Former,Occasionally,Healthy,Occasionally,Yes,No,29.14,1
67,Female,163.4,55.0,100.0,5.4,150.0,62.0,Yes,No,0.0,Former,Occasionally,Average,Occasionally,No,No,20.6,0
68,Female,182.5,91.2,108.0,4.8,99.0,64.0,No,No,226.0,Never,Occasionally,Average,Occasionally,No,No,27.38,0
23,Female,167.4,92.0,83.0,5.1,85.0,70.0,No,No,114.0,Never,Never,Average,Occasionally,Yes,N/A,32.83,0
52,Male,181.2,90.6,83.0,5.2,125.0,82.0,No,No,63.0,Never,Never,Average,Occasionally,N/A,N/A,27.59,0
70,Female,160.1,65.7,116.0,6.6,146.0,93.0,No,No,51.0,Current,Occasionally,Average,Frequently,No,No,25.63,1
26,Male,185.8,68.9,70.0,4.6,101.0,72.0,No,No,45.0,Never,Occasionally,Average,Frequently,N/A,N/A,19.96,0
76,Female,165.0,92.9,97.0,6.3,109.0,92.0,No,No,118.0,Current,Never,Average,Occasionally,No,No,34.12,0
76,Male,174.1,84.3,105.0,6.7,113.0,70.0,No,No,185.0,Current,Never,Average,Occasionally,N/A,N/A,27.81,0
40,Male,169.2,79.8,81.0,5.6,150.0,78.0,No,No,185.0,Current,Occasionally,Healthy,Frequently,N/A,N/A,27.87,0
56,Male,185.2,96.1,75.0,4.1,112.0,72.0,No,No,212.0,Former,Occasionally,Average,Occasionally,N/A,N/A,28.02,0
58,Male,168.2,98.7,76.0,6.1,139.0,88.0,No,No,31.0,Former,Occasionally,Average,Occasionally,N/A,N/A,34.89,0
68,Female,165.4,87.6,97.0,5.2,113.0,72.0,No,No,125.0,Former,Never,Unhealthy,Occasionally,No,N/A,32.02,0
70,Male,178.9,113.2,82.0,5.6,150.0,85.0,No,No,64.0,Never,Frequently,Healthy,Occasionally,N/A,N/A,35.37,0
69,Female,169.8,47.0,109.0,6.1,121.0,86.0,No,No,252.0,Never,Occasionally,Average,Occasionally,No,Yes,16.3,0
37,Male,170.7,75.6,100.0,5.5,88.0,79.0,No,No,254.0,Former,Frequently,Average,Occasionally,N/A,N/A,25.95,0
67,Male,178.3,72.2,60.0,6.6,130.0,68.0,Yes,No,242.0,Former,Occasionally,Healthy,Occasionally,N/A,N/A,22.71,0
76,Female,145.9,62.6,131.0,4.8,152.0,80.0,Yes,No,198.0,Never,Occasionally,Average,Occasionally,No,No,29.41,1
82,Female,156.5,77.3,121.0,4.4,147.0,90.0,No,No,218.0,Former,Occasionally,Average,Never,No,No,31.56,0
28,Male,174.9,99.5,103.0,5.5,105.0,75.0,Yes,No,141.0,Never,Frequently,Average,Never,N/A,N/A,32.53,0
78,Male,183.1,89.3,109.0,5.5,129.0,68.0,No,No,104.0,Former,Occasionally,Average,Never,N/A,N/A,26.64,0
24,Female,170.2,85.8,67.0,6.1,114.0,98.0,No,Yes,86.0,Never,Never,Average,Frequently,No,No,29.62,0
18,Female,153.9,95.5,55.0,5.8,134.0,103.0,No,No,163.0,Former,Occasionally,Healthy,Occasionally,Yes,Yes,40.32,0
53,Male,172.0,61.0,131.0,6.4,143.0,51.0,No,No,95.0,Never,Frequently,Healthy,Occasionally,N/A,N/A,20.62,0
37,Female,159.5,82.1,68.0,6.0,137.0,87.0,No,No,114.0,Never,Occasionally,Healthy,Occasionally,No,Yes,32.27,0
40,Male,165.3,90.8,76.0,5.9,136.0,83.0,No,No,71.0,Never,Occasionally,Average,Never,N/A,N/A,33.23,0
74,Male,184.7,63.7,101.0,5.8,138.0,82.0,Yes,No,50.0,Never,Occasionally,Unhealthy,Frequently,N/A,N/A,18.67,1
73,Female,158.8,94.3,90.0,5.8,120.0,88.0,No,Yes,125.0,Never,Occasionally,Healthy,Occasionally,No,No,37.39,0
47,Female,159.3,58.0,84.0,5.5,132.0,74.0,No,No,104.0,Never,Never,Unhealthy,Never,N/A,No,22.86,0
69,Female,175.5,86.3,90.0,5.8,121.0,70.0,Yes,No,6.0,Never,Never,Average,Occasionally,Yes,No,28.02,0
62,Female,153.4,98.5,78.0,5.7,136.0,75.0,No,No,207.0,Never,Never,Average,Never,Yes,No,41.86,0
28,Female,166.0,70.0,74.0,4.5,102.0,72.0,Yes,No,122.0,Current,Occasionally,Average,Frequently,No,No,25.4,0
72,Male,182.1,59.6,117.0,6.2,171.0,81.0,No,No,72.0,Former,Occasionally,Unhealthy,Occasionally,N/A,N/A,17.97,1
51,Female,164.3,57.8,94.0,5.7,130.0,77.0,Yes,No,302.0,Never,Occasionally,Healthy,Occasionally,No,Yes,21.41,0
78,Male,164.0,72.9,66.0,5.9,143.0,62.0,No,No,230.0,Never,Occasionally,Unhealthy,Never,N/A,N/A,27.1,0
51,Male,181.5,88.4,118.0,5.7,126.0,72.0,No,No,307.0,Never,Never,Average,Frequently,N/A,N/A,26.83,0
30,Female,169.2,49.4,112.0,4.6,96.0,66.0,No,No,184.0,Never,Frequently,Healthy,Occasionally,No,N/A,17.26,0
74,Male,170.0,86.9,75.0,5.2,115.0,90.0,No,No,0.0,Never,Never,Unhealthy,Occasionally,N/A,N/A,30.07,0
28,Male,184.4,82.6,99.0,7.1,124.0,67.0,No,No,251.0,Never,Never,Average,Occasionally,N/A,N/A,24.29,0
58,Female,158.2,57.5,94.0,5.1,125.0,79.0,No,No,187.0,Former,Never,Average,Frequently,No,No,22.97,0
32,Male,161.3,91.4,116.0,5.5,118.0,99.0,No,No,197.0,Never,Occasionally,Average,Occasionally,N/A,N/A,35.13,0
39,Male,165.7,84.2,91.0,5.2,121.0,72.0,No,No,301.0,Never,Occasionally,Average,Occasionally,N/A,N/A,30.67,0
56,Female,163.8,82.2,55.0,5.7,129.0,63.0,No,No,129.0,Never,Never,Average,Occasionally,No,No,30.64,0
60,Female,167.3,76.4,82.0,5.5,122.0,61.0,No,No,171.0,Never,Never,Healthy,Never,No,No,27.3,0
37,Female,166.6,74.2,125.0,4.3,121.0,81.0,No,No,137.0,Never,Occasionally,Average,Frequently,No,N/A,26.73,0
52,Male,178.9,92.1,110.0,7.7,127.0,78.0,Yes,No,197.0,Current,Occasionally,Healthy,Frequently,N/A,N/A,28.78,1
43,Male,150.2,95.3,127.0,4.9,104.0,77.0,No,No,267.0,Current,Occasionally,Healthy,Occasionally,N/A,N/A,42.24,0
76,Male,167.5,92.3,127.0,6.7,105.0,84.0,No,Yes,0.0,Current,Occasionally,Healthy,Occasionally,N/A,N/A,32.9,1
41,Female,173.4,59.6,86.0,6.3,124.0,82.0,No,No,204.0,Never,Occasionally,Average,Occasionally,No,No,19.82,0
30,Female,140.0,61.2,71.0,5.9,124.0,79.0,Yes,No,246.0,Never,Occasionally,Average,Occasionally,No,N/A,31.22,0
73,Female,169.2,102.3,112.0,5.7,155.0,80.0,Yes,No,9.0,Never,Occasionally,Average,Never,N/A,No,35.73,0
59,Female,165.3,68.9,85.0,6.6,133.0,76.0,No,No,197.0,Never,Never,Average,Occasionally,No,No,25.22,0
78,Male,185.9,87.8,123.0,5.6,111.0,82.0,No,No,88.0,Current,Occasionally,Healthy,Occasionally,N/A,N/A,25.41,1
76,Female,156.2,62.4,130.0,5.6,134.0,80.0,No,Yes,146.0,Never,Never,Unhealthy,Frequently,No,No,25.58,0
39,Female,150.8,49.2,100.0,4.5,85.0,66.0,No,No,293.0,Former,Occasionally,Average,Frequently,No,N/A,21.64,0
63,Female,172.3,88.4,65.0,6.4,127.0,84.0,No,No,0.0,Never,Frequently,Average,Never,No,No,29.78,0
36,Male,176.4,81.3,55.0,4.8,90.0,82.0,No,No,189.0,Never,Frequently,Average,Never,N/A,N/A,26.13,0
51,Female,165.2,66.7,55.0,4.3,145.0,88.0,No,No,261.0,Never,Frequently,Average,Occasionally,No,No,24.44,0
46,Male,169.7,57.0,62.0,4.6,106.0,89.0,No,No,88.0,Never,Occasionally,Healthy,Occasionally,N/A,N/A,19.79,0
53,Male,178.1,92.7,83.0,4.4,132.0,73.0,No,No,334.0,Never,Occasionally,Healthy,Occasionally,N/A,N/A,29.22,0
79,Male,160.4,73.9,84.0,6.1,120.0,76.0,No,No,157.0,Never,Occasionally,Average,Frequently,N/A,N/A,28.72,0
72,Male,169.8,77.0,90.0,6.1,141.0,74.0,No,No,126.0,Former,Never,Average,Frequently,N/A,N/A,26.71,0
48,Male,163.1,109.8,112.0,6.3,94.0,93.0,No,No,62.0,Never,Occasionally,Healthy,Occasionally,N/A,N/A,41.28,0
83,Male,192.8,94.6,60.0,5.7,157.0,74.0,No,No,189.0,Current,Never,Average,Occasionally,N/A,N/A,25.45,0
61,Other,162.9,96.3,74.0,5.1,166.0,63.0,No,No,175.0,Former,Frequently,Healthy,Occasionally,No,No,36.29,0
37,Female,156.5,76.9,113.0,5.6,139.0,82.0,Yes,No,123.0,Never,Frequently,Average,Occasionally,N/A,No,31.4,1
29,Female,170.6,43.2,75.0,5.3,85.0,80.0,Yes,No,213.0,Current,Occasionally,Healthy,Occasionally,No,No,14.84,0
66,Female,147.4,66.8,93.0,7.1,132.0,88.0,No,No,0.0,Never,Occasionally,Average,Occasionally,N/A,No,30.75,0
53,Female,166.4,78.3,88.0,5.7,143.0,90.0,Yes,No,287.0,Never,Frequently,Unhealthy,Occasionally,No,No,28.28,0
66,Female,164.0,83.2,112.0,5.9,124.0,75.0,No,No,36.0,Former,Occasionally,Average,Never,N/A,No,30.93,0
47,Female,158.2,49.9,81.0,4.9,98.0,64.0,No,No,194.0,Never,Never,Unhealthy,Never,No,No,19.94,0
19,Female,161.0,58.2,110.0,3.9,95.0,80.0,No,No,174.0,Current,Never,Average,Occasionally,N/A,No,22.45,0
18,Male,175.7,78.1,86.0,5.3,126.0,55.0,No,No,104.0,Former,Occasionally,Average,Frequently,N/A,N/A,25.3,0
42,Female,158.4,84.8,55.0,6.0,121.0,86.0,No,No,0.0,Never,Occasionally,Average,Occasionally,No,No,33.8,0
29,Male,164.6,75.2,73.0,5.6,159.0,80.0,No,No,192.0,Never,Occasionally,Unhealthy,Frequently,N/A,N/A,27.76,0
44,Male,162.7,72.2,115.0,5.0,111.0,60.0,Yes,No,16.0,Current,Never,Healthy,Frequently,N/A,N/A,27.27,0
35,Female,155.1,84.7,95.0,5.0,149.0,85.0,No,No,192.0,Current,Occasionally,Unhealthy,Occasionally,No,No,35.21,0
75,Other,166.2,88.4,94.0,6.0,169.0,72.0,Yes,Yes,20.0,Never,Occasionally,Healthy,Occasionally,No,No,32.0,0
26,Male,176.8,77.4,83.0,4.1,116.0,63.0,Yes,No,42.0,Former,Frequently,Unhealthy,Occasionally,N/A,N/A,24.76,0
84,Female,159.0,68.3,99.0,5.2,164.0,94.0,No,No,174.0,Never,Never,Average,Occasionally,No,No,27.02,1
31,Male,173.5,73.8,66.0,6.4,127.0,90.0,No,No,149.0,Never,Occasionally,Healthy,Occasionally,N/A,N/A,24.52,0
73,Female,151.9,77.4,117.0,6.1,146.0,79.0,Yes,No,282.0,Current,Never,Healthy,Occasionally,N/A,No,33.54,0
57,Male,176.8,83.5,107.0,6.3,149.0,95.0,No,No,40.0,Never,Occasionally,Healthy,Never,N/A,N/A,26.71,0
68,Female,165.5,73.3,71.0,6.7,107.0,56.0,No,No,343.0,Never,Never,Healthy,Never,No,No,26.76,0
18,Male,174.1,79.3,92.0,6.0,120.0,69.0,No,No,46.0,Never,Never,Healthy,Occasionally,N/A,N/A,26.16,0
61,Female,169.1,38.0,115.0,6.3,116.0,76.0,No,No,211.0,Current,Frequently,Average,Frequently,Yes,No,13.29,0
51,Male,192.5,88.2,93.0,4.9,114.0,78.0,No,No,192.0,Current,Occasionally,Healthy,Occasionally,N/A,N/A,23.8,0
59,Female,151.1,63.7,94.0,5.0,121.0,81.0,No,No,0.0,Former,Never,Healthy,Occasionally,No,No,27.9,0
56,Female,151.6,65.6,77.0,6.0,106.0,91.0,No,No,0.0,Current,Occasionally,Healthy,Occasionally,No,No,28.54,0
36,Male,154.6,96.3,89.0,6.5,124.0,78.0,No,No,41.0,Current,Never,Average,Occasionally,N/A,N/A,40.29,1
76,Female,165.7,78.6,133.0,6.5,142.0,65.0,No,Yes,219.0,Current,Never,Average,Occasionally,No,No,28.63,0
67,Male,174.9,66.2,109.0,5.8,112.0,87.0,No,No,207.0,Never,Occasionally,Healthy,Never,N/A,N/A,21.64,0
42,Female,149.1,67.2,138.0,4.9,137.0,93.0,No,No,152.0,Current,Occasionally,Average,Occasionally,No,No,30.23,0
43,Male,179.7,72.4,94.0,4.5,126.0,92.0,Yes,No,76.0,Never,Never,Healthy,Frequently,N/A,N/A,22.42,0
70,Female,159.7,45.2,56.0,4.3,121.0,75.0,Yes,No,42.0,Current,Never,Average,Never,N/A,Yes,17.72,0
48,Female,161.8,49.4,74.0,4.5,105.0,87.0,Yes,No,8.0,Never,Frequently,Average,Occasionally,No,No,18.87,0
51,Male,181.4,77.3,65.0,4.8,93.0,92.0,No,No,221.0,Former,Frequently,Average,Never,N/A,N/A,23.49,0
39,Male,178.7,77.6,93.0,5.5,133.0,80.0,No,No,268.0,Never,Occasionally,Healthy,Frequently,N/A,N/A,24.3,0
25,Female,154.0,81.1,84.0,4.6,101.0,81.0,No,No,171.0,Never,Never,Average,Occasionally,No,No,34.2,0
27,Male,161.9,70.5,82.0,5.6,127.0,83.0,Yes,No,69.0,Never,Occasionally,Unhealthy,Never,N/A,N/A,26.9,0
75,Female,162.6,79.0,89.0,6.5,108.0,66.0,No,No,15.0,Never,Frequently,Average,Never,No,No,29.88,0
80,Male,168.8,89.5,59.0,5.9,125.0,70.0,No,No,0.0,Never,Never,Healthy,Occasionally,N/A,N/A,31.41,0
23,Male,166.3,79.6,114.0,5.7,114.0,76.0,No,No,289.0,Never,Frequently,Average,Never,N/A,N/A,28.78,0
66,Female,162.6,78.0,101.0,5.4,113.0,85.0,No,No,181.0,Never,Occasionally,Unhealthy,Occasionally,No,No,29.5,0
42,Male,170.1,67.0,85.0,6.0,132.0,68.0,No,No,147.0,Never,Occasionally,Healthy,Never,N/A,N/A,23.16,0
32,Male,171.2,69.9,63.0,6.0,138.0,76.0,Yes,No,315.0,Never,Occasionally,Average,Occasionally,N/A,N/A,23.85,0
38,Male,173.0,102.4,92.0,4.8,130.0,86.0,No,No,31.0,Never,Occasionally,Healthy,Occasionally,N/A,N/A,34.21,0
55,Male,165.5,77.9,89.0,5.1,120.0,80.0,No,No,128.0,Never,Occasionally,Average,Occasionally,N/A,N/A,28.44,1
82,Male,184.4,72.6,84.0,6.7,121.0,57.0,Yes,No,245.0,Current,Frequently,Unhealthy,Occasionally,N/A,N/A,21.35,0
61,Female,167.4,88.2,123.0,5.4,159.0,71.0,No,No,64.0,Never,Occasionally,Average,Occasionally,Yes,No,31.47,0
59,Female,169.7,74.6,76.0,6.4,150.0,87.0,No,No,56.0,Never,Frequently,Unhealthy,Occasionally,No,No,25.9,0
40,Female,165.4,69.2,76.0,6.8,110.0,80.0,No,No,240.0,Never,Never,Healthy,Occasionally,No,No,25.3,0
77,Female,168.5,65.4,97.0,6.4,118.0,83.0,No,No,244.0,Former,Frequently,Unhealthy,Never,No,No,23.03,0
72,Female,164.6,99.0,105.0,7.0,133.0,78.0,Yes,No,235.0,Never,Never,Average,Never,No,No,36.54,1
73,Male,170.5,73.1,97.0,6.3,115.0,84.0,No,No,267.0,Current,Occasionally,Unhealthy,Frequently,N/A,N/A,25.15,0
78,Male,175.7,73.9,104.0,5.7,134.0,80.0,No,No,304.0,Never,Occasionally,Healthy,Occasionally,N/A,N/A,23.94,1
31,Male,175.2,89.3,114.0,6.3,137.0,83.0,No,No,29.0,Never,Never,Unhealthy,Never,N/A,N/A,29.09,0
18,Male,164.2,88.4,100.0,5.0,107.0,78.0,Yes,No,162.0,Current,Never,Average,Occasionally,N/A,N/A,32.79,0
26,Female,148.1,56.3,86.0,5.5,128.0,92.0,No,No,109.0,Never,Occasionally,Average,Frequently,No,No,25.67,0
54,Male,179.2,48.4,106.0,6.7,116.0,64.0,No,No,86.0,Never,Never,Average,Never,N/A,N/A,15.07,0
70,Male,171.3,78.5,77.0,6.1,149.0,45.0,No,No,49.0,Never,Never,Healthy,Frequently,N/A,N/A,26.75,0
64,Male,176.2,96.7,87.0,5.7,152.0,85.0,No,No,139.0,Never,Occasionally,Unhealthy,Occasionally,N/A,N/A,31.15,0
50,Female,156.7,84.4,80.0,6.5,135.0,91.0,No,No,171.0,Never,Frequently,Average,Never,No,No,34.37,0
55,Other,174.4,47.1,136.0,6.3,122.0,80.0,No,No,108.0,Never,Occasionally,Average,Occasionally,No,No,15.49,0
33,Male,175.1,88.7,100.0,5.5,115.0,89.0,Yes,No,136.0,Current,Never,Average,Frequently,N/A,N/A,28.93,0
69,Female,150.5,78.7,101.0,4.3,161.0,87.0,No,Yes,160.0,Never,Never,Unhealthy,Occasionally,No,No,34.75,1
62,Female,159.8,64.2,137.0,4.4,111.0,84.0,No,No,0.0,Never,Occasionally,Unhealthy,Occasionally,No,No,25.14,0
26,Male,175.8,77.5,67.0,5.2,85.0,68.0,No,No,0.0,Former,Frequently,Unhealthy,Occasionally,N/A,N/A,25.08,0
38,Female,163.1,41.9,107.0,5.9,122.0,75.0,No,No,385.0,Former,Occasionally,Healthy,Frequently,No,No,15.75,0
62,Male,155.5,67.2,75.0,5.8,127.0,80.0,No,No,37.0,Former,Never,Average,Never,N/A,N/A,27.79,0
63,Female,154.6,67.6,109.0,5.5,102.0,69.0,Yes,No,10.0,Current,Occasionally,Healthy,Frequently,No,Yes,28.28,0
52,Female,158.5,70.0,106.0,5.6,132.0,75.0,No,No,116.0,Never,Never,Average,Occasionally,N/A,No,27.86,0
24,Female,171.5,94.1,71.0,6.3,145.0,75.0,Yes,No,220.0,Never,Occasionally,Unhealthy,Occasionally,No,No,31.99,0
85,Male,162.9,51.7,67.0,7.1,165.0,81.0,No,No,173.0,Never,Occasionally,Average,Never,N/A,N/A,19.48,0
43,Male,163.8,63.5,92.0,4.9,137.0,65.0,No,No,123.0,Former,Never,Average,Never,N/A,N/A,23.67,0
82,Female,160.3,38.0,111.0,5.6,122.0,88.0,Yes,No,60.0,Never,Occasionally,Average,Never,No,No,14.79,0
72,Male,170.2,66.8,127.0,5.1,146.0,89.0,No,No,103.0,Current,Occasionally,Average,Never,N/A,N/A,23.06,0
76,Male,183.1,50.4,77.0,8.0,117.0,85.0,Yes,No,144.0,Current,Occasionally,Unhealthy,Occasionally,N/A,N/A,15.03,0
46,Male,172.8,78.1,55.0,5.8,119.0,74.0,Yes,No,0.0,Never,Occasionally,Average,Frequently,N/A,N/A,26.16,0
82,Male,178.2,78.1,83.0,6.4,118.0,86.0,No,No,0.0,Never,Never,Unhealthy,Occasionally,N/A,N/A,24.59,0
44,Male,179.9,92.9,100.0,5.6,123.0,85.0,No,No,75.0,Never,Occasionally,Unhealthy,Occasionally,N/A,N/A,28.7,0
18,Female,159.9,95.6,57.0,5.6,108.0,89.0,No,No,187.0,Never,Never,Average,Frequently,No,No,37.39,0
31,Female,150.7,54.6,103.0,5.0,93.0,74.0,No,No,221.0,Current,Occasionally,Unhealthy,Occasionally,No,No,24.04,0
52,Female,153.7,82.1,94.0,5.7,146.0,78.0,No,No,161.0,Current,Occasionally,Average,Occasionally,No,No,34.75,0
70,Male,164.6,60.6,62.0,6.2,118.0,74.0,No,No,186.0,Never,Frequently,Average,Occasionally,N/A,N/A,22.37,0
74,Male,177.4,71.8,91.0,6.7,131.0,71.0,No,No,17.0,Never,Occasionally,Unhealthy,Occasionally,N/A,N/A,22.81,0
58,Female,160.1,86.4,90.0,6.2,106.0,94.0,No,No,374.0,Never,Frequently,Average,Never,No,Yes,33.71,0
22,Female,166.0,72.7,103.0,4.8,121.0,72.0,Yes,No,209.0,Former,Occasionally,Healthy,Never,No,No,26.38,0
24,Female,155.9,44.7,60.0,3.5,133.0,55.0,Yes,No,242.0,Former,Occasionally,Healthy,Never,No,N/A,18.39,0
34,Female,158.7,102.8,87.0,6.0,103.0,68.0,No,No,87.0,Current,Frequently,Average,Occasionally,N/A,Yes,40.82,0
56,Male,173.4,65.0,127.0,4.2,111.0,94.0,No,Yes,41.0,Never,Occasionally,Unhealthy,Never,N/A,N/A,21.62,1
71,Male,178.9,84.9,129.0,6.9,133.0,91.0,Yes,Yes,144.0,Former,Occasionally,Unhealthy,Frequently,N/A,N/A,26.53,1
36,Female,168.5,76.4,126.0,6.0,105.0,70.0,No,Yes,331.0,Former,Occasionally,Average,Occasionally,Yes,No,26.91,0
42,Female,151.1,69.4,83.0,6.5,120.0,87.0,No,No,125.0,Never,Occasionally,Unhealthy,Occasionally,No,Yes,30.4,0
25,Female,162.5,75.0,94.0,5.8,85.0,81.0,No,No,233.0,Current,Occasionally,Average,Occasionally,No,No,28.4,0
18,Male,184.4,74.2,87.0,6.0,103.0,63.0,No,No,302.0,Never,Occasionally,Average,Never,N/A,N/A,21.82,0
31,Female,153.9,87.8,104.0,6.3,111.0,63.0,No,No,269.0,Never,Never,Average,Occasionally,No,No,37.07,0
64,Female,159.9,88.4,132.0,5.0,141.0,84.0,Yes,No,341.0,Never,Never,Average,Never,No,N/A,34.57,0
53,Male,173.5,92.6,119.0,6.2,102.0,65.0,No,No,138.0,Never,Never,Average,Occasionally,N/A,N/A,30.76,0
83,Female,164.2,76.4,72.0,5.4,133.0,89.0,Yes,Yes,343.0,Never,Never,Unhealthy,Occasionally,No,No,28.34,0
83,Male,161.7,80.7,101.0,6.8,142.0,98.0,Yes,No,127.0,Former,Frequently,Healthy,Never,N/A,N/A,30.86,0
69,Male,174.6,83.8,100.0,5.7,112.0,115.0,No,No,278.0,Never,Occasionally,Unhealthy,Occasionally,N/A,N/A,27.49,0
43,Other,164.2,63.8,64.0,4.8,119.0,80.0,No,No,33.0,Current,Occasionally,Average,Occasionally,No,No,23.66,0
52,Female,161.1,38.0,105.0,5.3,136.0,96.0,Yes,No,147.0,Current,Occasionally,Average,Never,No,No,14.64,0
49,Male,176.5,83.7,124.0,5.2,115.0,66.0,No,No,203.0,Never,Never,Average,Occasionally,N/A,N/A,26.87,0
66,Male,174.3,53.2,79.0,5.7,128.0,91.0,No,No,198.0,Never,Never,Unhealthy,Never,N/A,N/A,17.51,0
82,Other,176.8,65.4,88.0,5.5,147.0,92.0,No,No,197.0,Former,Frequently,Unhealthy,Frequently,N/A,No,20.92,0
68,Male,166.0,71.2,96.0,6.1,112.0,87.0,No,No,124.0,Never,Frequently,Average,Occasionally,N/A,N/A,25.84,0
45,Female,155.9,87.2,85.0,4.0,121.0,92.0,No,No,230.0,Never,Never,Average,Occasionally,No,Yes,35.88,0
65,Female,177.1,73.3,91.0,6.1,103.0,70.0,Yes,No,0.0,Current,Frequently,Average,Frequently,No,No,23.37,0
18,Male,166.8,91.8,99.0,5.5,122.0,71.0,No,No,109.0,Never,Frequently,Average,Frequently,N/A,N/A,33.0,0
19,Male,173.4,59.4,101.0,7.3,125.0,71.0,No,No,226.0,Never,Never,Unhealthy,Never,N/A,N/A,19.76,0
73,Female,150.3,77.7,70.0,6.2,132.0,90.0,No,No,131.0,Never,Occasionally,Healthy,Occasionally,No,No,34.4,0
48,Male,174.2,77.8,81.0,6.3,112.0,77.0,No,No,64.0,Never,Occasionally,Unhealthy,Occasionally,N/A,N/A,25.64,0
49,Male,173.7,58.8,102.0,5.3,85.0,86.0,Yes,No,327.0,Current,Occasionally,Unhealthy,Occasionally,N/A,N/A,19.49,0
30,Male,179.6,63.9,71.0,3.9,87.0,49.0,No,No,100.0,Never,Occasionally,Healthy,Frequently,N/A,N/A,19.81,0
42,Male,180.5,86.6,91.0,5.0,123.0,78.0,No,No,61.0,Never,Occasionally,Healthy,Occasionally,N/A,N/A,26.58,0
39,Male,172.3,71.4,118.0,3.5,137.0,87.0,No,No,334.0,Never,Occasionally,Unhealthy,Occasionally,N/A,N/A,24.05,0
54,Female,167.8,57.4,92.0,6.1,126.0,81.0,Yes,No,220.0,Former,Frequently,Healthy,Occasionally,No,No,20.39,0
28,Male,177.2,79.2,89.0,4.7,100.0,62.0,Yes,No,203.0,Never,Never,Average,Occasionally,N/A,N/A,25.22,0
65,Male,165.0,46.1,92.0,5.4,108.0,73.0,No,No,103.0,Never,Occasionally,Healthy,Never,N/A,N/A,16.93,0
59,Male,182.3,71.0,87.0,6.3,96.0,64.0,No,No,87.0,Former,Never,Average,Occasionally,N/A,N/A,21.36,0
45,Female,160.5,97.3,86.0,6.1,108.0,77.0,No,Yes,0.0,Never,Frequently,Healthy,Occasionally,No,No,37.77,0
28,Female,162.7,60.4,118.0,4.5,101.0,73.0,No,No,228.0,Never,Never,Average,Occasionally,No,No,22.82,0
18,Female,149.6,66.8,114.0,5.6,122.0,67.0,No,No,94.0,Never,Never,Healthy,Occasionally,No,No,29.85,0
61,Female,156.2,50.1,112.0,6.1,120.0,77.0,No,No,181.0,Former,Never,Unhealthy,Occasionally,No,No,20.53,0
62,Female,154.3,72.0,119.0,5.3,120.0,93.0,No,Yes,105.0,Never,Never,Healthy,Occasionally,No,No,30.24,0
40,Male,164.5,59.3,79.0,6.6,128.0,70.0,Yes,No,3.0,Former,Occasionally,Unhealthy,Occasionally,N/A,N/A,21.91,0
81,Female,143.7,54.5,98.0,4.9,137.0,85.0,No,No,309.0,Never,Never,Unhealthy,Never,No,No,26.39,0
81,Male,182.2,98.3,106.0,5.6,132.0,85.0,No,No,50.0,Never,Occasionally,Unhealthy,Never,N/A,N/A,29.61,1
55,Female,159.3,78.6,98.0,4.8,112.0,94.0,No,No,284.0,Former,Never,Average,Occasionally,No,No,30.97,1
20,Female,158.7,79.6,85.0,4.1,120.0,72.0,Yes,No,306.0,Never,Occasionally,Average,Occasionally,No,No,31.61,0
69,Male,186.3,74.2,81.0,4.0,102.0,80.0,No,No,86.0,Former,Occasionally,Average,Never,N/A,N/A,21.38,0
25,Female,168.2,84.5,109.0,5.4,151.0,91.0,No,No,133.0,Never,Occasionally,Unhealthy,Frequently,No,No,29.87,0
62,Female,155.4,52.3,104.0,5.9,113.0,86.0,No,No,260.0,Former,Never,Average,Occasionally,No,No,21.66,1
43,Male,191.9,76.4,102.0,5.1,110.0,74.0,No,No,192.0,Former,Occasionally,Average,Occasionally,N/A,N/A,20.75,0
75,Male,181.5,81.6,141.0,5.7,129.0,104.0,No,No,211.0,Former,Frequently,Average,Occasionally,N/A,N/A,24.77,0
33,Other,171.3,57.5,114.0,5.5,151.0,54.0,Yes,No,45.0,Never,Never,Average,Never,N/A,No,19.6,0
51,Female,162.3,62.2,104.0,4.3,101.0,86.0,No,No,155.0,Never,Occasionally,Average,Occasionally,No,N/A,23.61,0
67,Female,167.9,49.6,72.0,5.6,137.0,81.0,Yes,No,215.0,Never,Never,Average,Never,No,N/A,17.59,0
66,Male,170.5,104.4,127.0,6.1,150.0,89.0,No,Yes,195.0,Former,Occasionally,Healthy,Occasionally,N/A,N/A,35.91,1
30,Male,173.1,79.6,120.0,5.9,132.0,85.0,Yes,No,90.0,Never,Frequently,Unhealthy,Frequently,N/A,N/A,26.57,0
34,Female,162.4,90.5,102.0,6.0,136.0,78.0,No,No,125.0,Former,Occasionally,Average,Never,N/A,No,34.31,0
62,Male,177.5,57.2,122.0,5.0,100.0,65.0,No,No,216.0,Never,Occasionally,Average,Occasionally,N/A,N/A,18.16,0
20,Male,185.2,105.1,117.0,6.1,133.0,91.0,No,No,113.0,Former,Never,Unhealthy,Occasionally,N/A,N/A,30.64,0
26,Female,170.9,93.8,91.0,5.3,116.0,79.0,No,No,83.0,Current,Occasionally,Average,Occasionally,No,No,32.12,0
82,Female,167.4,76.2,112.0,6.1,153.0,88.0,No,No,73.0,Never,Frequently,Unhealthy,Occasionally,Yes,No,27.19,1
66,Male,173.0,79.9,113.0,4.7,121.0,90.0,No,No,52.0,Former,Occasionally,Healthy,Occasionally,N/A,N/A,26.7,0
24,Male,172.8,74.3,111.0,5.0,122.0,72.0,No,No,242.0,Never,Never,Healthy,Never,N/A,N/A,24.88,0
82,Female,163.9,68.3,68.0,6.1,130.0,93.0,No,No,101.0,Former,Occasionally,Average,Occasionally,No,No,25.43,0
60,Male,169.8,38.0,55.0,5.7,114.0,79.0,No,No,204.0,Never,Occasionally,Healthy,Never,N/A,N/A,13.18,0
59,Female,162.0,55.3,55.0,5.6,120.0,93.0,Yes,No,56.0,Never,Occasionally,Unhealthy,Occasionally,No,Yes,21.07,0
44,Male,178.5,76.8,103.0,6.8,112.0,87.0,No,Yes,39.0,Current,Frequently,Average,Occasionally,N/A,N/A,24.1,0
68,Male,172.5,96.2,62.0,5.9,141.0,84.0,No,No,7.0,Former,Occasionally,Average,Never,N/A,N/A,32.33,0
59,Female,148.4,67.4,95.0,6.6,120.0,87.0,No,No,290.0,Current,Occasionally,Healthy,Occasionally,No,No,30.6,1
68,Male,167.8,78.1,95.0,5.9,113.0,81.0,No,No,78.0,Never,Never,Average,Never,N/A,N/A,27.74,0
68,Male,161.7,80.7,85.0,6.7,135.0,88.0,No,No,125.0,Never,Occasionally,Healthy,Occasionally,N/A,N/A,30.86,0
85,Male,174.4,83.7,81.0,6.5,147.0,96.0,No,No,0.0,Former,Never,Unhealthy,Never,N/A,N/A,27.52,0
66,Male,195.2,82.4,64.0,6.2,141.0,64.0,No,No,65.0,Never,Never,Healthy,Frequently,N/A,N/A,21.63,0
41,Male,178.7,76.1,98.0,5.8,122.0,71.0,No,No,226.0,Former,Occasionally,Healthy,Occasionally,N/A,N/A,23.83,0
43,Other,146.6,83.0,91.0,6.9,107.0,59.0,No,No,0.0,Never,Occasionally,Unhealthy,Frequently,No,No,38.62,0
84,Male,182.9,78.5,93.0,6.1,151.0,85.0,No,No,75.0,Current,Never,Healthy,Never,N/A,N/A,23.47,0
39,Female,170.3,39.3,107.0,5.3,98.0,79.0,No,No,0.0,Never,Occasionally,Unhealthy,Occasionally,No,Yes,13.55,0
37,Male,178.9,60.3,107.0,5.8,132.0,78.0,No,No,83.0,Never,Frequently,Average,Occasionally,N/A,N/A,18.84,0
33,Male,183.7,77.5,120.0,4.9,111.0,97.0,No,No,237.0,Current,Occasionally,Unhealthy,Occasionally,N/A,N/A,22.97,0
60,Male,175.2,112.4,116.0,5.3,139.0,87.0,No,No,16.0,Never,Occasionally,Healthy,Occasionally,N/A,N/A,36.62,1
48,Male,170.9,65.4,104.0,6.6,107.0,66.0,No,No,97.0,Former,Frequently,Unhealthy,Occasionally,N/A,N/A,22.39,0
33,Female,159.0,55.1,100.0,6.9,119.0,76.0,Yes,No,46.0,Former,Never,Average,Occasionally,Yes,No,21.8,0
85,Female,155.8,95.3,102.0,5.9,159.0,85.0,Yes,No,230.0,Former,Occasionally,Unhealthy,Occasionally,No,No,39.26,1
40,Female,145.0,91.2,67.0,5.3,151.0,82.0,No,No,73.0,Never,Frequently,Average,Never,No,No,43.38,0
32,Female,163.8,55.5,110.0,5.1,109.0,81.0,Yes,No,124.0,Former,Occasionally,Healthy,Occasionally,Yes,No,20.69,0
43,Male,166.9,70.3,60.0,6.9,115.0,73.0,No,No,103.0,Never,Occasionally,Unhealthy,Never,N/A,N/A,25.24,0
82,Female,166.4,50.8,77.0,3.9,132.0,81.0,No,No,100.0,Former,Frequently,Average,Occasionally,No,No,18.35,0
48,Male,179.9,90.8,55.0,5.6,115.0,76.0,No,No,242.0,Former,Never,Unhealthy,Occasionally,N/A,N/A,28.06,0
31,Male,170.1,49.1,89.0,5.3,122.0,82.0,No,No,166.0,Current,Frequently,Healthy,Occasionally,N/A,N/A,16.97,0
77,Male,184.8,83.4,73.0,6.0,139.0,70.0,No,No,190.0,Current,Occasionally,Healthy,Occasionally,N/A,N/A,24.42,0
52,Male,176.0,73.2,131.0,6.2,149.0,65.0,No,No,218.0,Former,Occasionally,Healthy,Occasionally,N/A,N/A,23.63,0
62,Female,169.1,59.5,124.0,5.9,136.0,82.0,Yes,No,240.0,Former,Occasionally,Healthy,Frequently,No,No,20.81,0
36,Female,166.5,75.3,71.0,4.8,112.0,65.0,No,No,82.0,Never,Never,Average,Occasionally,No,N/A,27.16,0
61,Male,189.1,79.1,120.0,4.8,95.0,76.0,No,No,261.0,Current,Occasionally,Average,Frequently,N/A,N/A,22.12,0
73,Male,177.8,74.7,77.0,5.8,146.0,82.0,No,No,133.0,Never,Never,Average,Occasionally,N/A,N/A,23.63,0
85,Male,164.3,61.6,106.0,5.2,126.0,79.0,No,No,121.0,Former,Never,Healthy,Frequently,N/A,N/A,22.82,0
54,Female,161.8,65.2,118.0,6.4,92.0,73.0,Yes,No,149.0,Former,Occasionally,Healthy,Never,No,No,24.91,0
56,Male,170.8,79.6,85.0,6.3,117.0,79.0,No,No,47.0,Never,Occasionally,Healthy,Never,N/A,N/A,27.29,0
79,Male,184.7,75.2,73.0,7.2,146.0,80.0,No,No,137.0,Former,Occasionally,Average,Never,N/A,N/A,22.04,0
65,Male,177.5,89.8,119.0,6.0,120.0,66.0,No,No,238.0,Former,Frequently,Average,Never,N/A,N/A,28.5,0
26,Male,178.2,74.9,75.0,5.2,114.0,77.0,No,No,365.0,Never,Never,Average,Never,N/A,N/A,23.59,0
70,Female,171.0,38.0,82.0,5.8,133.0,80.0,Yes,No,102.0,Never,Never,Average,Occasionally,No,Yes,13.0,0
55,Female,173.9,81.4,78.0,4.7,126.0,87.0,No,No,87.0,Former,Never,Unhealthy,Never,No,No,26.92,0
61,Male,181.1,86.3,114.0,5.9,146.0,63.0,No,No,145.0,Never,Occasionally,Unhealthy,Frequently,N/A,N/A,26.31,0
64,Male,186.4,84.5,121.0,5.2,133.0,74.0,No,No,220.0,Current,Never,Average,Frequently,N/A,N/A,24.32,1
27,Female,168.4,57.5,70.0,5.5,114.0,77.0,No,No,33.0,Never,Occasionally,Unhealthy,Never,N/A,No,20.28,0
29,Female,162.4,52.8,69.0,5.1,114.0,92.0,No,No,97.0,Current,Never,Average,Occasionally,No,No,20.02,0
60,Female,170.6,48.4,88.0,6.3,132.0,71.0,No,No,256.0,Never,Occasionally,Healthy,Occasionally,No,No,16.63,0
80,Female,169.0,75.8,129.0,6.7,131.0,84.0,Yes,No,110.0,Current,Occasionally,Average,Never,No,No,26.54,1
35,Female,164.4,94.6,113.0,5.8,118.0,80.0,No,No,190.0,Never,Never,Average,Occasionally,No,Yes,35.0,0
71,Male,184.4,69.6,83.0,6.1,152.0,87.0,Yes,No,268.0,Never,Never,Average,Occasionally,N/A,N/A,20.47,0
31,Female,178.9,58.0,94.0,6.3,108.0,74.0,No,No,213.0,Never,Occasionally,Average,Occasionally,No,N/A,18.12,0
71,Male,180.3,85.8,83.0,4.8,118.0,78.0,Yes,No,85.0,Never,Never,Average,Occasionally,N/A,N/A,26.39,0
24,Female,153.0,58.8,74.0,5.2,152.0,81.0,No,No,60.0,Former,Occasionally,Healthy,Occasionally,No,N/A,25.12,0
64,Male,178.3,57.4,114.0,6.9,146.0,71.0,Yes,No,123.0,Never,Never,Average,Occasionally,N/A,N/A,18.06,0
74,Female,156.9,67.0,134.0,6.0,125.0,83.0,No,No,0.0,Never,Never,Average,Never,No,No,27.22,0
54,Female,165.3,65.1,89.0,4.2,104.0,79.0,No,No,134.0,Never,Occasionally,Healthy,Never,No,No,23.83,1
23,Female,162.8,59.6,88.0,5.3,104.0,76.0,No,No,94.0,Former,Occasionally,Average,Never,No,No,22.49,0
21,Female,163.7,76.7,94.0,5.0,124.0,78.0,Yes,No,131.0,Never,Never,Unhealthy,Frequently,Yes,No,28.62,0
41,Female,157.3,66.0,68.0,5.2,111.0,82.0,No,No,92.0,Former,Frequently,Average,Occasionally,No,No,26.67,0
72,Female,155.8,47.0,72.0,7.4,128.0,78.0,No,No,136.0,Never,Occasionally,Unhealthy,Occasionally,No,No,19.36,0
25,Male,174.2,106.4,95.0,4.4,122.0,57.0,Yes,No,203.0,Never,Never,Average,Occasionally,N/A,N/A,35.06,0
67,Female,168.5,38.0,82.0,5.0,135.0,90.0,No,No,120.0,Never,Never,Healthy,Never,No,No,13.38,0
51,Male,169.5,72.1,90.0,5.4,102.0,83.0,No,No,125.0,Never,Frequently,Unhealthy,Occasionally,N/A,N/A,25.1,0
73,Male,179.8,78.2,98.0,5.4,116.0,81.0,Yes,No,180.0,Never,Never,Healthy,Occasionally,N/A,N/A,24.19,0
84,Male,174.6,69.3,86.0,6.1,132.0,93.0,Yes,No,294.0,Never,Never,Unhealthy,Occasionally,N/A,N/A,22.73,0
48,Female,169.7,44.6,111.0,4.5,120.0,78.0,No,No,128.0,Never,Never,Unhealthy,Occasionally,N/A,No,15.49,0
33,Male,166.4,87.4,104.0,5.1,125.0,82.0,No,Yes,214.0,Never,Occasionally,Healthy,Occasionally,N/A,N/A,31.56,0
46,Female,156.9,70.5,72.0,5.6,140.0,74.0,No,No,165.0,Former,Occasionally,Healthy,Occasionally,No,No,28.64,0
48,Male,181.1,112.0,132.0,6.2,119.0,75.0,No,No,152.0,Never,Never,Unhealthy,Frequently,N/A,N/A,34.15,1
41,Female,146.3,78.2,127.0,5.4,130.0,99.0,Yes,No,0.0,Former,Occasionally,Average,Never,No,N/A,36.54,0
48,Female,166.5,79.5,81.0,5.0,116.0,62.0,No,No,219.0,Never,Frequently,Healthy,Occasionally,No,No,28.68,0
61,Female,161.0,87.1,79.0,5.7,147.0,78.0,No,No,85.0,Current,Never,Average,Occasionally,No,No,33.6,1
78,Male,182.6,57.1,76.0,5.7,126.0,69.0,Yes,No,121.0,Never,Occasionally,Healthy,Frequently,N/A,N/A,17.13,0
81,Female,155.2,75.7,140.0,5.7,122.0,76.0,No,Yes,102.0,Former,Occasionally,Unhealthy,Never,No,No,31.43,1
85,Male,176.8,74.0,101.0,6.3,141.0,91.0,No,No,14.0,Never,Never,Average,Occasionally,N/A,N/A,23.67,0
63,Male,164.8,82.7,129.0,4.7,125.0,95.0,No,No,227.0,Never,Never,Average,Never,N/A,N/A,30.45,1
44,Female,168.5,70.0,137.0,5.1,103.0,72.0,Yes,No,175.0,Never,Occasionally,Healthy,Occasionally,No,No,24.65,0
55,Female,150.9,64.2,120.0,5.2,98.0,82.0,No,No,106.0,Never,Never,Unhealthy,Never,Yes,No,28.19,0
26,Male,175.4,92.5,129.0,3.6,98.0,77.0,Yes,No,270.0,Former,Never,Healthy,Occasionally,N/A,N/A,30.07,0
67,Female,148.2,65.1,86.0,5.1,134.0,72.0,No,No,105.0,Never,Occasionally,Average,Never,No,Yes,29.64,0
49,Female,164.0,55.0,92.0,6.8,95.0,75.0,No,No,157.0,Former,Occasionally,Healthy,Frequently,N/A,No,20.45,0
39,Female,157.8,38.0,117.0,5.9,99.0,67.0,No,No,225.0,Never,Never,Average,Frequently,No,No,15.26,0
84,Female,148.8,79.8,102.0,5.5,158.0,79.0,No,No,104.0,Never,Never,Healthy,Frequently,No,N/A,36.04,0
83,Male,179.0,66.3,81.0,4.9,140.0,94.0,No,No,259.0,Never,Occasionally,Healthy,Never,N/A,N/A,20.69,0
37,Female,166.6,79.8,83.0,5.1,126.0,71.0,Yes,No,131.0,Former,Occasionally,Average,Never,No,No,28.75,0
33,Male,177.3,79.3,131.0,4.4,136.0,74.0,Yes,No,198.0,Never,Never,Average,Frequently,N/A,N/A,25.23,0
85,Female,166.6,71.7,119.0,6.2,120.0,92.0,Yes,No,87.0,Never,Frequently,Average,Frequently,N/A,No,25.83,1
58,Other,165.0,76.5,83.0,5.0,118.0,83.0,Yes,No,313.0,Former,Occasionally,Average,Occasionally,No,No,28.1,0
46,Female,169.7,69.8,110.0,5.3,161.0,80.0,No,No,13.0,Former,Occasionally,Unhealthy,Occasionally,N/A,No,24.24,0
48,Female,153.7,76.8,139.0,6.7,122.0,60.0,No,No,43.0,Never,Occasionally,Average,Occasionally,Yes,Yes,32.51,1
42,Female,161.5,80.0,106.0,6.8,130.0,71.0,No,No,45.0,Never,Never,Average,Occasionally,N/A,No,30.67,0
50,Male,187.6,81.6,84.0,6.7,110.0,69.0,No,No,137.0,Never,Never,Average,Never,N/A,N/A,23.19,0
85,Male,169.3,77.4,92.0,6.1,157.0,84.0,No,No,105.0,Never,Occasionally,Average,Occasionally,N/A,N/A,27.0,0
68,Male,171.4,103.1,103.0,6.6,106.0,103.0,No,No,243.0,Former,Occasionally,Average,Frequently,N/A,N/A,35.09,0
60,Male,177.6,89.3,86.0,5.3,139.0,86.0,No,No,159.0,Never,Occasionally,Average,Never,N/A,N/A,28.31,0
62,Female,163.1,76.0,93.0,7.1,159.0,80.0,No,No,378.0,Current,Occasionally,Average,Occasionally,No,No,28.57,0
50,Male,165.4,87.1,86.0,4.9,133.0,72.0,No,No,96.0,Never,Occasionally,Unhealthy,Occasionally,N/A,N/A,31.84,1
34,Male,166.0,89.8,104.0,6.5,99.0,78.0,No,No,145.0,Never,Frequently,Healthy,Never,N/A,N/A,32.59,0
49,Female,153.3,99.2,73.0,5.6,129.0,59.0,No,No,0.0,Never,Occasionally,Average,Occasionally,No,No,42.21,0
41,Female,152.1,94.0,107.0,6.5,142.0,86.0,No,Yes,94.0,Former,Occasionally,Healthy,Occasionally,No,Yes,40.63,0
76,Female,150.0,52.4,73.0,5.6,129.0,85.0,No,No,124.0,Never,Frequently,Unhealthy,Occasionally,No,No,23.29,0
75,Female,162.4,74.7,71.0,5.6,138.0,51.0,Yes,No,183.0,Never,Occasionally,Average,Frequently,No,No,28.32,0
65,Female,166.8,79.2,83.0,5.6,137.0,69.0,No,No,161.0,Former,Occasionally,Average,Occasionally,No,No,28.47,0
48,Male,176.0,61.7,126.0,5.6,123.0,65.0,Yes,No,140.0,Never,Never,Average,Frequently,N/A,N/A,19.92,0
31,Male,180.0,95.6,118.0,5.0,131.0,87.0,No,No,141.0,Former,Never,Average,Occasionally,N/A,N/A,29.51,0
43,Male,178.8,123.4,111.0,7.8,141.0,72.0,No,No,228.0,Never,Occasionally,Average,Frequently,N/A,N/A,38.6,0
78,Male,180.8,75.9,100.0,5.2,149.0,73.0,Yes,No,133.0,Never,Frequently,Average,Occasionally,N/A,N/A,23.22,0
34,Female,144.1,82.8,84.0,5.2,121.0,75.0,Yes,No,0.0,Never,Never,Unhealthy,Occasionally,No,No,39.88,0
66,Male,177.6,80.4,122.0,7.4,120.0,92.0,No,No,139.0,Never,Occasionally,Average,Never,N/A,N/A,25.49,0
72,Female,163.6,58.4,86.0,5.7,162.0,76.0,No,No,164.0,Current,Never,Average,Never,Yes,Yes,21.82,0
62,Female,160.5,63.1,133.0,5.3,119.0,83.0,No,No,351.0,Former,Occasionally,Healthy,Occasionally,No,Yes,24.5,1
57,Male,174.2,78.3,111.0,5.2,109.0,76.0,No,No,183.0,Never,Occasionally,Unhealthy,Never,N/A,N/A,25.8,1
44,Female,148.2,81.6,111.0,5.7,116.0,79.0,No,Yes,174.0,Never,Never,Healthy,Occasionally,No,No,37.15,0
31,Female,167.3,59.8,68.0,5.9,101.0,78.0,No,No,86.0,Former,Never,Healthy,Occasionally,No,No,21.37,0
73,Male,167.3,46.8,84.0,4.7,145.0,84.0,No,No,316.0,Current,Occasionally,Unhealthy,Frequently,N/A,N/A,16.72,0
67,Female,147.5,62.3,78.0,4.8,126.0,84.0,No,No,112.0,Never,Occasionally,Unhealthy,Never,No,No,28.64,0
83,Male,171.2,78.4,120.0,5.8,161.0,87.0,No,No,0.0,Never,Never,Average,Occasionally,N/A,N/A,26.75,0
67,Female,168.0,61.1,108.0,5.6,122.0,69.0,No,Yes,193.0,Never,Occasionally,Unhealthy,Occasionally,No,No,21.65,1
81,Male,163.0,101.0,64.0,6.8,153.0,91.0,No,No,158.0,Former,Frequently,Unhealthy,Never,N/A,N/A,38.01,0
18,Male,181.5,58.6,96.0,5.4,124.0,58.0,No,No,257.0,Former,Occasionally,Average,Occasionally,N/A,N/A,17.79,0
45,Female,161.4,78.8,101.0,5.2,141.0,92.0,No,No,38.0,Never,Never,Average,Never,No,No,30.25,0
77,Male,174.9,67.7,105.0,7.1,141.0,86.0,Yes,No,409.0,Current,Frequently,Healthy,Never,N/A,N/A,22.13,0
56,Male,160.7,94.1,104.0,5.9,143.0,94.0,No,Yes,0.0,Current,Never,Healthy,Frequently,N/A,N/A,36.44,0
39,Female,155.8,92.8,112.0,4.9,131.0,73.0,Yes,No,192.0,Former,Never,Unhealthy,Frequently,No,No,38.23,0
57,Male,170.7,100.8,92.0,5.9,125.0,79.0,No,No,16.0,Former,Occasionally,Average,Frequently,N/A,N/A,34.59,0
24,Female,158.3,61.5,59.0,5.9,110.0,77.0,Yes,No,12.0,Never,Occasionally,Average,Frequently,No,No,24.54,0
22,Female,152.5,89.4,122.0,5.3,97.0,98.0,No,No,18.0,Never,Frequently,Average,Occasionally,No,No,38.44,0
83,Male,173.7,92.5,91.0,6.5,135.0,72.0,Yes,No,314.0,Never,Never,Unhealthy,Occasionally,N/A,N/A,30.66,0
38,Female,157.0,79.7,120.0,5.6,141.0,69.0,Yes,No,155.0,Never,Never,Healthy,Frequently,No,No,32.33,0
43,Female,157.7,66.0,85.0,5.1,96.0,83.0,No,No,182.0,Never,Occasionally,Average,Occasionally,No,No,26.54,0
67,Female,155.0,38.0,112.0,7.1,132.0,87.0,No,No,199.0,Never,Frequently,Healthy,Frequently,No,Yes,15.82,0
78,Male,173.7,69.1,134.0,6.4,103.0,77.0,Yes,No,103.0,Never,Occasionally,Average,Never,N/A,N/A,22.9,1
29,Male,182.7,92.7,125.0,4.5,101.0,89.0,No,No,41.0,Never,Occasionally,Healthy,Occasionally,N/A,N/A,27.77,1
36,Male,181.1,70.8,136.0,5.2,96.0,85.0,No,No,74.0,Never,Occasionally,Healthy,Never,N/A,N/A,21.59,1
69,Female,160.6,104.1,118.0,7.1,133.0,75.0,No,No,130.0,Former,Occasionally,Healthy,Never,No,No,40.36,1
60,Female,170.2,101.4,94.0,7.3,133.0,82.0,Yes,No,133.0,Current,Occasionally,Average,Occasionally,No,No,35.0,0
28,Female,163.6,68.0,60.0,6.9,123.0,87.0,Yes,No,247.0,Current,Occasionally,Average,Never,No,Yes,25.41,0
38,Male,167.5,70.3,90.0,6.7,112.0,91.0,No,No,255.0,Never,Occasionally,Unhealthy,Never,N/A,N/A,25.06,0
69,Male,179.9,97.1,90.0,4.0,126.0,90.0,No,No,173.0,Former,Never,Healthy,Never,N/A,N/A,30.0,0
20,Male,174.0,64.1,92.0,4.3,119.0,102.0,No,No,123.0,Former,Occasionally,Healthy,Frequently,N/A,N/A,21.17,0
50,Female,157.2,83.9,92.0,5.0,128.0,85.0,No,No,152.0,Never,Occasionally,Average,Occasionally,No,No,33.95,0
19,Female,152.5,66.8,119.0,5.7,98.0,73.0,No,No,51.0,Former,Never,Healthy,Occasionally,N/A,No,28.72,0
25,Female,167.8,70.5,105.0,5.0,120.0,87.0,No,No,147.0,Former,Occasionally,Healthy,Occasionally,No,No,25.04,0
72,Male,182.1,101.6,91.0,6.3,152.0,66.0,Yes,No,150.0,Never,Never,Unhealthy,Never,N/A,N/A,30.64,0
75,Female,162.8,66.2,102.0,5.1,133.0,59.0,No,No,117.0,Never,Frequently,Unhealthy,Never,No,No,24.98,0
69,Female,166.9,70.7,89.0,6.2,152.0,58.0,No,No,269.0,Never,Frequently,Healthy,Frequently,No,No,25.38,0
40,Male,179.3,86.2,103.0,6.7,107.0,71.0,No,No,215.0,Never,Frequently,Average,Never,N/A,N/A,26.81,0
45,Female,171.7,46.7,73.0,6.1,115.0,84.0,Yes,No,197.0,Former,Never,Average,Occasionally,No,No,15.84,0
39,Male,181.5,80.6,92.0,6.6,115.0,88.0,No,No,360.0,Former,Occasionally,Average,Occasionally,N/A,N/A,24.47,0
70,Female,166.8,90.9,110.0,5.7,122.0,88.0,No,No,108.0,Never,Occasionally,Healthy,Occasionally,No,No,32.67,0
20,Male,165.8,80.5,77.0,5.8,116.0,63.0,No,No,205.0,Never,Occasionally,Average,Never,N/A,N/A,29.28,0
50,Male,173.2,103.2,110.0,6.2,132.0,72.0,No,No,168.0,Never,Never,Average,Occasionally,N/A,N/A,34.4,0
62,Male,167.3,69.0,122.0,6.0,126.0,106.0,Yes,No,112.0,Never,Frequently,Healthy,Occasionally,N/A,N/A,24.65,0
76,Female,148.6,64.2,114.0,5.1,143.0,90.0,No,No,184.0,Never,Occasionally,Unhealthy,Frequently,No,No,29.07,1
27,Female,156.7,38.0,106.0,4.6,95.0,78.0,No,No,358.0,Never,Occasionally,Average,Occasionally,No,No,15.48,1
73,Female,157.6,90.7,59.0,5.9,137.0,89.0,Yes,No,202.0,Former,Never,Average,Occasionally,N/A,No,36.52,0
47,Female,167.8,55.5,75.0,6.4,136.0,75.0,No,No,91.0,Never,Occasionally,Average,Frequently,Yes,No,19.71,0
70,Female,154.9,71.7,71.0,5.9,115.0,74.0,No,No,272.0,Current,Occasionally,Average,Never,No,No,29.88,0
60,Female,162.5,73.0,86.0,4.8,144.0,92.0,No,No,165.0,Never,Never,Average,Occasionally,No,No,27.64,0
48,Female,151.1,73.8,73.0,5.6,145.0,78.0,No,No,48.0,Never,Occasionally,Unhealthy,Frequently,No,No,32.32,0
22,Male,175.6,64.3,96.0,5.6,107.0,67.0,Yes,No,35.0,Never,Occasionally,Average,Occasionally,N/A,N/A,20.85,0
82,Female,166.9,65.9,117.0,8.1,120.0,83.0,No,No,189.0,Never,Occasionally,Average,Occasionally,No,N/A,23.66,0
18,Male,167.3,106.4,83.0,6.2,125.0,63.0,No,No,163.0,Never,Frequently,Healthy,Occasionally,N/A,N/A,38.01,0
75,Male,172.4,68.7,115.0,5.1,140.0,75.0,No,Yes,94.0,Never,Occasionally,Healthy,Never,N/A,N/A,23.11,1
27,Male,159.7,62.8,79.0,5.6,126.0,63.0,No,No,126.0,Never,Never,Average,Occasionally,N/A,N/A,24.62,0
40,Female,158.0,74.1,96.0,5.5,127.0,59.0,No,No,88.0,Never,Never,Healthy,Occasionally,No,No,29.68,0
28,Male,171.7,65.9,125.0,5.5,104.0,80.0,No,No,290.0,Current,Occasionally,Healthy,Never,N/A,N/A,22.35,0
56,Female,174.0,58.1,121.0,6.3,121.0,59.0,No,No,118.0,Current,Occasionally,Average,Frequently,No,Yes,19.19,0
45,Male,172.0,81.8,85.0,5.4,130.0,77.0,No,No,40.0,Never,Occasionally,Unhealthy,Occasionally,N/A,N/A,27.65,0
63,Female,156.9,64.0,118.0,6.6,115.0,99.0,No,No,3.0,Never,Never,Healthy,Frequently,No,No,26.0,0
31,Male,176.2,78.7,80.0,4.3,113.0,73.0,Yes,No,7.0,Current,Never,Unhealthy,Frequently,N/A,N/A,25.35,0
47,Female,159.1,58.8,102.0,4.4,129.0,66.0,Yes,No,208.0,Current,Never,Average,Occasionally,N/A,No,23.23,0
55,Male,172.9,77.0,86.0,7.5,134.0,61.0,No,No,118.0,Never,Never,Healthy,Occasionally,N/A,N/A,25.76,0
70,Female,163.2,50.3,75.0,5.4,123.0,90.0,Yes,No,234.0,Former,Occasionally,Average,Never,No,No,18.89,0
45,Female,166.7,71.7,112.0,5.1,131.0,76.0,No,No,36.0,Former,Never,Average,Never,Yes,No,25.8,0
75,Male,159.2,73.9,128.0,4.7,132.0,93.0,No,No,169.0,Current,Never,Average,Occasionally,N/A,N/A,29.16,1
37,Male,161.2,67.1,92.0,5.9,121.0,73.0,No,No,231.0,Never,Never,Healthy,Never,N/A,N/A,25.82,0
26,Female,147.6,73.0,111.0,5.3,125.0,76.0,No,No,139.0,Never,Never,Unhealthy,Occasionally,No,No,33.51,0
50,Female,159.3,74.2,75.0,4.6,91.0,67.0,Yes,No,321.0,Never,Occasionally,Average,Occasionally,N/A,No,29.24,0
36,Male,174.0,73.6,85.0,5.8,103.0,73.0,No,No,172.0,Former,Frequently,Average,Never,N/A,N/A,24.31,0
82,Female,166.0,43.8,82.0,5.7,113.0,83.0,No,No,244.0,Former,Frequently,Average,Occasionally,No,No,15.89,0
36,Female,162.3,73.2,78.0,5.9,85.0,75.0,No,No,109.0,Current,Occasionally,Average,Occasionally,No,Yes,27.79,0
75,Male,175.3,81.1,119.0,6.2,138.0,62.0,No,No,147.0,Current,Occasionally,Average,Never,N/A,N/A,26.39,1
73,Female,162.4,44.4,75.0,5.6,157.0,86.0,No,No,248.0,Never,Occasionally,Healthy,Never,No,No,16.83,0
71,Female,158.3,57.8,104.0,5.0,133.0,90.0,No,No,463.0,Never,Occasionally,Healthy,Frequently,No,No,23.07,0
34,Male,172.4,70.3,96.0,4.2,153.0,68.0,No,No,153.0,Never,Frequently,Average,Occasionally,N/A,N/A,23.65,0
46,Male,158.7,52.4,55.0,4.3,120.0,75.0,Yes,No,277.0,Never,Occasionally,Healthy,Never,N/A,N/A,20.81,0
74,Male,170.3,68.4,106.0,6.4,148.0,112.0,No,No,67.0,Current,Frequently,Average,Frequently,N/A,N/A,23.58,0
68,Male,190.1,77.2,55.0,4.4,131.0,83.0,Yes,No,196.0,Never,Occasionally,Average,Never,N/A,N/A,21.36,0
43,Female,165.3,49.5,87.0,4.5,112.0,73.0,No,No,45.0,Never,Occasionally,Average,Frequently,N/A,N/A,18.12,0
63,Female,149.0,62.7,79.0,5.4,112.0,69.0,No,No,127.0,Former,Frequently,Average,Frequently,No,Yes,28.24,0
20,Female,157.4,84.3,62.0,5.7,96.0,89.0,Yes,No,68.0,Never,Never,Average,Occasionally,No,No,34.03,0
56,Female,152.9,69.9,125.0,4.9,129.0,90.0,No,No,95.0,Former,Occasionally,Average,Never,No,No,29.9,0
74,Female,154.3,60.0,63.0,5.4,147.0,91.0,No,No,0.0,Never,Occasionally,Unhealthy,Frequently,No,No,25.2,0
26,Female,158.0,75.2,117.0,5.4,117.0,61.0,No,No,7.0,Never,Never,Average,Frequently,N/A,N/A,30.12,0
30,Female,166.7,73.9,95.0,5.9,119.0,79.0,No,No,316.0,Never,Occasionally,Average,Occasionally,No,No,26.59,0
22,Male,185.5,87.0,87.0,4.8,104.0,81.0,Yes,No,161.0,Never,Occasionally,Average,Occasionally,N/A,N/A,25.28,0
63,Other,161.3,66.4,95.0,6.4,105.0,88.0,No,No,43.0,Never,Occasionally,Average,Occasionally,No,No,25.52,0
60,Female,173.3,75.0,65.0,6.6,120.0,81.0,No,No,194.0,Former,Occasionally,Average,Occasionally,No,No,24.97,0
81,Female,150.9,75.6,103.0,4.7,141.0,86.0,No,No,207.0,Never,Occasionally,Unhealthy,Never,N/A,No,33.2,0
20,Female,141.0,41.6,60.0,5.2,103.0,75.0,No,No,41.0,Never,Occasionally,Unhealthy,Never,No,No,20.92,0
44,Female,150.6,63.1,92.0,4.4,114.0,72.0,No,No,66.0,Never,Never,Unhealthy,Occasionally,No,No,27.82,0
39,Female,165.1,94.8,70.0,5.4,123.0,73.0,No,No,215.0,Former,Never,Unhealthy,Occasionally,No,No,34.78,0
40,Male,188.3,94.9,90.0,6.5,112.0,78.0,No,No,353.0,Current,Never,Unhealthy,Frequently,N/A,N/A,26.76,0
71,Female,163.4,45.3,83.0,7.3,128.0,75.0,No,No,244.0,Never,Occasionally,Average,Frequently,No,No,16.97,0
42,Female,152.9,70.2,117.0,6.1,129.0,57.0,No,No,95.0,Never,Occasionally,Healthy,Occasionally,Yes,No,30.03,0
65,Female,179.0,84.8,115.0,5.7,113.0,78.0,No,Yes,90.0,Never,Occasionally,Average,Never,No,N/A,26.47,1
85,Female,155.5,73.4,160.0,6.5,142.0,80.0,No,No,141.0,Current,Never,Average,Never,No,No,30.36,1
19,Male,153.2,76.3,83.0,5.1,127.0,77.0,Yes,No,58.0,Former,Never,Healthy,Occasionally,N/A,N/A,32.51,0
63,Female,169.1,55.6,95.0,3.8,98.0,84.0,No,No,35.0,Never,Occasionally,Average,Never,No,No,19.44,0
52,Female,158.5,57.6,99.0,5.3,133.0,86.0,No,No,162.0,Current,Occasionally,Average,Occasionally,No,No,22.93,0
30,Female,158.2,71.7,95.0,4.5,102.0,83.0,No,No,120.0,Never,Never,Healthy,Occasionally,No,No,28.65,0
83,Female,149.1,86.8,90.0,5.2,148.0,76.0,No,No,194.0,Never,Occasionally,Average,Frequently,No,No,39.04,1
44,Male,181.0,79.8,80.0,5.9,108.0,74.0,No,No,0.0,Former,Occasionally,Healthy,Occasionally,N/A,N/A,24.36,0
40,Male,170.7,84.1,104.0,5.1,147.0,74.0,No,No,102.0,Former,Never,Healthy,Occasionally,N/A,N/A,28.86,0
20,Female,175.3,92.2,96.0,4.1,129.0,63.0,No,No,246.0,Former,Occasionally,Average,Frequently,No,No,30.0,0
33,Female,165.4,79.2,86.0,6.1,120.0,66.0,No,No,127.0,Current,Occasionally,Average,Occasionally,No,No,28.95,0
41,Male,179.4,82.1,94.0,5.1,128.0,71.0,No,No,2.0,Former,Never,Average,Occasionally,N/A,N/A,25.51,0
83,Female,157.9,77.8,110.0,6.7,153.0,93.0,No,No,216.0,Former,Occasionally,Unhealthy,Occasionally,No,No,31.2,0
22,Male,177.5,68.7,71.0,3.5,119.0,66.0,No,No,0.0,Former,Occasionally,Average,Frequently,N/A,N/A,21.81,0
22,Female,165.3,79.1,108.0,7.0,85.0,95.0,No,No,102.0,Never,Occasionally,Healthy,Frequently,No,No,28.95,0
78,Male,184.3,94.6,55.0,5.1,124.0,84.0,No,No,143.0,Never,Occasionally,Healthy,Occasionally,N/A,N/A,27.85,0
45,Female,169.3,56.2,94.0,5.6,128.0,70.0,No,No,397.0,Never,Occasionally,Unhealthy,Occasionally,No,No,19.61,0
33,Female,168.5,69.8,106.0,5.8,105.0,87.0,No,No,111.0,Never,Occasionally,Average,Frequently,No,No,24.58,0
21,Female,166.9,75.7,98.0,6.5,122.0,71.0,Yes,No,138.0,Never,Frequently,Average,Occasionally,No,No,27.18,0
40,Female,160.8,57.6,98.0,4.6,117.0,74.0,No,No,72.0,Never,Occasionally,Average,Never,No,No,22.28,0
36,Male,180.3,85.9,67.0,6.2,122.0,81.0,Yes,No,275.0,Current,Never,Average,Frequently,N/A,N/A,26.42,0
33,Female,163.8,67.6,61.0,4.5,98.0,88.0,No,No,221.0,Current,Never,Healthy,Never,No,No,25.2,0
26,Female,156.3,53.5,123.0,5.7,102.0,54.0,No,No,197.0,Current,Frequently,Average,Frequently,No,No,21.9,0
19,Female,164.4,81.1,120.0,4.4,97.0,79.0,No,No,79.0,Never,Never,Average,Occasionally,No,N/A,30.01,0
80,Male,178.4,60.6,110.0,5.0,153.0,72.0,No,No,228.0,Former,Frequently,Average,Occasionally,N/A,N/A,19.04,0
59,Male,184.9,83.2,92.0,6.2,155.0,85.0,No,No,162.0,Current,Never,Healthy,Occasionally,N/A,N/A,24.34,0
18,Female,153.4,76.1,86.0,5.0,96.0,78.0,Yes,No,383.0,Current,Frequently,Average,Occasionally,Yes,No,32.34,0
24,Male,158.6,116.2,96.0,5.4,131.0,84.0,No,No,226.0,Never,Occasionally,Healthy,Occasionally,N/A,N/A,46.2,0
79,Female,158.6,81.9,133.0,7.2,116.0,107.0,Yes,No,0.0,Never,Occasionally,Unhealthy,Occasionally,N/A,No,32.56,1
57,Female,151.9,72.4,110.0,6.1,126.0,84.0,No,No,319.0,Former,Never,Healthy,Occasionally,Yes,No,31.38,0
38,Male,174.1,65.3,82.0,6.3,104.0,77.0,No,No,285.0,Never,Occasionally,Unhealthy,Never,N/A,N/A,21.54,0
47,Male,163.7,88.3,55.0,6.3,126.0,92.0,No,No,39.0,Never,Occasionally,Healthy,Never,N/A,N/A,32.95,0
42,Male,171.8,74.6,141.0,5.0,100.0,93.0,No,No,150.0,Former,Never,Average,Occasionally,N/A,N/A,25.28,0
84,Female,165.8,90.2,81.0,6.7,148.0,76.0,Yes,No,33.0,Never,Occasionally,Average,Occasionally,No,N/A,32.81,0
73,Male,172.0,91.3,111.0,5.6,134.0,81.0,No,No,292.0,Never,Frequently,Average,Occasionally,N/A,N/A,30.86,0
41,Female,160.4,49.2,55.0,5.1,122.0,76.0,No,No,49.0,Current,Never,Average,Occasionally,No,No,19.12,0
55,Male,172.9,107.7,104.0,5.3,94.0,93.0,No,No,181.0,Never,Occasionally,Average,Occasionally,N/A,N/A,36.03,0
80,Male,157.8,51.3,80.0,6.1,135.0,70.0,No,Yes,187.0,Never,Occasionally,Healthy,Never,N/A,N/A,20.6,1
46,Male,191.3,68.2,92.0,5.6,103.0,73.0,No,No,98.0,Former,Occasionally,Average,Occasionally,N/A,N/A,18.64,0
51,Female,176.7,58.3,79.0,3.5,122.0,76.0,No,Yes,96.0,Never,Occasionally,Average,Never,N/A,No,18.67,0
65,Female,152.8,74.5,102.0,5.1,124.0,86.0,No,No,120.0,Former,Occasionally,Unhealthy,Occasionally,No,N/A,31.91,0
67,Female,173.0,73.7,138.0,6.4,145.0,96.0,Yes,No,286.0,Current,Occasionally,Average,Occasionally,No,N/A,24.62,1
65,Female,165.6,80.9,119.0,7.5,135.0,88.0,No,No,208.0,Never,Never,Average,Frequently,No,No,29.5,0
83,Female,165.1,38.0,75.0,5.4,114.0,74.0,No,No,298.0,Current,Never,Healthy,Frequently,No,N/A,13.94,0
85,Female,148.7,65.6,60.0,5.8,90.0,94.0,No,No,203.0,Current,Never,Healthy,Frequently,Yes,No,29.67,0
52,Female,162.7,58.8,94.0,7.1,146.0,67.0,No,No,280.0,Former,Never,Healthy,Never,No,No,22.21,0
37,Male,168.1,78.9,106.0,5.2,109.0,82.0,No,No,117.0,Former,Frequently,Average,Occasionally,N/A,N/A,27.92,0
19,Male,177.0,72.3,92.0,5.0,108.0,73.0,Yes,No,144.0,Never,Frequently,Average,Frequently,N/A,N/A,23.08,0
77,Female,160.0,85.8,118.0,7.5,141.0,100.0,Yes,No,216.0,Never,Never,Unhealthy,Frequently,No,No,33.52,0
42,Female,166.5,71.0,92.0,7.1,98.0,61.0,No,No,221.0,Never,Occasionally,Average,Occasionally,N/A,N/A,25.61,0
27,Male,170.6,106.8,95.0,6.1,126.0,87.0,No,No,170.0,Never,Frequently,Unhealthy,Occasionally,N/A,N/A,36.7,0
20,Male,179.7,83.7,63.0,6.3,110.0,73.0,Yes,No,150.0,Former,Never,Average,Never,N/A,N/A,25.92,0
34,Female,168.6,38.0,75.0,5.9,119.0,82.0,No,No,134.0,Never,Occasionally,Healthy,Frequently,No,No,13.37,0
48,Male,197.4,66.5,79.0,4.5,126.0,92.0,No,No,87.0,Never,Never,Unhealthy,Occasionally,N/A,N/A,17.07,0
45,Male,169.0,79.1,125.0,6.5,123.0,76.0,Yes,No,213.0,Current,Occasionally,Unhealthy,Frequently,N/A,N/A,27.7,0
78,Male,175.0,84.7,122.0,5.4,161.0,89.0,No,No,149.0,Former,Occasionally,Unhealthy,Never,N/A,N/A,27.66,1
66,Female,159.5,83.5,129.0,5.5,151.0,79.0,No,No,159.0,Current,Never,Healthy,Occasionally,No,No,32.82,1
55,Male,169.1,89.5,99.0,6.6,130.0,80.0,No,No,210.0,Current,Never,Average,Occasionally,N/A,N/A,31.3,0
79,Male,178.3,96.0,82.0,6.5,142.0,91.0,Yes,No,68.0,Former,Occasionally,Healthy,Occasionally,N/A,N/A,30.2,0
59,Male,176.3,78.1,95.0,6.2,113.0,65.0,Yes,No,141.0,Never,Never,Healthy,Occasionally,N/A,N/A,25.13,0
19,Female,160.9,42.5,69.0,4.2,102.0,70.0,No,No,287.0,Never,Occasionally,Average,Frequently,No,No,16.42,0
27,Female,171.0,86.3,105.0,5.1,97.0,73.0,No,No,46.0,Current,Occasionally,Average,Occasionally,No,No,29.51,0
77,Female,155.7,52.4,84.0,5.3,121.0,88.0,Yes,No,314.0,Never,Never,Average,Occasionally,No,No,21.61,0
79,Male,176.5,74.5,96.0,5.8,144.0,88.0,No,No,45.0,Never,Occasionally,Average,Never,N/A,N/A,23.91,0
21,Female,154.3,46.3,121.0,3.5,119.0,66.0,No,No,55.0,Never,Occasionally,Average,Occasionally,No,No,19.45,0
60,Female,157.2,67.0,93.0,6.4,155.0,64.0,No,No,181.0,Never,Never,Healthy,Occasionally,No,No,27.11,0
43,Male,175.6,63.1,97.0,5.9,124.0,75.0,No,No,50.0,Never,Occasionally,Unhealthy,Occasionally,N/A,N/A,20.46,0
18,Male,168.1,77.4,57.0,6.0,109.0,87.0,Yes,No,253.0,Never,Never,Average,Occasionally,N/A,N/A,27.39,0
76,Male,176.9,106.8,101.0,4.5,121.0,76.0,No,No,350.0,Former,Occasionally,Average,Frequently,N/A,N/A,34.13,0
23,Female,168.9,67.2,68.0,5.3,116.0,77.0,Yes,No,218.0,Never,Occasionally,Healthy,Occasionally,N/A,Yes,23.56,0
27,Female,156.7,78.7,100.0,5.2,122.0,59.0,Yes,No,396.0,Never,Occasionally,Healthy,Occasionally,No,No,32.05,0
56,Male,175.9,62.2,99.0,4.7,116.0,77.0,No,No,257.0,Never,Occasionally,Unhealthy,Occasionally,N/A,N/A,20.1,0
32,Female,172.5,83.8,96.0,5.6,103.0,84.0,No,No,97.0,Current,Frequently,Healthy,Never,No,Yes,28.16,0
21,Female,161.7,82.4,108.0,5.4,141.0,92.0,No,No,0.0,Former,Frequently,Healthy,Frequently,No,No,31.51,0
20,Male,181.3,79.4,115.0,6.6,85.0,82.0,Yes,No,293.0,Current,Frequently,Average,Never,N/A,N/A,24.16,0
31,Female,165.5,85.5,122.0,6.9,123.0,83.0,Yes,No,60.0,Never,Frequently,Average,Never,No,No,31.22,0
65,Male,176.4,95.8,107.0,5.5,133.0,85.0,No,No,128.0,Former,Occasionally,Average,Never,N/A,N/A,30.79,0
72,Female,161.1,70.0,74.0,5.4,137.0,80.0,No,No,109.0,Current,Never,Healthy,Never,No,No,26.97,0
42,Male,161.6,79.8,94.0,5.3,114.0,72.0,Yes,No,229.0,Never,Occasionally,Average,Occasionally,N/A,N/A,30.56,0
67,Female,157.6,72.7,95.0,6.3,135.0,73.0,No,No,205.0,Never,Occasionally,Average,Occasionally,No,No,29.27,0
71,Female,162.4,54.1,86.0,5.1,132.0,92.0,No,No,83.0,Former,Occasionally,Healthy,Occasionally,No,No,20.51,1
66,Female,163.4,89.4,77.0,3.8,139.0,74.0,Yes,No,163.0,Never,Occasionally,Average,Occasionally,N/A,No,33.48,0
83,Female,152.7,71.4,110.0,5.6,137.0,76.0,Yes,No,43.0,Never,Occasionally,Average,Frequently,No,Yes,30.62,1
53,Female,153.1,57.0,103.0,4.7,136.0,61.0,No,No,0.0,Current,Occasionally,Healthy,Occasionally,No,No,24.32,0
44,Male,175.7,93.3,118.0,6.2,100.0,82.0,Yes,No,295.0,Never,Occasionally,Healthy,Frequently,N/A,N/A,30.22,0
41,Female,165.8,73.3,134.0,6.0,136.0,66.0,Yes,No,247.0,Current,Occasionally,Average,Occasionally,No,No,26.66,0
84,Female,158.7,64.2,98.0,6.5,115.0,72.0,No,No,231.0,Current,Never,Healthy,Occasionally,No,N/A,25.49,0
32,Male,176.3,94.0,88.0,4.7,133.0,73.0,No,No,65.0,Current,Occasionally,Average,Occasionally,N/A,N/A,30.24,0
62,Male,166.1,85.2,132.0,5.8,131.0,78.0,No,No,58.0,Former,Occasionally,Unhealthy,Occasionally,N/A,N/A,30.88,1
79,Male,182.2,77.9,114.0,4.6,127.0,86.0,No,No,284.0,Never,Occasionally,Unhealthy,Occasionally,N/A,N/A,23.47,0
62,Male,159.9,76.3,88.0,4.6,138.0,67.0,No,No,160.0,Never,Occasionally,Average,Occasionally,N/A,N/A,29.84,0
67,Male,181.3,65.9,89.0,6.1,105.0,81.0,No,No,166.0,Never,Occasionally,Average,Never,N/A,N/A,20.05,0
43,Female,153.3,90.8,107.0,6.3,109.0,81.0,No,No,64.0,Never,Occasionally,Healthy,Frequently,No,No,38.64,0
61,Male,187.5,78.3,89.0,6.3,120.0,87.0,Yes,No,233.0,Former,Never,Healthy,Occasionally,N/A,N/A,22.27,0
29,Female,163.4,80.5,111.0,5.7,122.0,77.0,No,No,0.0,Former,Occasionally,Unhealthy,Never,No,No,30.15,0
33,Female,166.8,54.2,70.0,6.7,117.0,80.0,No,No,73.0,Current,Occasionally,Unhealthy,Frequently,No,No,19.48,0
67,Male,171.2,106.8,129.0,4.6,127.0,73.0,No,No,156.0,Never,Never,Average,Occasionally,N/A,N/A,36.44,1
25,Female,166.1,72.6,94.0,4.1,93.0,74.0,No,No,342.0,Current,Occasionally,Average,Occasionally,Yes,No,26.31,0
46,Male,165.2,86.2,55.0,5.6,140.0,63.0,No,No,12.0,Former,Frequently,Average,Occasionally,N/A,N/A,31.59,0
71,Male,165.2,78.5,117.0,5.8,126.0,89.0,No,Yes,81.0,Never,Never,Average,Frequently,N/A,N/A,28.76,1
60,Female,153.6,63.0,113.0,5.7,108.0,75.0,No,No,23.0,Current,Never,Healthy,Occasionally,Yes,No,26.7,0
56,Male,176.0,81.7,100.0,5.2,118.0,72.0,No,No,76.0,Never,Never,Average,Never,N/A,N/A,26.38,0
25,Male,168.4,63.7,126.0,4.3,112.0,80.0,No,No,143.0,Never,Occasionally,Healthy,Never,N/A,N/A,22.46,0
31,Female,171.9,46.0,58.0,5.8,103.0,62.0,No,No,84.0,Never,Occasionally,Average,Occasionally,No,No,15.57,0
54,Male,186.2,85.1,77.0,6.6,143.0,67.0,No,No,275.0,Never,Occasionally,Unhealthy,Occasionally,N/A,N/A,24.55,0
41,Male,172.7,77.2,115.0,5.7,113.0,69.0,No,No,111.0,Never,Never,Unhealthy,Frequently,N/A,N/A,25.88,0
47,Female,154.0,106.7,131.0,6.5,122.0,78.0,No,Yes,0.0,Never,Occasionally,Unhealthy,Occasionally,No,No,44.99,1
32,Female,168.4,70.3,96.0,5.4,102.0,78.0,No,No,319.0,Never,Never,Average,Occasionally,No,No,24.79,0
82,Female,157.8,44.8,119.0,5.2,112.0,69.0,No,Yes,229.0,Former,Occasionally,Healthy,Frequently,No,No,17.99,1
42,Female,172.7,38.0,83.0,5.6,108.0,77.0,Yes,No,210.0,Former,Never,Unhealthy,Occasionally,N/A,No,12.74,0
25,Male,162.1,43.7,104.0,7.1,122.0,74.0,Yes,No,0.0,Never,Never,Average,Occasionally,N/A,N/A,16.63,0
42,Female,165.5,38.0,57.0,4.4,93.0,67.0,No,No,97.0,Never,Occasionally,Unhealthy,Never,Yes,Yes,13.87,0
62,Female,156.4,75.3,74.0,6.1,124.0,91.0,Yes,No,176.0,Never,Frequently,Average,Frequently,No,No,30.78,0
57,Male,190.5,73.7,130.0,4.7,99.0,77.0,No,No,112.0,Former,Occasionally,Average,Never,N/A,N/A,20.31,0
52,Male,183.9,70.6,97.0,5.7,130.0,82.0,No,No,339.0,Never,Never,Average,Occasionally,N/A,N/A,20.88,0
24,Female,166.6,65.1,93.0,5.8,113.0,65.0,No,No,270.0,Never,Occasionally,Average,Occasionally,No,No,23.45,0
80,Male,166.7,86.8,96.0,5.9,137.0,97.0,No,No,153.0,Never,Occasionally,Average,Occasionally,N/A,N/A,31.24,0
48,Male,172.3,85.9,128.0,4.7,109.0,70.0,No,No,260.0,Former,Frequently,Healthy,Never,N/A,N/A,28.93,0
72,Male,175.3,116.6,111.0,5.9,113.0,115.0,No,Yes,85.0,Former,Occasionally,Unhealthy,Never,N/A,N/A,37.94,1
49,Male,173.5,82.0,97.0,5.2,94.0,83.0,No,No,108.0,Former,Occasionally,Average,Frequently,N/A,N/A,27.24,1
53,Male,170.3,42.5,101.0,5.2,112.0,75.0,Yes,No,124.0,Never,Never,Unhealthy,Frequently,N/A,N/A,14.65,0
41,Male,175.0,91.2,87.0,6.0,119.0,68.0,No,No,173.0,Never,Occasionally,Healthy,Frequently,N/A,N/A,29.78,0
53,Male,179.2,43.4,88.0,4.9,91.0,78.0,No,No,50.0,Former,Occasionally,Unhealthy,Never,N/A,N/A,13.51,0
71,Male,161.8,77.2,75.0,6.0,151.0,82.0,Yes,No,96.0,Former,Occasionally,Unhealthy,Occasionally,N/A,N/A,29.49,0
59,Male,166.7,56.9,117.0,5.7,113.0,75.0,No,No,60.0,Former,Occasionally,Average,Never,N/A,N/A,20.48,0
22,Female,152.3,57.7,86.0,5.4,130.0,80.0,No,No,139.0,Former,Occasionally,Unhealthy,Occasionally,No,No,24.88,0
61,Female,162.6,81.3,86.0,5.8,148.0,74.0,No,No,0.0,Never,Never,Unhealthy,Occasionally,No,No,30.75,0
58,Male,183.1,86.5,109.0,6.8,132.0,85.0,Yes,No,141.0,Current,Never,Average,Occasionally,N/A,N/A,25.8,0
26,Female,167.1,70.0,102.0,5.4,117.0,72.0,Yes,No,0.0,Never,Frequently,Healthy,Never,Yes,No,25.07,0
82,Female,176.3,72.4,72.0,7.4,150.0,69.0,No,No,169.0,Never,Occasionally,Average,Never,Yes,No,23.29,0
85,Female,151.1,38.0,80.0,4.8,124.0,94.0,No,No,90.0,Never,Frequently,Average,Frequently,No,No,16.64,0
48,Female,162.5,78.3,77.0,4.3,134.0,96.0,No,No,242.0,Former,Never,Average,Occasionally,No,N/A,29.65,0
18,Male,186.0,57.1,76.0,5.3,85.0,76.0,Yes,No,250.0,Never,Frequently,Unhealthy,Never,N/A,N/A,16.5,0
78,Male,161.6,88.1,91.0,5.7,144.0,77.0,No,No,232.0,Never,Frequently,Unhealthy,Occasionally,N/A,N/A,33.74,0
50,Female,154.3,85.0,108.0,5.2,145.0,88.0,No,No,152.0,Current,Frequently,Healthy,Occasionally,No,No,35.7,0
78,Female,164.5,83.2,116.0,5.9,152.0,75.0,No,No,203.0,Never,Frequently,Average,Occasionally,No,No,30.75,1
69,Male,170.6,54.3,64.0,7.1,102.0,65.0,Yes,No,233.0,Former,Never,Unhealthy,Occasionally,N/A,N/A,18.66,0
76,Male,166.2,92.7,111.0,5.4,105.0,80.0,No,No,13.0,Current,Never,Average,Occasionally,N/A,N/A,33.56,0
19,Male,190.9,103.7,55.0,4.9,133.0,72.0,No,No,91.0,Former,Never,Average,Occasionally,N/A,N/A,28.46,0
42,Male,174.4,89.2,87.0,4.5,126.0,70.0,No,No,21.0,Former,Never,Average,Occasionally,N/A,N/A,29.33,0
43,Male,169.8,61.7,81.0,5.5,122.0,72.0,Yes,No,184.0,Former,Never,Average,Never,N/A,N/A,21.4,0
31,Female,169.8,103.4,93.0,6.0,116.0,85.0,Yes,No,112.0,Never,Occasionally,Healthy,Occasionally,N/A,No,35.86,0
69,Female,149.1,38.0,84.0,4.7,134.0,74.0,No,No,160.0,Former,Occasionally,Healthy,Frequently,No,N/A,17.09,0
42,Female,155.0,77.9,89.0,6.5,116.0,72.0,No,No,132.0,Never,Frequently,Healthy,Never,N/A,Yes,32.42,0
22,Female,154.3,89.6,93.0,5.0,108.0,81.0,No,No,154.0,Former,Frequently,Healthy,Never,N/A,No,37.63,0
67,Male,168.3,82.5,108.0,5.6,121.0,75.0,No,No,153.0,Former,Frequently,Unhealthy,Frequently,N/A,N/A,29.13,0
39,Female,166.8,38.0,88.0,4.7,133.0,80.0,No,No,273.0,Former,Frequently,Healthy,Occasionally,No,No,13.66,0
41,Male,176.6,99.0,108.0,4.9,122.0,67.0,Yes,No,0.0,Never,Occasionally,Healthy,Occasionally,N/A,N/A,31.74,0
30,Female,158.8,70.4,125.0,4.7,119.0,89.0,Yes,No,137.0,Never,Never,Average,Occasionally,No,No,27.92,0
59,Male,163.4,100.5,94.0,5.2,168.0,96.0,No,No,0.0,Former,Frequently,Average,Frequently,N/A,N/A,37.64,0
20,Male,186.6,91.6,89.0,7.0,151.0,72.0,No,No,199.0,Never,Frequently,Average,Occasionally,N/A,N/A,26.31,0
21,Male,170.0,100.8,88.0,5.3,130.0,93.0,Yes,No,103.0,Current,Occasionally,Average,Occasionally,N/A,N/A,34.88,0
58,Female,150.7,55.0,105.0,5.2,160.0,71.0,No,No,156.0,Current,Occasionally,Healthy,Occasionally,No,No,24.22,0
29,Female,152.9,91.7,106.0,4.0,118.0,68.0,No,No,86.0,Never,Frequently,Average,Occasionally,No,Yes,39.22,0
30,Female,159.1,57.3,66.0,7.3,103.0,88.0,Yes,No,214.0,Current,Occasionally,Healthy,Occasionally,No,No,22.64,0
56,Male,175.0,56.8,83.0,5.4,126.0,89.0,No,No,186.0,Never,Occasionally,Average,Occasionally,N/A,N/A,18.55,0
84,Male,174.3,56.6,70.0,6.2,124.0,94.0,No,No,242.0,Former,Occasionally,Average,Frequently,N/A,N/A,18.63,0
85,Female,144.5,51.9,91.0,4.7,140.0,88.0,No,No,175.0,Never,Occasionally,Unhealthy,Never,No,N/A,24.86,1
84,Male,167.5,52.7,79.0,6.0,122.0,82.0,No,No,219.0,Former,Occasionally,Average,Frequently,N/A,N/A,18.78,0
77,Other,168.8,100.7,96.0,5.5,134.0,82.0,No,No,267.0,Never,Occasionally,Average,Never,N/A,No,35.34,0
23,Female,165.2,50.9,69.0,6.4,95.0,84.0,No,No,67.0,Never,Frequently,Unhealthy,Frequently,No,No,18.65,0
79,Male,175.0,68.2,89.0,5.8,119.0,77.0,No,No,0.0,Never,Never,Average,Frequently,N/A,N/A,22.27,0
20,Male,166.5,62.4,108.0,5.5,99.0,73.0,No,No,100.0,Never,Occasionally,Average,Occasionally,N/A,N/A,22.51,0
47,Male,173.9,88.4,75.0,6.2,107.0,70.0,No,No,209.0,Never,Frequently,Healthy,Occasionally,N/A,N/A,29.23,0
55,Male,174.3,96.4,121.0,5.1,141.0,82.0,No,Yes,120.0,Never,Never,Average,Occasionally,N/A,N/A,31.73,0
47,Male,168.7,64.7,75.0,5.1,103.0,87.0,Yes,No,84.0,Former,Frequently,Average,Occasionally,N/A,N/A,22.73,0
55,Female,162.1,78.4,74.0,5.4,125.0,72.0,Yes,No,172.0,Never,Never,Unhealthy,Frequently,No,No,29.84,0
84,Male,177.5,100.7,73.0,6.8,130.0,81.0,No,No,1.0,Current,Occasionally,Unhealthy,Frequently,N/A,N/A,31.96,0
36,Male,169.9,79.5,66.0,5.8,101.0,75.0,Yes,No,189.0,Former,Never,Healthy,Occasionally,N/A,N/A,27.54,0
49,Female,154.4,76.8,104.0,4.7,85.0,86.0,No,No,179.0,Current,Occasionally,Healthy,Never,No,No,32.22,1
84,Female,166.0,39.4,105.0,6.0,141.0,92.0,No,No,141.0,Never,Occasionally,Average,Occasionally,No,No,14.3,0
22,Male,164.0,84.4,82.0,4.6,119.0,95.0,No,No,99.0,Current,Occasionally,Unhealthy,Never,N/A,N/A,31.38,0
70,Female,148.5,52.3,110.0,6.0,134.0,83.0,No,No,170.0,Former,Frequently,Unhealthy,Frequently,No,No,23.72,1
24,Female,146.7,61.9,55.0,5.9,128.0,100.0,No,No,106.0,Never,Never,Average,Occasionally,No,Yes,28.76,0
41,Male,166.4,65.6,120.0,4.7,135.0,69.0,No,No,127.0,Current,Occasionally,Unhealthy,Never,N/A,N/A,23.69,0
23,Other,156.0,80.0,129.0,5.2,135.0,86.0,No,No,203.0,Former,Occasionally,Average,Occasionally,No,No,32.87,0
63,Female,161.7,68.9,106.0,5.4,146.0,62.0,Yes,No,124.0,Never,Occasionally,Unhealthy,Frequently,No,N/A,26.35,0
37,Male,154.6,91.8,55.0,4.8,145.0,82.0,No,No,30.0,Never,Occasionally,Average,Occasionally,N/A,N/A,38.41,0
71,Female,164.7,80.3,116.0,6.0,156.0,74.0,No,Yes,124.0,Never,Never,Average,Occasionally,No,Yes,29.6,1
60,Male,184.5,98.0,106.0,4.9,119.0,79.0,No,No,179.0,Current,Never,Unhealthy,Occasionally,N/A,N/A,28.79,0
43,Male,193.4,71.5,68.0,6.0,123.0,58.0,No,No,31.0,Never,Occasionally,Unhealthy,Occasionally,N/A,N/A,19.12,0
21,Female,162.0,89.7,79.0,6.1,86.0,79.0,No,No,216.0,Never,Occasionally,Average,Frequently,No,No,34.18,0
25,Female,149.2,84.5,100.0,5.7,134.0,84.0,No,No,107.0,Former,Occasionally,Average,Frequently,No,No,37.96,0
58,Female,165.0,67.2,55.0,4.6,119.0,83.0,No,No,202.0,Never,Occasionally,Average,Never,No,No,24.68,0
68,Female,165.2,62.0,112.0,6.0,122.0,85.0,No,No,159.0,Former,Occasionally,Unhealthy,Occasionally,No,No,22.72,0
57,Male,173.5,96.8,99.0,5.4,124.0,89.0,Yes,No,83.0,Current,Frequently,Healthy,Occasionally,N/A,N/A,32.16,1
27,Female,156.7,52.5,120.0,4.8,85.0,80.0,No,No,150.0,Former,Occasionally,Average,Occasionally,No,No,21.38,0
70,Male,172.8,90.2,72.0,5.7,131.0,82.0,Yes,No,213.0,Former,Never,Average,Frequently,N/A,N/A,30.21,0
43,Male,159.2,97.5,82.0,5.9,117.0,90.0,No,No,0.0,Never,Frequently,Average,Occasionally,N/A,N/A,38.47,0
32,Male,184.7,85.2,91.0,5.9,120.0,76.0,No,No,312.0,Never,Never,Average,Occasionally,N/A,N/A,24.98,0
57,Male,170.8,94.6,71.0,5.1,142.0,75.0,No,No,69.0,Never,Occasionally,Unhealthy,Occasionally,N/A,N/A,32.43,0
48,Male,170.0,54.4,109.0,7.5,132.0,65.0,No,No,136.0,Never,Never,Healthy,Never,N/A,N/A,18.82,0
21,Female,163.7,73.3,83.0,5.2,141.0,87.0,Yes,No,220.0,Former,Occasionally,Healthy,Occasionally,No,No,27.35,0
82,Female,158.5,63.6,99.0,7.3,131.0,72.0,No,No,292.0,Never,Occasionally,Unhealthy,Never,N/A,No,25.32,0
70,Female,171.3,69.5,107.0,5.3,118.0,58.0,No,No,183.0,Never,Frequently,Average,Frequently,No,No,23.68,0
61,Male,188.4,95.0,73.0,5.9,124.0,76.0,Yes,No,225.0,Never,Occasionally,Average,Frequently,N/A,N/A,26.76,0
19,Male,168.3,65.7,80.0,5.6,107.0,59.0,Yes,No,126.0,Never,Occasionally,Unhealthy,Occasionally,N/A,N/A,23.2,0
55,Male,161.2,82.7,82.0,7.0,148.0,86.0,No,No,116.0,Former,Frequently,Unhealthy,Never,N/A,N/A,31.83,0
18,Female,146.0,59.9,86.0,5.4,114.0,65.0,No,No,214.0,Never,Occasionally,Healthy,Frequently,No,No,28.1,0
79,Female,167.9,57.5,87.0,4.1,131.0,91.0,Yes,No,139.0,Never,Occasionally,Unhealthy,Frequently,No,No,20.4,0
74,Male,177.1,88.4,85.0,6.9,127.0,87.0,No,No,143.0,Never,Occasionally,Unhealthy,Occasionally,N/A,N/A,28.18,0
47,Female,153.7,70.7,81.0,6.7,126.0,71.0,No,No,269.0,Never,Never,Average,Occasionally,No,No,29.93,0
29,Female,159.1,65.3,111.0,3.8,105.0,80.0,Yes,No,152.0,Never,Never,Unhealthy,Frequently,No,No,25.8,1
69,Female,170.2,63.7,94.0,6.0,130.0,85.0,No,No,0.0,Never,Frequently,Average,Never,No,No,21.99,0
81,Female,171.1,71.9,129.0,7.9,152.0,81.0,No,No,20.0,Current,Occasionally,Healthy,Occasionally,No,No,24.56,1
82,Male,177.4,72.5,96.0,6.0,124.0,78.0,No,No,164.0,Never,Frequently,Healthy,Never,N/A,N/A,23.04,0
32,Male,182.1,74.1,102.0,4.7,114.0,63.0,No,No,99.0,Never,Occasionally,Unhealthy,Frequently,N/A,N/A,22.35,0
55,Female,164.6,38.0,89.0,5.9,100.0,83.0,Yes,No,317.0,Never,Never,Healthy,Occasionally,No,No,14.03,0
67,Female,170.9,88.2,107.0,6.8,149.0,91.0,No,No,265.0,Former,Frequently,Healthy,Occasionally,No,No,30.2,1
45,Male,179.2,82.8,150.0,5.5,152.0,54.0,No,No,121.0,Never,Never,Healthy,Occasionally,N/A,N/A,25.78,0
56,Male,180.7,71.7,108.0,3.7,102.0,98.0,No,No,199.0,Current,Never,Unhealthy,Occasionally,N/A,N/A,21.96,0
20,Male,180.2,80.1,67.0,4.5,112.0,61.0,No,No,254.0,Current,Occasionally,Average,Frequently,N/A,N/A,24.67,0
65,Female,168.4,58.1,100.0,6.1,134.0,92.0,No,No,138.0,Never,Occasionally,Average,Never,No,No,20.49,0
61,Female,151.3,70.4,117.0,6.0,87.0,97.0,No,No,202.0,Former,Never,Healthy,Occasionally,Yes,No,30.75,1
21,Female,162.1,57.1,94.0,4.2,85.0,82.0,No,No,14.0,Never,Occasionally,Average,Occasionally,N/A,No,21.73,0
68,Female,165.2,64.5,107.0,5.2,120.0,91.0,No,No,141.0,Current,Never,Average,Frequently,No,No,23.63,1
21,Male,166.7,73.2,55.0,5.0,140.0,64.0,Yes,No,153.0,Never,Frequently,Average,Frequently,N/A,N/A,26.34,0
76,Male,184.1,67.0,126.0,5.3,169.0,73.0,No,No,268.0,Former,Occasionally,Average,Frequently,N/A,N/A,19.77,0
62,Female,177.7,70.3,95.0,7.4,111.0,81.0,Yes,No,191.0,Never,Never,Average,Occasionally,No,No,22.26,0
66,Male,180.6,46.3,94.0,5.3,155.0,74.0,No,No,359.0,Current,Never,Average,Frequently,N/A,N/A,14.2,1
21,Male,187.6,70.4,103.0,5.6,117.0,78.0,No,No,124.0,Former,Occasionally,Average,Occasionally,N/A,N/A,20.0,0
69,Male,173.2,108.2,71.0,6.1,115.0,84.0,No,No,195.0,Current,Occasionally,Average,Never,N/A,N/A,36.07,0
56,Female,158.7,72.2,109.0,5.8,122.0,75.0,No,No,91.0,Former,Occasionally,Unhealthy,Occasionally,Yes,No,28.67,0
30,Male,161.3,76.6,115.0,4.2,113.0,84.0,No,No,2.0,Never,Occasionally,Unhealthy,Occasionally,N/A,N/A,29.44,0
50,Female,175.7,54.2,102.0,5.8,118.0,83.0,No,No,241.0,Former,Never,Average,Occasionally,No,No,17.56,0
30,Male,176.9,80.9,83.0,5.9,131.0,72.0,Yes,No,212.0,Never,Frequently,Average,Never,N/A,N/A,25.85,0
80,Male,168.2,65.9,95.0,5.1,151.0,74.0,No,No,77.0,Never,Occasionally,Healthy,Occasionally,N/A,N/A,23.29,0
56,Female,154.5,76.9,117.0,5.9,142.0,79.0,Yes,No,183.0,Never,Occasionally,Healthy,Never,No,No,32.22,0
28,Male,192.3,61.9,134.0,5.4,145.0,70.0,No,No,163.0,Never,Never,Average,Occasionally,N/A,N/A,16.74,0
30,Female,162.8,58.6,103.0,4.9,129.0,55.0,No,No,241.0,Never,Occasionally,Average,Never,No,N/A,22.11,0
62,Female,154.6,68.0,84.0,5.7,123.0,79.0,No,No,110.0,Current,Never,Healthy,Never,No,No,28.45,0
20,Female,146.7,64.5,94.0,5.5,109.0,63.0,No,No,83.0,Never,Frequently,Average,Occasionally,N/A,No,29.97,0
41,Female,153.3,77.5,85.0,5.6,117.0,68.0,Yes,No,140.0,Never,Occasionally,Healthy,Occasionally,No,No,32.98,0
84,Male,160.4,91.3,114.0,4.1,127.0,75.0,No,No,183.0,Former,Occasionally,Average,Frequently,N/A,N/A,35.49,1
60,Male,168.3,90.4,95.0,5.2,150.0,72.0,No,No,114.0,Never,Occasionally,Unhealthy,Occasionally,N/A,N/A,31.92,0
75,Male,171.0,70.7,98.0,5.3,165.0,94.0,No,No,109.0,Never,Frequently,Unhealthy,Occasionally,N/A,N/A,24.18,0
41,Male,175.7,74.8,105.0,5.1,135.0,76.0,Yes,No,295.0,Former,Frequently,Average,Occasionally,N/A,N/A,24.23,0
31,Male,183.6,60.8,98.0,5.2,115.0,65.0,No,No,132.0,Former,Frequently,Healthy,Occasionally,N/A,N/A,18.04,0
26,Male,170.4,61.4,69.0,5.4,103.0,73.0,Yes,No,102.0,Former,Occasionally,Average,Never,N/A,N/A,21.15,0
47,Female,158.8,48.6,119.0,5.1,105.0,77.0,No,No,123.0,Never,Never,Average,Occasionally,No,N/A,19.27,0
69,Male,192.6,96.3,86.0,6.3,143.0,74.0,No,No,184.0,Former,Occasionally,Average,Occasionally,N/A,N/A,25.96,1
80,Other,165.9,81.2,104.0,7.5,157.0,86.0,No,Yes,180.0,Never,Never,Healthy,Frequently,No,No,29.5,0
30,Female,159.7,38.0,92.0,5.2,96.0,68.0,No,No,171.0,Never,Occasionally,Unhealthy,Occasionally,No,No,14.9,0
74,Male,167.4,86.1,67.0,5.0,153.0,94.0,No,No,71.0,Former,Occasionally,Unhealthy,Occasionally,N/A,N/A,30.73,0
32,Female,159.7,68.4,92.0,3.9,110.0,78.0,No,No,285.0,Current,Occasionally,Average,Occasionally,No,No,26.82,0
26,Female,149.8,71.2,66.0,5.3,121.0,87.0,No,No,90.0,Never,Occasionally,Healthy,Occasionally,Yes,No,31.73,0
67,Female,159.0,102.5,88.0,6.8,129.0,97.0,No,No,207.0,Current,Frequently,Healthy,Occasionally,No,Yes,40.54,0
82,Male,181.7,81.1,89.0,6.2,115.0,90.0,Yes,No,246.0,Former,Never,Average,Occasionally,N/A,N/A,24.56,1
28,Male,179.9,79.8,135.0,5.8,120.0,79.0,No,No,166.0,Never,Occasionally,Average,Occasionally,N/A,N/A,24.66,1
75,Female,150.9,73.2,125.0,6.1,138.0,83.0,Yes,No,77.0,Former,Occasionally,Average,Occasionally,No,N/A,32.15,1
23,Male,168.4,97.1,75.0,4.8,119.0,99.0,No,No,57.0,Former,Occasionally,Unhealthy,Never,N/A,N/A,34.24,0
20,Female,171.8,77.8,99.0,4.9,96.0,72.0,No,No,184.0,Never,Never,Unhealthy,Occasionally,No,Yes,26.36,0
54,Female,164.7,81.9,111.0,5.4,116.0,70.0,No,No,38.0,Never,Never,Healthy,Frequently,No,No,30.19,0
22,Female,165.1,77.0,69.0,4.7,124.0,70.0,No,No,234.0,Current,Occasionally,Average,Occasionally,No,N/A,28.25,0
80,Male,172.0,84.8,96.0,6.2,125.0,96.0,No,Yes,202.0,Former,Never,Unhealthy,Occasionally,N/A,N/A,28.66,0
81,Other,146.3,67.6,124.0,5.9,102.0,90.0,No,Yes,0.0,Never,Occasionally,Healthy,Occasionally,Yes,N/A,31.58,1
71,Female,159.1,58.3,89.0,5.3,139.0,89.0,No,No,94.0,Never,Occasionally,Average,Occasionally,No,Yes,23.03,0
56,Female,167.8,74.0,98.0,4.2,114.0,80.0,No,No,273.0,Never,Occasionally,Average,Never,No,No,26.28,0
26,Female,160.2,69.8,76.0,6.1,122.0,77.0,No,No,206.0,Current,Frequently,Unhealthy,Frequently,No,No,27.2,0
24,Male,182.3,78.8,95.0,5.7,128.0,84.0,Yes,No,138.0,Never,Occasionally,Average,Occasionally,N/A,N/A,23.71,0
18,Female,161.9,57.1,79.0,4.7,97.0,84.0,No,No,81.0,Never,Frequently,Unhealthy,Occasionally,No,No,21.78,0
54,Female,166.8,61.6,120.0,5.4,107.0,78.0,Yes,Yes,156.0,Never,Occasionally,Average,Occasionally,No,No,22.14,0
49,Male,179.6,83.8,82.0,6.2,86.0,104.0,No,No,15.0,Former,Occasionally,Average,Never,N/A,N/A,25.98,0
37,Male,172.4,91.4,99.0,5.7,116.0,73.0,No,No,75.0,Former,Occasionally,Healthy,Never,N/A,N/A,30.75,0
25,Female,177.2,94.3,130.0,3.9,120.0,80.0,No,No,153.0,Current,Never,Healthy,Occasionally,Yes,No,30.03,0
44,Female,164.5,63.8,101.0,5.5,129.0,84.0,No,No,153.0,Never,Occasionally,Healthy,Occasionally,No,No,23.58,0
76,Female,163.3,53.7,119.0,5.9,113.0,63.0,No,No,121.0,Former,Never,Healthy,Occasionally,No,No,20.14,0
22,Male,174.1,80.0,93.0,6.0,111.0,90.0,No,No,148.0,Never,Never,Unhealthy,Occasionally,N/A,N/A,26.39,0
81,Female,156.1,68.1,64.0,4.6,143.0,93.0,No,No,322.0,Former,Frequently,Average,Occasionally,No,No,27.95,0
43,Female,174.6,57.3,61.0,4.7,117.0,72.0,No,No,24.0,Never,Occasionally,Healthy,Occasionally,N/A,No,18.8,0
55,Female,163.2,56.4,104.0,5.7,118.0,75.0,No,No,0.0,Current,Never,Unhealthy,Occasionally,No,No,21.18,0
76,Male,172.3,79.5,106.0,5.9,113.0,101.0,Yes,No,258.0,Never,Occasionally,Healthy,Never,N/A,N/A,26.78,0
70,Male,180.4,120.5,55.0,5.6,152.0,85.0,No,No,364.0,Never,Occasionally,Healthy,Occasionally,N/A,N/A,37.03,0
66,Male,169.3,63.4,55.0,5.0,116.0,66.0,No,No,143.0,Former,Frequently,Average,Occasionally,N/A,N/A,22.12,0
68,Female,161.1,88.9,109.0,7.1,105.0,85.0,No,No,145.0,Current,Occasionally,Average,Occasionally,No,No,34.25,0
40,Female,161.2,59.9,62.0,6.1,121.0,63.0,No,No,185.0,Never,Occasionally,Average,Occasionally,Yes,No,23.05,0
58,Male,185.3,98.4,96.0,6.4,127.0,74.0,No,No,269.0,Never,Occasionally,Healthy,Never,N/A,N/A,28.66,0
40,Female,162.1,55.3,96.0,4.1,126.0,82.0,Yes,No,80.0,Never,Occasionally,Average,Occasionally,No,No,21.05,0
47,Male,172.9,86.9,114.0,7.1,108.0,85.0,No,No,76.0,Never,Frequently,Average,Occasionally,N/A,N/A,29.07,1
85,Male,178.1,76.1,98.0,5.3,113.0,80.0,No,No,54.0,Current,Occasionally,Healthy,Occasionally,N/A,N/A,23.99,0
79,Male,180.8,84.0,93.0,7.5,138.0,85.0,No,No,115.0,Former,Occasionally,Unhealthy,Occasionally,N/A,N/A,25.7,0
27,Male,176.2,94.0,106.0,5.5,109.0,63.0,Yes,No,111.0,Never,Frequently,Healthy,Occasionally,N/A,N/A,30.28,0
63,Female,159.9,71.2,114.0,5.7,131.0,66.0,No,No,146.0,Former,Frequently,Healthy,Occasionally,No,No,27.85,0
48,Male,186.4,54.6,116.0,6.2,120.0,48.0,No,No,0.0,Former,Occasionally,Healthy,Occasionally,N/A,N/A,15.71,0
34,Male,184.5,76.5,98.0,4.6,120.0,87.0,Yes,No,108.0,Former,Never,Unhealthy,Occasionally,N/A,N/A,22.47,0
72,Female,165.1,76.0,126.0,6.1,112.0,101.0,No,No,256.0,Never,Never,Average,Never,No,Yes,27.88,0
18,Male,182.2,72.7,78.0,5.7,114.0,56.0,No,No,219.0,Never,Occasionally,Healthy,Occasionally,N/A,N/A,21.9,0
33,Other,164.0,39.7,110.0,6.2,95.0,62.0,No,No,97.0,Never,Occasionally,Healthy,Occasionally,N/A,No,14.76,0
64,Female,178.7,62.5,103.0,6.6,145.0,91.0,Yes,No,232.0,Current,Never,Unhealthy,Occasionally,No,No,19.57,0
67,Female,165.7,65.7,78.0,6.9,113.0,78.0,No,No,110.0,Never,Occasionally,Healthy,Frequently,No,N/A,23.93,0
34,Female,153.1,40.9,102.0,5.9,85.0,83.0,Yes,No,275.0,Current,Never,Average,Frequently,No,No,17.45,0
54,Female,158.4,75.3,130.0,4.8,133.0,84.0,No,No,49.0,Never,Occasionally,Unhealthy,Never,No,N/A,30.01,0
31,Male,160.7,66.3,74.0,4.9,93.0,78.0,Yes,No,172.0,Never,Occasionally,Average,Occasionally,N/A,N/A,25.67,0
18,Female,169.4,69.8,102.0,6.4,93.0,78.0,Yes,No,76.0,Former,Occasionally,Healthy,Occasionally,No,No,24.32,0
80,Female,179.3,68.9,90.0,5.8,129.0,95.0,No,No,10.0,Never,Occasionally,Unhealthy,Occasionally,N/A,N/A,21.43,0
27,Male,161.2,80.0,87.0,5.5,117.0,61.0,No,No,35.0,Former,Never,Healthy,Frequently,N/A,N/A,30.79,0
48,Male,184.8,90.2,113.0,5.5,124.0,86.0,No,No,46.0,Former,Frequently,Healthy,Frequently,N/A,N/A,26.41,0
42,Female,156.0,69.7,99.0,4.7,106.0,94.0,No,No,64.0,Never,Occasionally,Unhealthy,Never,Yes,No,28.64,0
78,Female,161.2,68.3,97.0,5.6,153.0,96.0,No,No,231.0,Current,Occasionally,Healthy,Never,No,No,26.28,0
47,Female,154.2,58.4,117.0,7.0,126.0,72.0,No,No,98.0,Never,Occasionally,Unhealthy,Never,No,No,24.56,0
20,Female,145.9,58.1,78.0,5.1,97.0,77.0,Yes,No,31.0,Never,Occasionally,Healthy,Occasionally,No,No,27.29,0
48,Male,170.2,59.9,77.0,5.0,125.0,93.0,Yes,No,138.0,Never,Occasionally,Unhealthy,Frequently,N/A,N/A,20.68,0
71,Female,169.3,102.6,88.0,8.3,138.0,86.0,No,No,0.0,Former,Occasionally,Healthy,Occasionally,Yes,No,35.8,0
67,Male,164.0,89.4,132.0,6.2,120.0,89.0,Yes,No,68.0,Current,Occasionally,Healthy,Occasionally,N/A,N/A,33.24,1
20,Female,161.5,78.1,89.0,6.1,122.0,83.0,No,No,169.0,Current,Occasionally,Healthy,Occasionally,No,Yes,29.94,0
71,Female,155.9,64.0,100.0,5.4,120.0,75.0,No,No,183.0,Current,Occasionally,Average,Never,No,No,26.33,0
29,Female,154.7,83.0,59.0,5.0,125.0,83.0,No,No,7.0,Former,Occasionally,Average,Frequently,No,No,34.68,0
60,Female,144.3,80.9,102.0,6.5,137.0,70.0,No,Yes,121.0,Current,Never,Healthy,Occasionally,No,No,38.85,1
62,Male,182.6,72.4,94.0,5.1,120.0,74.0,No,No,235.0,Never,Occasionally,Average,Occasionally,N/A,N/A,21.71,0
31,Female,155.7,86.1,63.0,5.4,138.0,92.0,Yes,No,0.0,Current,Occasionally,Unhealthy,Never,No,No,35.52,0
33,Female,161.8,81.2,135.0,4.2,110.0,63.0,Yes,No,180.0,Current,Frequently,Average,Occasionally,No,No,31.02,0
52,Male,181.0,77.4,69.0,5.5,104.0,76.0,No,No,249.0,Current,Frequently,Average,Occasionally,N/A,N/A,23.63,0
64,Female,154.3,67.5,75.0,5.9,117.0,101.0,No,No,76.0,Never,Never,Healthy,Occasionally,No,No,28.35,0
67,Female,161.7,66.7,99.0,5.5,131.0,85.0,No,No,166.0,Current,Never,Average,Never,No,No,25.51,0
30,Female,157.4,85.9,105.0,5.1,137.0,66.0,No,No,294.0,Never,Occasionally,Healthy,Never,No,No,34.67,0
30,Female,161.0,53.7,65.0,5.6,87.0,81.0,No,No,289.0,Never,Occasionally,Average,Occasionally,No,No,20.72,0
58,Female,152.7,60.5,87.0,6.3,118.0,65.0,No,No,206.0,Former,Never,Healthy,Occasionally,No,No,25.95,0
58,Female,143.6,68.2,107.0,6.0,130.0,72.0,No,No,54.0,Former,Occasionally,Average,Occasionally,Yes,No,33.07,0
36,Female,165.4,68.7,114.0,5.3,119.0,70.0,Yes,No,234.0,Current,Occasionally,Unhealthy,Frequently,No,No,25.11,0
26,Male,176.9,87.5,88.0,5.3,115.0,84.0,No,No,21.0,Current,Occasionally,Average,Occasionally,N/A,N/A,27.96,0
81,Female,153.5,90.6,71.0,6.7,142.0,83.0,No,No,0.0,Never,Frequently,Healthy,Occasionally,No,No,38.45,1
75,Male,170.3,89.9,121.0,5.7,137.0,87.0,Yes,No,222.0,Never,Occasionally,Average,Occasionally,N/A,N/A,31.0,0
64,Female,164.9,65.0,78.0,4.9,126.0,77.0,No,No,172.0,Former,Frequently,Healthy,Occasionally,No,No,23.9,0
59,Male,190.5,88.5,102.0,4.7,116.0,75.0,Yes,No,160.0,Never,Occasionally,Average,Occasionally,N/A,N/A,24.39,0
67,Male,169.5,66.3,120.0,6.3,123.0,91.0,No,No,221.0,Never,Occasionally,Healthy,Occasionally,N/A,N/A,23.08,0
29,Female,157.6,38.9,71.0,7.1,102.0,70.0,No,No,248.0,Never,Occasionally,Average,Never,No,No,15.66,0
23,Male,174.4,99.3,110.0,4.1,101.0,81.0,No,No,324.0,Former,Frequently,Unhealthy,Frequently,N/A,N/A,32.65,0
80,Male,168.8,82.8,95.0,5.3,156.0,92.0,No,No,75.0,Never,Frequently,Healthy,Occasionally,N/A,N/A,29.06,1
20,Female,153.4,59.7,80.0,5.7,111.0,83.0,No,No,237.0,Former,Frequently,Average,Occasionally,No,N/A,25.37,0
66,Female,160.7,72.1,131.0,7.0,139.0,82.0,No,No,178.0,Never,Occasionally,Average,Frequently,No,No,27.92,0
76,Female,160.2,44.5,104.0,6.4,133.0,80.0,No,No,96.0,Never,Never,Healthy,Never,N/A,No,17.34,0
42,Male,166.5,72.6,95.0,4.8,137.0,58.0,No,No,219.0,Never,Never,Average,Frequently,N/A,N/A,26.19,0
83,Female,154.6,73.2,105.0,6.1,137.0,97.0,No,No,90.0,Never,Never,Average,Never,No,No,30.63,1
84,Female,175.1,57.2,107.0,6.1,156.0,107.0,Yes,No,221.0,Former,Occasionally,Average,Frequently,No,No,18.66,1
46,Male,170.4,77.8,118.0,6.5,108.0,89.0,Yes,No,69.0,Current,Occasionally,Average,Never,N/A,N/A,26.79,0
45,Male,172.5,94.2,86.0,4.6,116.0,71.0,No,No,109.0,Never,Never,Average,Frequently,N/A,N/A,31.66,0
23,Male,182.8,74.9,93.0,5.0,114.0,85.0,No,No,258.0,Never,Occasionally,Average,Never,N/A,N/A,22.41,0
57,Female,154.9,73.9,101.0,7.1,147.0,80.0,Yes,No,0.0,Never,Never,Healthy,Frequently,No,No,30.8,0
78,Female,156.4,99.6,102.0,6.4,150.0,80.0,No,Yes,89.0,Never,Occasionally,Average,Occasionally,Yes,No,40.72,1
77,Male,164.4,69.9,127.0,6.0,113.0,65.0,No,No,122.0,Never,Never,Average,Frequently,N/A,N/A,25.86,0
66,Male,162.5,61.0,72.0,4.6,131.0,90.0,No,No,0.0,Former,Occasionally,Average,Never,N/A,N/A,23.1,0
82,Female,177.3,60.9,119.0,6.3,144.0,74.0,No,No,194.0,Never,Never,Healthy,Never,No,No,19.37,1
65,Female,162.8,73.4,82.0,6.0,130.0,81.0,No,No,176.0,Never,Occasionally,Healthy,Occasionally,No,No,27.69,1
83,Female,160.0,62.7,160.0,6.6,126.0,76.0,No,Yes,102.0,Former,Occasionally,Average,Occasionally,No,No,24.49,1
78,Male,178.1,84.4,96.0,7.7,132.0,62.0,No,No,96.0,Current,Occasionally,Healthy,Occasionally,N/A,N/A,26.61,0
52,Female,148.3,52.2,92.0,4.6,137.0,78.0,No,No,39.0,Never,Frequently,Average,Never,No,No,23.73,0
50,Female,161.7,59.0,83.0,4.8,142.0,73.0,No,No,117.0,Never,Never,Average,Frequently,No,No,22.56,0
65,Male,172.2,79.9,125.0,6.1,125.0,79.0,No,No,97.0,Current,Frequently,Average,Frequently,N/A,N/A,26.95,0
34,Female,157.6,70.3,69.0,6.4,106.0,69.0,No,No,94.0,Former,Never,Unhealthy,Frequently,No,Yes,28.3,0
35,Female,149.9,65.7,96.0,6.0,117.0,85.0,No,No,117.0,Never,Never,Healthy,Occasionally,No,No,29.24,0
28,Male,179.5,102.7,97.0,5.7,129.0,83.0,No,No,90.0,Current,Occasionally,Unhealthy,Never,N/A,N/A,31.87,0
75,Female,155.9,61.8,68.0,7.6,138.0,72.0,No,Yes,131.0,Current,Occasionally,Unhealthy,Occasionally,No,No,25.43,0
51,Female,153.6,88.0,79.0,6.4,124.0,68.0,No,No,94.0,Former,Frequently,Average,Occasionally,Yes,Yes,37.3,0
23,Female,153.0,72.9,120.0,5.4,116.0,61.0,Yes,No,171.0,Never,Occasionally,Average,Never,No,No,31.14,0
42,Male,174.1,90.2,75.0,5.8,121.0,63.0,No,No,163.0,Current,Occasionally,Unhealthy,Frequently,N/A,N/A,29.76,0
58,Male,196.6,92.5,107.0,4.3,122.0,78.0,Yes,No,120.0,Never,Never,Average,Frequently,N/A,N/A,23.93,0
18,Female,145.1,61.4,110.0,4.5,129.0,90.0,Yes,No,181.0,Former,Occasionally,Average,Occasionally,No,No,29.16,0
75,Female,174.2,61.0,106.0,6.3,97.0,70.0,No,No,212.0,Current,Frequently,Average,Never,No,No,20.1,0
33,Male,168.4,86.7,93.0,5.2,115.0,63.0,No,No,13.0,Current,Occasionally,Unhealthy,Occasionally,N/A,N/A,30.57,0
77,Female,153.2,70.7,107.0,6.0,116.0,86.0,No,No,325.0,Never,Never,Average,Occasionally,Yes,No,30.12,1
28,Female,162.6,59.9,116.0,5.6,97.0,96.0,No,No,61.0,Former,Occasionally,Average,Never,No,No,22.66,0
80,Male,169.4,67.6,110.0,6.7,142.0,87.0,No,No,166.0,Never,Never,Average,Never,N/A,N/A,23.56,1
39,Male,172.6,74.7,84.0,4.2,120.0,91.0,No,No,141.0,Never,Never,Average,Never,N/A,N/A,25.07,0
66,Female,160.0,38.0,91.0,5.0,138.0,67.0,Yes,No,187.0,Current,Occasionally,Average,Occasionally,No,No,14.84,0
67,Female,154.2,63.8,91.0,5.5,136.0,78.0,Yes,No,142.0,Current,Occasionally,Healthy,Occasionally,No,No,26.83,0
66,Female,170.5,78.3,103.0,5.0,124.0,94.0,No,No,325.0,Former,Never,Healthy,Frequently,No,No,26.93,0
40,Female,163.2,45.4,113.0,4.8,127.0,83.0,Yes,No,204.0,Never,Never,Unhealthy,Occasionally,No,No,17.05,0
74,Female,158.3,66.1,100.0,7.6,97.0,76.0,Yes,No,422.0,Former,Occasionally,Unhealthy,Occasionally,No,Yes,26.38,0
18,Female,178.0,74.7,99.0,6.5,107.0,76.0,Yes,No,170.0,Current,Never,Average,Frequently,No,No,23.58,0
38,Male,185.5,79.7,88.0,5.0,127.0,86.0,No,No,84.0,Never,Occasionally,Average,Frequently,N/A,N/A,23.16,0
32,Male,166.0,53.0,109.0,4.7,123.0,72.0,No,No,160.0,Never,Frequently,Unhealthy,Never,N/A,N/A,19.23,0
36,Male,171.4,96.8,138.0,7.1,149.0,78.0,No,No,55.0,Former,Never,Average,Occasionally,N/A,N/A,32.95,0
53,Male,172.5,72.8,85.0,3.8,123.0,59.0,No,No,50.0,Never,Frequently,Unhealthy,Frequently,N/A,N/A,24.47,0
44,Female,163.7,81.6,126.0,5.4,118.0,94.0,Yes,No,0.0,Current,Occasionally,Healthy,Occasionally,No,No,30.45,0
32,Female,162.9,85.3,92.0,5.0,130.0,75.0,No,No,34.0,Former,Occasionally,Average,Occasionally,No,Yes,32.14,1
50,Female,170.5,62.5,81.0,4.4,94.0,80.0,No,No,200.0,Former,Occasionally,Healthy,Occasionally,No,No,21.5,1
31,Male,166.3,81.4,86.0,5.7,138.0,83.0,No,No,308.0,Never,Frequently,Unhealthy,Never,N/A,N/A,29.43,0
40,Female,170.1,54.0,79.0,6.8,107.0,74.0,No,No,128.0,Former,Occasionally,Average,Occasionally,No,N/A,18.66,0
43,Female,171.8,64.1,107.0,4.7,147.0,70.0,No,No,146.0,Former,Occasionally,Average,Occasionally,No,N/A,21.72,0
19,Male,166.7,85.9,83.0,5.7,120.0,79.0,No,No,162.0,Never,Never,Unhealthy,Frequently,N/A,N/A,30.91,0
27,Female,159.0,100.4,66.0,5.1,95.0,72.0,No,No,100.0,Former,Occasionally,Unhealthy,Frequently,No,No,39.71,0
46,Male,172.4,86.6,85.0,5.4,129.0,70.0,No,No,260.0,Never,Occasionally,Average,Never,N/A,N/A,29.14,0
45,Female,158.1,78.4,160.0,5.3,131.0,92.0,No,No,231.0,Never,Occasionally,Unhealthy,Occasionally,No,No,31.37,1
65,Female,160.0,81.8,136.0,6.0,136.0,86.0,Yes,No,0.0,Current,Occasionally,Unhealthy,Occasionally,No,No,31.95,0
52,Female,158.4,43.6,77.0,6.0,118.0,70.0,No,No,131.0,Never,Frequently,Healthy,Never,No,No,17.38,0
85,Female,156.8,80.5,109.0,6.0,132.0,78.0,No,No,152.0,Former,Never,Healthy,Frequently,No,No,32.74,1
64,Female,157.6,59.2,126.0,6.7,152.0,102.0,Yes,No,24.0,Former,Occasionally,Average,Occasionally,No,No,23.83,1
55,Female,163.8,83.4,103.0,4.9,127.0,84.0,No,No,147.0,Never,Occasionally,Healthy,Frequently,No,Yes,31.08,0
47,Male,168.7,78.6,81.0,4.8,136.0,74.0,No,No,262.0,Current,Occasionally,Average,Occasionally,N/A,N/A,27.62,0
35,Other,163.6,58.3,56.0,5.4,103.0,81.0,No,No,194.0,Never,Never,Unhealthy,Frequently,No,No,21.78,0
33,Female,152.8,76.4,68.0,6.5,117.0,72.0,No,No,277.0,Never,Frequently,Average,Occasionally,No,No,32.72,0
72,Male,175.0,79.4,94.0,6.4,132.0,99.0,Yes,No,302.0,Never,Occasionally,Healthy,Frequently,N/A,N/A,25.93,0
64,Female,163.7,58.6,100.0,4.8,123.0,55.0,Yes,No,148.0,Never,Never,Healthy,Occasionally,No,No,21.87,0
65,Male,168.0,61.8,55.0,5.8,134.0,85.0,No,No,113.0,Never,Frequently,Average,Occasionally,N/A,N/A,21.9,0
53,Female,178.0,89.9,127.0,4.8,107.0,64.0,No,No,147.0,Current,Never,Unhealthy,Occasionally,No,No,28.37,0
50,Female,176.2,78.7,106.0,5.6,125.0,77.0,No,No,177.0,Never,Occasionally,Average,Occasionally,No,No,25.35,0
28,Male,185.6,68.0,82.0,5.5,113.0,85.0,No,No,64.0,Never,Occasionally,Unhealthy,Occasionally,N/A,N/A,19.74,0
42,Female,171.4,90.3,130.0,4.5,140.0,90.0,Yes,No,39.0,Never,Never,Unhealthy,Occasionally,No,No,30.74,1
37,Female,159.7,49.3,128.0,3.5,128.0,84.0,No,No,367.0,Current,Frequently,Healthy,Never,No,No,19.33,0
70,Male,187.9,96.4,81.0,6.3,131.0,92.0,No,No,241.0,Never,Occasionally,Healthy,Never,N/A,N/A,27.3,0
25,Male,164.9,60.6,94.0,5.1,111.0,54.0,Yes,No,218.0,Never,Occasionally,Healthy,Frequently,N/A,N/A,22.29,0
54,Female,177.8,71.3,72.0,4.3,115.0,89.0,Yes,No,12.0,Never,Occasionally,Healthy,Occasionally,No,No,22.55,0
67,Male,164.6,85.8,55.0,6.2,164.0,98.0,No,No,184.0,Former,Occasionally,Average,Occasionally,N/A,N/A,31.67,0
18,Male,160.0,81.9,124.0,4.9,102.0,81.0,No,No,0.0,Never,Occasionally,Average,Never,N/A,N/A,31.99,0
45,Female,143.9,79.9,104.0,5.8,126.0,75.0,No,No,109.0,Never,Occasionally,Average,Occasionally,No,N/A,38.59,1
37,Female,173.2,42.4,78.0,4.9,116.0,58.0,Yes,No,188.0,Never,Never,Unhealthy,Occasionally,No,Yes,14.13,0
80,Male,174.8,40.6,66.0,4.3,93.0,62.0,Yes,No,230.0,Never,Occasionally,Average,Occasionally,N/A,N/A,13.29,1
77,Male,172.4,92.0,82.0,5.8,152.0,85.0,No,Yes,113.0,Never,Never,Average,Occasionally,N/A,N/A,30.95,0
41,Female,162.0,75.9,106.0,6.9,152.0,78.0,No,No,139.0,Never,Never,Unhealthy,Never,Yes,No,28.92,1
26,Male,165.1,64.6,79.0,6.4,107.0,74.0,No,No,132.0,Never,Occasionally,Average,Frequently,N/A,N/A,23.7,0
24,Female,166.3,65.6,107.0,6.1,119.0,91.0,Yes,No,28.0,Current,Frequently,Average,Frequently,No,No,23.72,0
56,Female,159.4,55.7,116.0,5.5,154.0,61.0,No,No,0.0,Never,Occasionally,Unhealthy,Never,N/A,No,21.92,0
20,Male,174.7,86.6,90.0,4.3,104.0,85.0,Yes,No,138.0,Never,Never,Average,Frequently,N/A,N/A,28.37,0
41,Female,150.7,85.3,89.0,5.9,139.0,93.0,No,No,240.0,Former,Occasionally,Average,Occasionally,No,No,37.56,0
69,Female,168.7,64.9,55.0,4.8,126.0,90.0,Yes,No,0.0,Never,Never,Average,Occasionally,No,Yes,22.8,0
44,Female,170.0,55.4,77.0,5.3,138.0,66.0,Yes,No,206.0,Never,Occasionally,Healthy,Frequently,No,No,19.17,0
58,Male,175.2,98.8,96.0,6.0,142.0,73.0,No,No,81.0,Current,Occasionally,Unhealthy,Occasionally,N/A,N/A,32.19,1
57,Female,163.3,81.0,120.0,3.7,131.0,71.0,No,Yes,14.0,Never,Occasionally,Average,Occasionally,No,No,30.37,0
69,Male,178.5,73.1,78.0,4.7,140.0,74.0,No,No,287.0,Former,Occasionally,Unhealthy,Occasionally,N/A,N/A,22.94,0
58,Male,186.2,66.8,86.0,4.8,131.0,76.0,No,No,105.0,Never,Never,Average,Occasionally,N/A,N/A,19.27,0
23,Male,162.3,107.1,82.0,5.1,116.0,71.0,No,No,84.0,Current,Occasionally,Average,Occasionally,N/A,N/A,40.66,0
30,Female,167.2,57.8,60.0,4.1,107.0,67.0,No,No,208.0,Former,Occasionally,Unhealthy,Never,No,N/A,20.68,0
49,Male,182.4,83.9,94.0,6.0,120.0,85.0,No,No,204.0,Former,Frequently,Healthy,Occasionally,N/A,N/A,25.22,0
85,Male,184.6,87.3,99.0,5.0,145.0,73.0,No,Yes,202.0,Never,Occasionally,Average,Frequently,N/A,N/A,25.62,0
39,Female,158.2,84.1,82.0,6.4,157.0,53.0,No,No,131.0,Former,Frequently,Average,Occasionally,Yes,No,33.6,0
34,Male,169.6,109.3,100.0,4.3,132.0,85.0,No,No,40.0,Never,Occasionally,Unhealthy,Frequently,N/A,N/A,38.0,0
79,Female,173.0,93.2,98.0,6.4,128.0,102.0,No,No,146.0,Never,Never,Average,Never,Yes,No,31.14,0
20,Female,165.1,74.4,98.0,5.6,129.0,74.0,Yes,No,169.0,Current,Occasionally,Average,Never,No,No,27.29,0
74,Female,161.5,72.7,106.0,6.0,140.0,94.0,No,No,0.0,Current,Occasionally,Healthy,Frequently,No,No,27.87,0
50,Female,153.8,83.8,84.0,4.8,142.0,78.0,No,No,53.0,Former,Occasionally,Average,Never,No,No,35.43,0
81,Male,183.6,94.2,79.0,5.8,151.0,82.0,Yes,No,177.0,Never,Frequently,Average,Frequently,N/A,N/A,27.95,0
42,Female,166.5,74.6,121.0,5.4,124.0,63.0,No,No,215.0,Current,Occasionally,Healthy,Never,No,No,26.91,0
66,Male,169.0,95.2,66.0,6.2,129.0,72.0,No,No,361.0,Current,Occasionally,Healthy,Never,N/A,N/A,33.33,0
50,Female,154.2,73.8,71.0,6.7,114.0,87.0,No,No,141.0,Never,Never,Average,Occasionally,N/A,No,31.04,0
54,Female,162.6,60.0,95.0,5.0,131.0,58.0,Yes,No,184.0,Never,Occasionally,Average,Never,No,Yes,22.69,0
30,Other,154.2,91.2,92.0,5.8,119.0,81.0,No,No,85.0,Never,Occasionally,Average,Occasionally,No,N/A,38.36,0
30,Male,166.4,93.4,91.0,6.0,145.0,88.0,No,No,131.0,Never,Occasionally,Unhealthy,Never,N/A,N/A,33.73,0
47,Male,177.5,115.8,132.0,6.0,140.0,96.0,No,No,244.0,Never,Occasionally,Average,Never,N/A,N/A,36.75,0
24,Male,181.3,62.8,91.0,6.1,101.0,87.0,Yes,No,111.0,Current,Never,Average,Occasionally,N/A,N/A,19.11,0
71,Male,173.8,82.1,69.0,6.0,115.0,70.0,No,No,157.0,Never,Occasionally,Average,Occasionally,N/A,N/A,27.18,0
83,Female,167.1,100.8,95.0,7.1,135.0,90.0,No,No,172.0,Former,Never,Healthy,Occasionally,No,No,36.1,0
27,Male,167.3,91.9,99.0,4.6,117.0,73.0,No,No,142.0,Never,Frequently,Average,Frequently,N/A,N/A,32.83,0
19,Male,166.4,109.4,107.0,4.6,109.0,79.0,No,No,0.0,Never,Never,Average,Never,N/A,N/A,39.51,0
56,Other,152.3,71.5,128.0,7.7,145.0,89.0,Yes,No,263.0,Current,Occasionally,Unhealthy,Occasionally,No,N/A,30.83,0
27,Male,170.8,86.4,87.0,4.8,124.0,86.0,No,No,108.0,Current,Never,Average,Occasionally,N/A,N/A,29.62,0
60,Male,167.3,101.7,105.0,6.0,134.0,88.0,Yes,No,105.0,Never,Never,Average,Occasionally,N/A,N/A,36.34,0
20,Male,167.8,87.6,108.0,4.8,134.0,73.0,No,No,209.0,Former,Frequently,Unhealthy,Never,N/A,N/A,31.11,0
42,Male,185.8,71.1,91.0,5.3,90.0,78.0,No,No,28.0,Current,Occasionally,Unhealthy,Occasionally,N/A,N/A,20.6,0
81,Male,163.8,68.0,101.0,6.1,126.0,89.0,No,No,103.0,Current,Occasionally,Unhealthy,Never,N/A,N/A,25.34,0
73,Male,168.9,68.9,95.0,5.9,116.0,81.0,No,No,19.0,Never,Never,Average,Occasionally,N/A,N/A,24.15,0
85,Female,154.9,86.8,116.0,6.3,136.0,71.0,No,No,202.0,Never,Occasionally,Unhealthy,Never,No,N/A,36.18,0
39,Male,176.6,98.2,110.0,5.6,115.0,76.0,No,Yes,271.0,Former,Never,Healthy,Occasionally,N/A,N/A,31.49,0
47,Female,161.7,94.4,62.0,7.7,101.0,91.0,No,No,43.0,Never,Occasionally,Average,Occasionally,No,No,36.1,0
79,Male,167.4,76.2,115.0,5.7,139.0,86.0,Yes,No,96.0,Never,Occasionally,Average,Occasionally,N/A,N/A,27.19,0
41,Female,154.8,67.7,73.0,5.3,107.0,91.0,No,No,179.0,Never,Occasionally,Average,Frequently,N/A,No,28.25,0
77,Female,160.8,84.1,123.0,5.5,172.0,100.0,No,No,146.0,Current,Never,Average,Occasionally,No,No,32.53,0
50,Male,169.7,81.8,106.0,7.9,113.0,97.0,No,No,145.0,Never,Occasionally,Unhealthy,Occasionally,N/A,N/A,28.4,0
70,Male,169.9,67.5,116.0,6.2,102.0,88.0,No,No,78.0,Current,Never,Average,Never,N/A,N/A,23.38,0
49,Male,181.1,64.1,88.0,5.0,130.0,87.0,No,No,99.0,Current,Frequently,Unhealthy,Frequently,N/A,N/A,19.54,0
43,Female,147.5,86.4,90.0,6.4,126.0,81.0,No,No,184.0,Never,Never,Average,Never,No,N/A,39.71,0
63,Male,169.5,92.3,55.0,7.2,101.0,63.0,No,No,43.0,Former,Never,Average,Occasionally,N/A,N/A,32.13,0
48,Female,151.2,67.7,116.0,4.3,132.0,71.0,No,No,68.0,Former,Never,Unhealthy,Frequently,Yes,No,29.61,0
48,Female,164.3,107.4,125.0,4.9,119.0,91.0,Yes,Yes,115.0,Never,Occasionally,Average,Occasionally,No,No,39.79,0
85,Female,166.2,85.2,125.0,4.5,148.0,89.0,Yes,Yes,270.0,Never,Occasionally,Unhealthy,Occasionally,No,No,30.84,1
35,Female,172.7,94.1,90.0,6.5,153.0,79.0,No,No,46.0,Never,Never,Unhealthy,Occasionally,No,No,31.55,0
80,Female,140.5,71.8,128.0,5.1,153.0,105.0,No,No,26.0,Former,Occasionally,Unhealthy,Occasionally,N/A,No,36.37,1
51,Female,154.4,82.6,90.0,5.0,151.0,94.0,No,No,49.0,Never,Occasionally,Average,Frequently,No,No,34.65,0
60,Male,168.3,92.4,134.0,6.4,130.0,77.0,Yes,No,122.0,Never,Frequently,Average,Never,N/A,N/A,32.62,0
67,Female,166.9,71.4,74.0,4.4,136.0,84.0,No,No,229.0,Never,Frequently,Average,Occasionally,N/A,Yes,25.63,0
50,Male,178.9,61.3,114.0,4.6,147.0,61.0,No,No,55.0,Never,Occasionally,Healthy,Frequently,N/A,N/A,19.15,0
43,Female,160.8,59.5,82.0,5.7,95.0,71.0,No,No,129.0,Never,Never,Healthy,Never,No,No,23.01,0
64,Male,179.0,86.7,104.0,6.8,148.0,101.0,No,No,245.0,Former,Never,Healthy,Occasionally,N/A,N/A,27.06,0
19,Female,168.9,84.5,106.0,5.8,87.0,82.0,No,No,170.0,Never,Occasionally,Unhealthy,Never,N/A,No,29.62,0
41,Male,172.0,73.2,93.0,6.3,135.0,71.0,No,No,104.0,Never,Occasionally,Unhealthy,Frequently,N/A,N/A,24.74,0
47,Male,173.9,94.3,100.0,5.3,124.0,71.0,No,No,78.0,Never,Never,Healthy,Frequently,N/A,N/A,31.18,0
31,Male,176.3,76.4,83.0,5.2,116.0,74.0,No,No,37.0,Current,Never,Average,Never,N/A,N/A,24.58,0
62,Male,183.4,75.5,111.0,6.2,134.0,75.0,No,No,146.0,Never,Never,Healthy,Never,N/A,N/A,22.45,0
69,Female,158.8,64.5,131.0,5.5,113.0,83.0,No,No,96.0,Current,Occasionally,Healthy,Never,No,No,25.58,0
31,Male,183.5,81.5,85.0,5.4,128.0,68.0,No,No,82.0,Current,Frequently,Average,Occasionally,N/A,N/A,24.2,0
58,Male,179.3,93.8,91.0,6.3,116.0,86.0,Yes,No,53.0,Never,Frequently,Average,Occasionally,N/A,N/A,29.18,0
24,Male,161.1,96.4,103.0,5.1,121.0,71.0,Yes,No,83.0,Never,Occasionally,Healthy,Frequently,N/A,N/A,37.14,0
33,Male,181.7,111.4,127.0,5.3,134.0,83.0,No,No,193.0,Never,Frequently,Unhealthy,Occasionally,N/A,N/A,33.74,1
72,Female,176.5,68.8,107.0,6.6,107.0,61.0,No,No,145.0,Former,Never,Average,Never,Yes,No,22.09,0
31,Female,169.7,71.9,97.0,5.8,117.0,65.0,Yes,No,100.0,Former,Occasionally,Unhealthy,Never,No,No,24.97,0
38,Male,182.8,89.2,111.0,4.6,116.0,81.0,No,No,68.0,Never,Never,Healthy,Frequently,N/A,N/A,26.69,0
68,Male,176.3,79.3,81.0,6.4,102.0,72.0,No,No,44.0,Current,Never,Unhealthy,Occasionally,N/A,N/A,25.51,1
43,Male,170.0,85.9,100.0,6.0,109.0,78.0,No,No,39.0,Former,Frequently,Average,Never,N/A,N/A,29.72,0
82,Female,148.4,64.7,98.0,5.7,139.0,93.0,No,No,123.0,Never,Occasionally,Unhealthy,Occasionally,No,N/A,29.38,0
50,Male,175.1,71.9,66.0,6.1,131.0,63.0,No,No,230.0,Never,Occasionally,Average,Never,N/A,N/A,23.45,0
60,Female,168.0,70.2,117.0,4.4,139.0,94.0,No,No,62.0,Former,Never,Average,Never,No,N/A,24.87,0
18,Female,164.4,81.6,100.0,3.5,118.0,76.0,Yes,No,38.0,Never,Never,Healthy,Occasionally,N/A,No,30.19,0
73,Male,172.3,78.9,66.0,5.9,144.0,76.0,Yes,No,139.0,Former,Occasionally,Unhealthy,Occasionally,N/A,N/A,26.58,0
78,Male,193.0,82.4,112.0,6.4,160.0,85.0,No,No,64.0,Never,Occasionally,Average,Never,N/A,N/A,22.12,0
78,Male,183.1,103.1,98.0,6.2,141.0,68.0,Yes,No,46.0,Never,Occasionally,Average,Occasionally,N/A,N/A,30.75,0
45,Female,164.8,50.3,111.0,4.5,135.0,82.0,No,No,148.0,Never,Occasionally,Average,Never,No,No,18.52,0
66,Female,169.6,53.3,98.0,4.5,159.0,63.0,No,No,60.0,Former,Never,Average,Never,No,No,18.53,0
29,Male,165.7,80.1,89.0,6.1,137.0,76.0,No,No,211.0,Never,Never,Average,Occasionally,N/A,N/A,29.17,0
22,Female,164.0,49.0,69.0,6.4,112.0,65.0,No,No,40.0,Never,Frequently,Average,Never,No,No,18.22,0
35,Male,154.0,61.6,87.0,5.5,133.0,88.0,No,No,87.0,Never,Occasionally,Unhealthy,Frequently,N/A,N/A,25.97,0
31,Male,159.9,89.0,76.0,4.6,133.0,63.0,No,No,123.0,Never,Never,Healthy,Occasionally,N/A,N/A,34.81,0
37,Female,154.9,87.4,106.0,6.2,104.0,77.0,No,No,126.0,Never,Never,Healthy,Occasionally,No,No,36.43,1
76,Male,178.0,76.2,76.0,6.2,135.0,75.0,Yes,No,78.0,Never,Occasionally,Average,Occasionally,N/A,N/A,24.05,0
20,Male,162.8,91.6,132.0,4.5,106.0,75.0,No,No,167.0,Never,Never,Healthy,Occasionally,N/A,N/A,34.56,1
82,Male,188.5,95.6,74.0,7.5,140.0,66.0,Yes,No,124.0,Never,Occasionally,Average,Occasionally,N/A,N/A,26.91,0
78,Male,159.4,106.0,139.0,6.2,156.0,99.0,Yes,No,71.0,Current,Occasionally,Healthy,Occasionally,N/A,N/A,41.72,1
35,Female,151.4,100.8,79.0,6.4,137.0,77.0,No,No,327.0,Former,Occasionally,Average,Occasionally,No,No,43.98,0
80,Male,179.0,91.7,110.0,4.9,141.0,85.0,No,No,48.0,Never,Never,Healthy,Occasionally,N/A,N/A,28.62,0
36,Male,180.1,94.2,62.0,5.0,116.0,80.0,Yes,No,31.0,Former,Occasionally,Healthy,Never,N/A,N/A,29.04,0
60,Female,168.1,60.9,79.0,5.6,98.0,67.0,No,No,97.0,Current,Never,Healthy,Occasionally,N/A,No,21.55,0
19,Male,180.7,70.3,82.0,4.9,85.0,82.0,No,No,157.0,Never,Occasionally,Healthy,Occasionally,N/A,N/A,21.53,0
27,Female,168.1,73.3,87.0,5.1,111.0,79.0,No,No,181.0,Never,Frequently,Average,Occasionally,No,N/A,25.94,0
54,Female,148.9,81.1,96.0,6.0,130.0,87.0,No,No,132.0,Former,Occasionally,Healthy,Occasionally,No,No,36.58,0
82,Female,162.2,66.6,76.0,5.2,142.0,88.0,No,No,0.0,Never,Occasionally,Average,Occasionally,No,N/A,25.31,0
68,Male,179.4,71.9,102.0,4.5,139.0,57.0,No,No,208.0,Former,Never,Healthy,Occasionally,N/A,N/A,22.34,0
45,Male,163.9,81.1,111.0,5.3,129.0,74.0,No,No,131.0,Never,Never,Average,Occasionally,N/A,N/A,30.19,0
65,Female,169.0,101.0,89.0,6.3,148.0,94.0,No,No,297.0,Former,Occasionally,Healthy,Never,No,No,35.36,0
25,Male,176.6,75.8,93.0,5.8,91.0,82.0,No,No,211.0,Former,Occasionally,Healthy,Occasionally,N/A,N/A,24.3,0
83,Female,157.9,44.5,93.0,5.4,155.0,84.0,Yes,No,60.0,Never,Occasionally,Average,Occasionally,No,No,17.85,0
54,Female,149.5,87.1,85.0,4.9,123.0,94.0,Yes,No,187.0,Never,Occasionally,Average,Occasionally,No,No,38.97,0
75,Female,154.1,57.2,61.0,4.5,122.0,90.0,No,No,72.0,Never,Frequently,Average,Frequently,Yes,No,24.09,0
34,Male,180.8,100.6,105.0,5.8,109.0,65.0,No,No,167.0,Never,Occasionally,Average,Frequently,N/A,N/A,30.78,0
75,Female,157.4,70.6,88.0,5.1,142.0,82.0,Yes,No,114.0,Former,Occasionally,Average,Frequently,Yes,Yes,28.5,1
28,Male,169.9,57.9,115.0,3.8,112.0,78.0,No,No,129.0,Never,Frequently,Unhealthy,Occasionally,N/A,N/A,20.06,0
44,Female,161.1,93.5,79.0,4.7,130.0,81.0,Yes,No,0.0,Never,Occasionally,Average,Occasionally,No,Yes,36.03,0
84,Male,182.2,94.6,75.0,6.3,131.0,91.0,Yes,No,149.0,Never,Occasionally,Healthy,Never,N/A,N/A,28.5,0
49,Female,152.0,55.2,107.0,5.7,109.0,80.0,Yes,No,242.0,Never,Never,Average,Occasionally,No,Yes,23.89,0
38,Female,156.0,56.7,79.0,5.4,108.0,72.0,No,No,58.0,Current,Frequently,Average,Never,No,No,23.3,0
79,Male,162.5,73.3,103.0,6.0,140.0,87.0,Yes,No,0.0,Never,Occasionally,Unhealthy,Occasionally,N/A,N/A,27.76,0
72,Male,183.2,73.1,117.0,6.2,123.0,78.0,No,Yes,194.0,Former,Occasionally,Healthy,Occasionally,N/A,N/A,21.78,0
32,Female,155.5,52.4,96.0,4.8,121.0,78.0,No,No,83.0,Never,Occasionally,Unhealthy,Occasionally,No,No,21.67,0
35,Male,171.3,104.0,83.0,5.1,117.0,79.0,No,No,192.0,Never,Occasionally,Average,Occasionally,N/A,N/A,35.44,0
80,Male,169.4,79.5,96.0,6.8,154.0,80.0,No,No,284.0,Never,Never,Unhealthy,Frequently,N/A,N/A,27.7,0
60,Female,156.1,66.9,97.0,5.0,127.0,68.0,No,No,148.0,Former,Occasionally,Average,Occasionally,No,N/A,27.45,0
26,Female,174.2,51.0,116.0,4.7,119.0,74.0,No,No,97.0,Former,Occasionally,Unhealthy,Occasionally,No,No,16.81,0
48,Male,174.2,100.0,92.0,5.7,141.0,83.0,Yes,No,44.0,Current,Never,Average,Frequently,N/A,N/A,32.95,0
75,Male,173.5,69.8,117.0,6.1,129.0,78.0,No,No,115.0,Never,Never,Average,Occasionally,N/A,N/A,23.19,1
75,Female,161.1,44.4,87.0,6.7,123.0,90.0,No,No,124.0,Former,Never,Unhealthy,Never,No,N/A,17.11,0
65,Male,170.9,85.9,117.0,6.0,123.0,96.0,No,No,151.0,Former,Occasionally,Healthy,Occasionally,N/A,N/A,29.41,0
39,Male,179.3,69.8,96.0,6.9,110.0,72.0,No,No,142.0,Never,Frequently,Unhealthy,Occasionally,N/A,N/A,21.71,0
78,Female,162.0,59.8,103.0,5.7,136.0,83.0,Yes,No,246.0,Never,Never,Healthy,Occasionally,No,N/A,22.79,0
18,Male,182.4,68.8,91.0,5.1,102.0,69.0,Yes,No,240.0,Former,Never,Average,Occasionally,N/A,N/A,20.68,0
19,Male,174.7,68.3,88.0,4.4,101.0,75.0,No,No,99.0,Current,Frequently,Healthy,Occasionally,N/A,N/A,22.38,0
22,Female,157.9,64.7,85.0,5.1,122.0,83.0,Yes,No,148.0,Current,Occasionally,Average,Never,No,N/A,25.95,0
22,Male,163.2,41.8,55.0,3.8,106.0,79.0,No,No,98.0,Never,Occasionally,Average,Occasionally,N/A,N/A,15.69,0
76,Male,171.0,78.8,131.0,5.5,129.0,84.0,Yes,No,65.0,Never,Never,Unhealthy,Occasionally,N/A,N/A,26.95,0
78,Male,171.2,89.0,100.0,5.2,108.0,92.0,No,No,66.0,Never,Occasionally,Average,Occasionally,N/A,N/A,30.37,0
31,Male,162.7,51.9,88.0,6.1,119.0,78.0,No,No,35.0,Never,Occasionally,Healthy,Never,N/A,N/A,19.61,0
59,Male,172.9,59.1,73.0,5.6,125.0,63.0,No,No,33.0,Never,Occasionally,Average,Frequently,N/A,N/A,19.77,0
52,Male,168.9,95.6,121.0,6.2,138.0,95.0,No,No,173.0,Current,Occasionally,Average,Never,N/A,N/A,33.51,0
19,Female,163.2,49.7,92.0,6.1,128.0,74.0,No,No,253.0,Former,Occasionally,Unhealthy,Never,Yes,No,18.66,0
33,Female,158.5,63.3,95.0,4.7,128.0,90.0,Yes,No,136.0,Former,Occasionally,Average,Occasionally,N/A,No,25.2,0
23,Male,173.5,77.5,70.0,4.9,94.0,70.0,No,No,168.0,Never,Never,Healthy,Occasionally,N/A,N/A,25.75,0
21,Female,160.5,47.1,119.0,5.4,93.0,78.0,Yes,No,227.0,Never,Occasionally,Healthy,Occasionally,No,No,18.28,0
32,Male,176.5,101.1,116.0,5.4,119.0,78.0,No,No,240.0,Never,Never,Average,Occasionally,N/A,N/A,32.45,0
58,Female,155.2,58.5,109.0,6.2,126.0,73.0,No,No,182.0,Never,Occasionally,Unhealthy,Never,N/A,No,24.29,0
22,Female,157.6,53.8,69.0,6.6,116.0,58.0,Yes,No,126.0,Current,Never,Average,Occasionally,Yes,No,21.66,0
32,Male,177.7,58.7,97.0,5.5,126.0,79.0,No,No,388.0,Current,Occasionally,Average,Never,N/A,N/A,18.59,0
31,Female,158.1,66.4,57.0,5.8,136.0,84.0,No,No,137.0,Never,Occasionally,Healthy,Frequently,Yes,No,26.56,0
64,Male,175.7,72.9,103.0,6.1,142.0,78.0,No,No,262.0,Current,Never,Average,Never,N/A,N/A,23.61,1
53,Female,152.7,62.2,68.0,6.0,146.0,69.0,Yes,No,128.0,Former,Frequently,Average,Occasionally,Yes,N/A,26.68,1
66,Female,158.4,63.6,91.0,6.1,119.0,91.0,No,No,178.0,Never,Occasionally,Average,Occasionally,No,No,25.35,0
46,Male,165.6,93.2,76.0,5.9,128.0,76.0,No,No,71.0,Never,Never,Healthy,Frequently,N/A,N/A,33.99,0
43,Male,179.6,120.8,61.0,4.9,126.0,101.0,No,No,244.0,Never,Occasionally,Average,Frequently,N/A,N/A,37.45,0
72,Male,190.9,80.0,93.0,6.2,144.0,78.0,No,No,276.0,Never,Never,Average,Occasionally,N/A,N/A,21.95,0
35,Female,153.5,48.7,103.0,4.4,126.0,77.0,No,No,141.0,Never,Occasionally,Average,Occasionally,N/A,No,20.67,0
45,Male,174.4,82.8,71.0,6.7,132.0,80.0,Yes,No,125.0,Never,Never,Average,Occasionally,N/A,N/A,27.22,0
46,Male,170.7,88.4,99.0,6.1,95.0,79.0,No,No,47.0,Never,Never,Unhealthy,Never,N/A,N/A,30.34,0
39,Female,165.1,95.4,112.0,6.3,153.0,102.0,No,No,270.0,Never,Occasionally,Average,Occasionally,No,No,35.0,0
28,Female,166.7,63.5,97.0,6.0,111.0,84.0,No,No,146.0,Never,Never,Average,Frequently,No,No,22.85,0
21,Male,175.4,65.1,90.0,4.4,115.0,84.0,No,No,273.0,Never,Occasionally,Average,Frequently,N/A,N/A,21.16,0
58,Male,184.5,68.3,104.0,6.1,134.0,96.0,No,No,195.0,Never,Occasionally,Average,Occasionally,N/A,N/A,20.06,0
73,Female,160.4,38.0,66.0,6.9,116.0,71.0,No,Yes,241.0,Current,Never,Healthy,Occasionally,No,No,14.77,0
67,Female,160.4,64.1,101.0,4.2,120.0,86.0,Yes,No,79.0,Former,Occasionally,Unhealthy,Occasionally,No,No,24.91,0
21,Female,167.0,52.0,55.0,4.6,93.0,61.0,No,No,130.0,Never,Frequently,Healthy,Never,No,No,18.65,0
79,Male,170.4,99.3,121.0,6.5,131.0,101.0,No,No,14.0,Former,Never,Unhealthy,Never,N/A,N/A,34.2,1
54,Male,161.3,83.0,87.0,5.3,143.0,70.0,No,No,0.0,Former,Occasionally,Healthy,Occasionally,N/A,N/A,31.9,0
64,Female,171.7,76.5,86.0,6.2,141.0,87.0,No,No,31.0,Former,Never,Average,Frequently,N/A,No,25.95,0
63,Female,170.9,70.8,117.0,5.5,133.0,58.0,Yes,No,131.0,Former,Never,Healthy,Never,No,No,24.24,1
51,Female,164.5,55.3,104.0,7.0,108.0,70.0,Yes,No,80.0,Never,Occasionally,Healthy,Occasionally,No,Yes,20.44,1
28,Female,167.5,61.0,123.0,5.3,99.0,79.0,No,No,204.0,Never,Occasionally,Healthy,Frequently,No,Yes,21.74,0
37,Female,162.8,96.4,117.0,5.7,110.0,67.0,No,No,247.0,Never,Never,Average,Occasionally,N/A,No,36.37,0
64,Female,164.4,73.7,76.0,5.7,148.0,80.0,No,No,159.0,Never,Occasionally,Unhealthy,Frequently,No,Yes,27.27,0
58,Male,185.0,96.7,119.0,5.2,129.0,90.0,Yes,No,211.0,Former,Occasionally,Average,Occasionally,N/A,N/A,28.25,0
81,Female,171.8,89.5,103.0,7.3,135.0,82.0,No,No,183.0,Current,Never,Healthy,Never,Yes,No,30.32,1
42,Male,186.1,70.7,86.0,4.1,86.0,82.0,No,No,36.0,Never,Occasionally,Average,Never,N/A,N/A,20.41,0
32,Female,165.7,38.0,106.0,4.9,109.0,69.0,No,No,133.0,Current,Never,Average,Occasionally,No,No,13.84,0
73,Male,182.0,98.9,96.0,6.6,124.0,58.0,Yes,No,29.0,Former,Occasionally,Average,Never,N/A,N/A,29.86,1
36,Female,151.8,91.2,102.0,6.0,135.0,86.0,No,Yes,36.0,Never,Occasionally,Average,Occasionally,No,No,39.58,0
30,Female,155.8,38.0,83.0,5.1,118.0,95.0,No,No,89.0,Never,Never,Healthy,Never,No,N/A,15.65,0
26,Male,191.8,82.1,82.0,5.6,117.0,61.0,No,No,159.0,Current,Occasionally,Average,Occasionally,N/A,N/A,22.32,0
67,Female,160.9,76.1,122.0,5.4,138.0,72.0,No,No,239.0,Never,Occasionally,Healthy,Occasionally,No,Yes,29.39,0
25,Male,169.7,72.5,97.0,5.4,106.0,92.0,No,No,163.0,Never,Occasionally,Average,Occasionally,N/A,N/A,25.18,0
70,Male,180.6,85.7,93.0,7.0,116.0,85.0,No,No,226.0,Never,Never,Average,Occasionally,N/A,N/A,26.28,0
21,Female,164.4,43.9,78.0,5.8,124.0,69.0,Yes,No,396.0,Former,Occasionally,Average,Occasionally,No,No,16.24,0
22,Male,169.6,61.0,122.0,4.8,132.0,74.0,Yes,No,84.0,Former,Never,Healthy,Never,N/A,N/A,21.21,0
73,Female,155.2,57.3,92.0,5.7,141.0,89.0,No,No,211.0,Never,Frequently,Average,Occasionally,Yes,No,23.79,0
67,Male,171.1,80.1,109.0,6.4,137.0,92.0,No,No,219.0,Former,Occasionally,Average,Never,N/A,N/A,27.36,0
36,Female,161.9,66.3,74.0,5.6,120.0,69.0,No,No,251.0,Former,Occasionally,Average,Frequently,No,No,25.29,0
57,Female,168.8,57.8,86.0,6.2,111.0,69.0,No,No,275.0,Never,Never,Unhealthy,Occasionally,No,No,20.29,0
44,Female,159.9,56.6,116.0,4.1,152.0,77.0,No,No,90.0,Former,Occasionally,Average,Occasionally,No,No,22.14,0
44,Female,170.7,76.8,97.0,4.6,143.0,70.0,No,No,0.0,Never,Never,Healthy,Never,No,No,26.36,0
76,Male,183.6,71.1,86.0,7.0,144.0,85.0,No,No,240.0,Never,Occasionally,Healthy,Occasionally,N/A,N/A,21.09,0
60,Male,182.5,76.9,80.0,6.0,105.0,90.0,No,No,64.0,Never,Occasionally,Average,Occasionally,N/A,N/A,23.09,0
73,Female,162.7,71.6,109.0,4.5,131.0,95.0,No,No,157.0,Never,Frequently,Healthy,Occasionally,No,No,27.05,1
32,Male,175.2,88.1,107.0,4.7,134.0,79.0,Yes,No,4.0,Never,Never,Unhealthy,Frequently,N/A,N/A,28.7,0
59,Male,183.6,81.8,131.0,5.6,163.0,98.0,No,No,158.0,Never,Occasionally,Unhealthy,Occasionally,N/A,N/A,24.27,0
45,Female,150.7,73.5,101.0,5.5,92.0,82.0,No,No,95.0,Never,Never,Average,Frequently,No,No,32.36,0
37,Male,164.3,62.7,98.0,5.6,120.0,76.0,No,No,176.0,Never,Occasionally,Average,Occasionally,N/A,N/A,23.23,0
62,Male,176.7,67.9,92.0,6.2,123.0,75.0,Yes,No,197.0,Never,Never,Healthy,Frequently,N/A,N/A,21.75,0
18,Male,168.7,70.2,89.0,4.7,120.0,87.0,Yes,No,344.0,Current,Occasionally,Average,Never,N/A,N/A,24.67,0
62,Male,169.7,94.3,88.0,7.0,137.0,75.0,Yes,No,181.0,Current,Occasionally,Average,Occasionally,N/A,N/A,32.75,0
53,Female,159.6,80.1,87.0,6.4,124.0,59.0,No,No,186.0,Never,Never,Average,Occasionally,No,Yes,31.45,0
27,Female,155.4,50.0,78.0,5.4,120.0,86.0,No,No,235.0,Never,Occasionally,Unhealthy,Occasionally,No,No,20.7,0
76,Male,182.7,63.1,95.0,5.2,132.0,82.0,Yes,No,64.0,Former,Occasionally,Average,Occasionally,N/A,N/A,18.9,0
45,Female,144.2,66.8,99.0,6.8,125.0,88.0,No,No,133.0,Current,Occasionally,Healthy,Never,N/A,No,32.13,0
67,Male,186.1,48.7,95.0,5.5,121.0,84.0,No,No,177.0,Never,Occasionally,Healthy,Occasionally,N/A,N/A,14.06,0
35,Male,178.7,83.8,61.0,5.9,117.0,71.0,No,No,283.0,Never,Occasionally,Average,Frequently,N/A,N/A,26.24,0
76,Female,162.6,64.6,123.0,5.6,129.0,82.0,No,No,281.0,Never,Frequently,Unhealthy,Frequently,N/A,N/A,24.43,1
22,Male,174.7,85.9,100.0,5.6,96.0,75.0,Yes,No,146.0,Never,Occasionally,Healthy,Occasionally,N/A,N/A,28.15,0
39,Male,153.5,67.2,95.0,6.5,140.0,55.0,No,No,19.0,Never,Occasionally,Average,Never,N/A,N/A,28.52,0
59,Female,164.2,53.3,90.0,6.1,85.0,91.0,No,No,85.0,Never,Occasionally,Average,Occasionally,No,No,19.77,0
29,Female,153.9,62.3,126.0,4.6,118.0,74.0,Yes,No,180.0,Never,Occasionally,Average,Occasionally,No,No,26.3,0
75,Female,159.7,67.9,107.0,6.2,111.0,76.0,No,No,240.0,Current,Never,Average,Never,N/A,No,26.62,0
31,Female,165.9,71.4,133.0,4.2,111.0,78.0,No,No,0.0,Never,Occasionally,Healthy,Never,No,No,25.94,0
48,Male,176.7,64.4,117.0,5.2,117.0,77.0,No,No,244.0,Never,Occasionally,Average,Occasionally,N/A,N/A,20.63,1
78,Male,175.6,74.7,138.0,4.8,140.0,75.0,No,No,239.0,Former,Never,Unhealthy,Occasionally,N/A,N/A,24.23,1
40,Female,161.9,48.7,82.0,3.6,118.0,85.0,Yes,No,182.0,Never,Occasionally,Healthy,Occasionally,No,No,18.58,0
21,Male,182.5,106.1,97.0,5.2,128.0,85.0,Yes,No,0.0,Current,Occasionally,Unhealthy,Frequently,N/A,N/A,31.86,0
36,Female,154.0,80.9,105.0,5.4,122.0,86.0,No,No,323.0,Never,Frequently,Average,Frequently,No,Yes,34.11,0
83,Female,154.4,66.6,96.0,5.9,160.0,82.0,No,No,91.0,Former,Frequently,Average,Never,No,N/A,27.94,0
61,Female,144.3,70.6,109.0,6.3,116.0,85.0,No,Yes,142.0,Current,Occasionally,Average,Occasionally,No,No,33.91,0
83,Female,151.9,72.0,114.0,6.9,143.0,103.0,No,No,144.0,Former,Occasionally,Healthy,Occasionally,No,No,31.2,1
66,Male,184.3,68.5,123.0,5.7,139.0,90.0,No,No,235.0,Never,Occasionally,Unhealthy,Frequently,N/A,N/A,20.17,1
56,Female,175.4,58.9,94.0,6.4,105.0,79.0,Yes,No,340.0,Current,Never,Average,Occasionally,No,No,19.15,0
65,Male,168.7,70.5,101.0,5.6,123.0,68.0,No,No,289.0,Never,Never,Average,Never,N/A,N/A,24.77,0
18,Female,175.6,80.8,94.0,3.9,126.0,65.0,No,No,102.0,Never,Occasionally,Average,Never,No,No,26.2,0
21,Female,163.5,56.3,82.0,4.9,97.0,57.0,No,No,195.0,Current,Occasionally,Average,Never,No,N/A,21.06,0
43,Female,159.7,85.4,100.0,6.0,132.0,79.0,No,No,0.0,Never,Occasionally,Healthy,Never,No,Yes,33.48,0
79,Male,178.8,105.6,115.0,5.1,125.0,86.0,No,Yes,27.0,Never,Occasionally,Healthy,Occasionally,N/A,N/A,33.03,1
39,Female,147.8,57.6,130.0,6.3,117.0,75.0,Yes,No,151.0,Former,Occasionally,Average,Frequently,No,No,26.37,1
80,Male,172.8,89.1,89.0,6.7,142.0,95.0,No,Yes,195.0,Former,Frequently,Unhealthy,Never,N/A,N/A,29.84,1
72,Female,162.4,70.1,123.0,5.2,170.0,71.0,No,No,170.0,Never,Occasionally,Healthy,Never,No,No,26.58,1
78,Male,181.3,79.9,97.0,5.4,121.0,69.0,Yes,No,121.0,Never,Frequently,Unhealthy,Occasionally,N/A,N/A,24.31,0
46,Female,154.9,70.4,101.0,6.1,89.0,74.0,No,No,56.0,Never,Frequently,Unhealthy,Never,No,No,29.34,0
58,Female,167.5,64.2,87.0,5.1,109.0,82.0,No,No,259.0,Never,Occasionally,Average,Occasionally,N/A,N/A,22.88,0
24,Female,177.9,45.6,81.0,6.2,105.0,77.0,No,No,145.0,Never,Occasionally,Unhealthy,Occasionally,No,N/A,14.41,0
49,Male,179.5,90.3,100.0,7.6,107.0,65.0,No,No,0.0,Never,Occasionally,Healthy,Occasionally,N/A,N/A,28.03,0
26,Male,159.3,93.4,94.0,5.2,129.0,74.0,No,No,60.0,Former,Frequently,Unhealthy,Occasionally,N/A,N/A,36.81,0
85,Female,153.7,74.2,113.0,5.6,147.0,91.0,No,No,104.0,Never,Occasionally,Average,Occasionally,Yes,No,31.41,0
42,Female,167.3,78.5,109.0,5.6,92.0,66.0,No,No,216.0,Former,Occasionally,Unhealthy,Never,No,No,28.05,0
60,Male,177.9,97.7,95.0,6.3,145.0,86.0,No,No,255.0,Never,Frequently,Healthy,Occasionally,N/A,N/A,30.87,0
79,Female,162.9,86.9,69.0,6.2,142.0,80.0,No,No,97.0,Former,Occasionally,Healthy,Never,No,No,32.75,0
27,Male,169.3,56.0,87.0,5.7,89.0,58.0,No,No,145.0,Current,Occasionally,Unhealthy,Occasionally,N/A,N/A,19.54,0
73,Male,178.2,101.0,108.0,7.2,135.0,79.0,No,Yes,207.0,Never,Never,Healthy,Never,N/A,N/A,31.81,1
85,Female,163.5,64.4,92.0,6.3,120.0,83.0,Yes,No,118.0,Current,Never,Unhealthy,Occasionally,No,No,24.09,0
49,Female,158.8,58.1,66.0,5.3,110.0,81.0,No,No,0.0,Never,Occasionally,Average,Never,Yes,No,23.04,0
80,Male,182.4,92.3,84.0,5.3,148.0,88.0,No,No,110.0,Current,Occasionally,Average,Never,N/A,N/A,27.74,0
81,Female,167.6,78.2,103.0,5.8,151.0,73.0,No,No,163.0,Never,Occasionally,Unhealthy,Never,No,No,27.84,0
28,Female,156.2,63.0,63.0,5.8,96.0,91.0,No,No,82.0,Never,Occasionally,Average,Occasionally,No,Yes,25.82,0
23,Female,147.4,69.7,122.0,5.0,107.0,73.0,No,No,99.0,Current,Occasionally,Unhealthy,Occasionally,N/A,No,32.08,0
60,Female,168.5,43.3,116.0,4.9,123.0,86.0,Yes,No,0.0,Current,Occasionally,Healthy,Occasionally,No,No,15.25,0
68,Male,164.8,62.0,116.0,5.7,119.0,102.0,No,No,0.0,Former,Occasionally,Healthy,Frequently,N/A,N/A,22.83,0
23,Male,181.9,65.2,107.0,6.3,125.0,70.0,No,No,315.0,Never,Occasionally,Average,Never,N/A,N/A,19.71,0
83,Female,164.4,72.9,82.0,5.0,121.0,89.0,No,Yes,334.0,Never,Occasionally,Average,Frequently,N/A,No,26.97,0
23,Female,160.7,65.0,72.0,7.0,125.0,72.0,No,No,131.0,Never,Occasionally,Unhealthy,Occasionally,No,No,25.17,0
81,Female,165.6,101.4,114.0,5.3,156.0,98.0,No,No,150.0,Never,Occasionally,Healthy,Never,N/A,No,36.98,0
35,Female,153.9,57.5,103.0,5.3,122.0,83.0,No,No,312.0,Current,Frequently,Unhealthy,Never,No,No,24.28,0
24,Male,165.0,84.6,112.0,5.9,119.0,71.0,No,No,270.0,Never,Never,Healthy,Never,N/A,N/A,31.07,0
71,Male,173.5,83.2,108.0,6.2,126.0,80.0,Yes,No,63.0,Never,Never,Average,Occasionally,N/A,N/A,27.64,0
46,Female,172.6,77.9,114.0,5.9,112.0,89.0,Yes,No,13.0,Never,Occasionally,Unhealthy,Frequently,No,No,26.15,0
85,Female,161.4,71.6,102.0,6.1,122.0,82.0,Yes,No,253.0,Current,Occasionally,Healthy,Occasionally,Yes,No,27.49,0
76,Male,174.0,90.1,66.0,7.7,144.0,80.0,No,No,70.0,Never,Occasionally,Average,Occasionally,N/A,N/A,29.76,0
23,Female,169.2,76.4,106.0,3.7,123.0,104.0,Yes,No,185.0,Never,Occasionally,Healthy,Frequently,No,No,26.69,0
67,Male,193.9,83.9,137.0,5.3,115.0,78.0,Yes,No,187.0,Never,Occasionally,Unhealthy,Occasionally,N/A,N/A,22.32,0
42,Female,170.4,72.4,77.0,3.6,156.0,69.0,No,No,149.0,Current,Never,Healthy,Occasionally,N/A,No,24.93,0
37,Male,177.1,63.1,132.0,5.9,133.0,61.0,No,No,56.0,Never,Occasionally,Average,Occasionally,N/A,N/A,20.12,0
73,Male,175.6,71.5,65.0,4.9,125.0,86.0,No,No,105.0,Current,Occasionally,Healthy,Occasionally,N/A,N/A,23.19,0
37,Male,180.2,65.9,109.0,4.2,145.0,72.0,No,No,196.0,Current,Occasionally,Unhealthy,Occasionally,N/A,N/A,20.29,0
85,Female,161.3,53.0,109.0,6.7,143.0,88.0,No,No,208.0,Never,Occasionally,Healthy,Occasionally,No,No,20.37,0
40,Male,179.7,84.4,92.0,4.5,96.0,62.0,No,No,63.0,Never,Occasionally,Average,Occasionally,N/A,N/A,26.14,0
59,Female,162.7,65.4,94.0,5.1,148.0,81.0,Yes,No,150.0,Former,Never,Average,Never,No,N/A,24.71,0
49,Female,157.9,58.0,113.0,5.7,118.0,88.0,No,No,166.0,Never,Occasionally,Average,Occasionally,Yes,No,23.26,0
29,Male,175.1,113.1,138.0,5.9,154.0,98.0,No,Yes,115.0,Never,Occasionally,Average,Never,N/A,N/A,36.89,1
37,Male,183.0,83.7,83.0,4.0,100.0,47.0,No,No,284.0,Never,Occasionally,Average,Occasionally,N/A,N/A,24.99,0
29,Male,165.3,92.5,62.0,7.3,112.0,64.0,No,No,100.0,Current,Occasionally,Average,Never,N/A,N/A,33.85,0
47,Female,169.4,73.2,112.0,5.2,137.0,59.0,No,No,223.0,Never,Never,Average,Frequently,No,No,25.51,0
71,Female,158.1,38.0,83.0,4.1,99.0,67.0,No,No,246.0,Never,Occasionally,Unhealthy,Occasionally,No,No,15.2,0
80,Male,171.8,57.0,65.0,6.5,111.0,84.0,No,No,175.0,Current,Occasionally,Average,Frequently,N/A,N/A,19.31,0
79,Male,167.3,75.6,92.0,5.9,124.0,108.0,No,No,127.0,Former,Occasionally,Healthy,Occasionally,N/A,N/A,27.01,0
30,Female,159.7,100.6,87.0,5.6,138.0,77.0,Yes,No,128.0,Never,Occasionally,Unhealthy,Occasionally,Yes,No,39.44,0
75,Female,168.0,79.0,84.0,5.7,163.0,93.0,No,No,98.0,Never,Frequently,Average,Frequently,No,No,27.99,0
62,Female,162.0,53.1,145.0,6.6,108.0,55.0,No,No,200.0,Former,Occasionally,Healthy,Occasionally,No,No,20.23,0
28,Male,171.0,93.8,95.0,5.1,109.0,94.0,Yes,No,15.0,Former,Never,Unhealthy,Occasionally,N/A,N/A,32.08,0
79,Female,166.5,82.5,98.0,6.1,124.0,85.0,No,No,142.0,Never,Occasionally,Healthy,Never,No,No,29.76,0
41,Male,179.3,91.5,73.0,6.6,122.0,75.0,No,No,203.0,Current,Never,Unhealthy,Occasionally,N/A,N/A,28.46,1
71,Female,160.8,65.1,93.0,4.3,135.0,92.0,No,No,115.0,Never,Occasionally,Average,Never,No,No,25.18,0
21,Female,162.4,61.8,66.0,4.5,139.0,67.0,Yes,No,105.0,Never,Occasionally,Average,Frequently,No,No,23.43,0
33,Male,182.1,59.1,98.0,5.5,85.0,86.0,No,No,214.0,Never,Never,Unhealthy,Occasionally,N/A,N/A,17.82,0
18,Male,179.6,96.4,102.0,5.8,97.0,85.0,No,No,104.0,Current,Occasionally,Healthy,Occasionally,N/A,N/A,29.89,0
33,Female,166.1,97.9,92.0,5.4,111.0,74.0,Yes,No,26.0,Former,Occasionally,Healthy,Never,No,Yes,35.48,0
72,Female,165.8,63.0,113.0,7.3,129.0,85.0,No,No,0.0,Former,Occasionally,Healthy,Never,No,Yes,22.92,0
77,Female,161.6,71.3,87.0,5.4,143.0,85.0,Yes,No,93.0,Current,Occasionally,Average,Occasionally,No,No,27.3,0
55,Male,162.1,98.5,62.0,5.9,129.0,68.0,Yes,No,187.0,Never,Occasionally,Healthy,Occasionally,N/A,N/A,37.49,1
81,Female,159.4,50.8,72.0,5.1,145.0,77.0,No,No,381.0,Never,Occasionally,Unhealthy,Frequently,No,No,19.99,1
80,Male,179.8,68.9,100.0,5.7,133.0,71.0,No,Yes,76.0,Former,Never,Unhealthy,Frequently,N/A,N/A,21.31,0
29,Male,180.8,87.6,73.0,6.2,94.0,78.0,Yes,No,66.0,Current,Frequently,Healthy,Occasionally,N/A,N/A,26.8,0
42,Female,169.5,62.5,110.0,5.5,117.0,68.0,No,No,90.0,Never,Never,Average,Frequently,No,No,21.75,1
29,Female,161.3,72.5,129.0,4.4,86.0,95.0,No,No,0.0,Never,Occasionally,Average,Never,No,Yes,27.87,1
37,Male,165.7,73.2,108.0,3.6,128.0,66.0,No,No,12.0,Never,Never,Healthy,Occasionally,N/A,N/A,26.66,0
56,Female,164.7,56.7,96.0,5.9,118.0,85.0,Yes,No,0.0,Never,Frequently,Average,Occasionally,No,No,20.9,0
57,Male,180.8,75.4,77.0,5.6,138.0,76.0,No,No,227.0,Former,Occasionally,Average,Occasionally,N/A,N/A,23.07,0
64,Male,168.2,61.1,79.0,7.5,117.0,72.0,Yes,No,371.0,Never,Occasionally,Healthy,Never,N/A,N/A,21.6,0
47,Female,162.8,49.0,85.0,6.3,148.0,85.0,Yes,No,304.0,Never,Frequently,Average,Never,No,No,18.49,0
30,Male,172.0,85.6,126.0,5.0,128.0,83.0,Yes,No,103.0,Never,Never,Unhealthy,Occasionally,N/A,N/A,28.93,0
36,Male,181.5,104.7,108.0,6.3,110.0,85.0,No,No,68.0,Current,Never,Average,Occasionally,N/A,N/A,31.78,0
68,Female,162.0,57.6,68.0,6.2,150.0,76.0,Yes,No,132.0,Former,Occasionally,Unhealthy,Never,No,No,21.95,0
78,Female,158.7,46.4,89.0,6.8,150.0,93.0,No,No,166.0,Never,Never,Average,Never,No,No,18.42,0
57,Male,161.7,70.3,92.0,6.3,110.0,72.0,No,No,164.0,Current,Frequently,Average,Occasionally,N/A,N/A,26.89,0
69,Female,165.5,69.9,93.0,5.7,130.0,73.0,No,No,49.0,Never,Never,Healthy,Never,No,No,25.52,0
73,Female,176.4,72.4,93.0,6.2,128.0,89.0,No,No,189.0,Never,Never,Average,Occasionally,No,No,23.27,0
55,Male,176.6,54.5,130.0,7.4,128.0,80.0,No,No,243.0,Never,Occasionally,Average,Frequently,N/A,N/A,17.47,0
84,Female,154.6,72.8,141.0,6.5,143.0,91.0,Yes,No,200.0,Current,Occasionally,Healthy,Frequently,No,No,30.46,0
47,Female,171.4,54.9,121.0,4.9,104.0,82.0,Yes,No,131.0,Former,Frequently,Average,Occasionally,Yes,No,18.69,1
62,Male,168.3,71.3,81.0,4.3,144.0,66.0,No,No,228.0,Never,Occasionally,Healthy,Never,N/A,N/A,25.17,0
55,Male,167.4,83.3,82.0,5.6,144.0,59.0,No,No,218.0,Never,Frequently,Unhealthy,Occasionally,N/A,N/A,29.73,0
43,Male,176.5,54.7,66.0,3.5,136.0,74.0,No,No,260.0,Never,Never,Healthy,Occasionally,N/A,N/A,17.56,0
66,Female,155.0,65.6,96.0,5.3,111.0,77.0,No,No,161.0,Current,Frequently,Unhealthy,Occasionally,No,No,27.3,0
83,Male,170.2,91.4,60.0,7.5,137.0,65.0,No,No,58.0,Current,Occasionally,Unhealthy,Frequently,N/A,N/A,31.55,1
55,Female,164.0,62.0,109.0,6.3,135.0,70.0,No,No,72.0,Never,Never,Healthy,Occasionally,No,No,23.05,0
80,Male,180.5,47.3,101.0,5.7,126.0,80.0,No,No,19.0,Never,Occasionally,Average,Never,N/A,N/A,14.52,0
44,Male,177.2,59.7,78.0,5.8,112.0,87.0,No,No,158.0,Former,Occasionally,Healthy,Never,N/A,N/A,19.01,0
29,Male,170.8,54.7,115.0,4.3,116.0,70.0,No,Yes,224.0,Never,Never,Average,Occasionally,N/A,N/A,18.75,0
83,Male,176.2,83.9,90.0,5.5,122.0,74.0,Yes,No,56.0,Former,Never,Unhealthy,Occasionally,N/A,N/A,27.02,0
66,Male,164.9,81.6,98.0,6.5,110.0,78.0,No,No,162.0,Never,Occasionally,Average,Occasionally,N/A,N/A,30.01,0
31,Female,158.1,67.9,79.0,4.8,117.0,79.0,No,No,264.0,Current,Occasionally,Average,Occasionally,Yes,No,27.16,0
83,Male,154.0,81.4,108.0,6.2,137.0,85.0,No,No,163.0,Never,Frequently,Healthy,Occasionally,N/A,N/A,34.32,0
85,Male,181.6,52.9,106.0,5.9,148.0,70.0,Yes,No,128.0,Never,Occasionally,Average,Occasionally,N/A,N/A,16.04,0
38,Male,169.2,91.7,102.0,5.1,126.0,82.0,Yes,No,329.0,Never,Never,Average,Occasionally,N/A,N/A,32.03,0
74,Male,165.6,47.9,103.0,6.8,132.0,81.0,No,No,163.0,Never,Occasionally,Healthy,Frequently,N/A,N/A,17.47,1
65,Female,167.7,86.1,87.0,6.6,140.0,88.0,No,No,92.0,Never,Frequently,Unhealthy,Occasionally,No,No,30.62,0
20,Male,165.8,83.2,102.0,5.4,110.0,79.0,Yes,No,82.0,Former,Never,Average,Never,N/A,N/A,30.27,0
77,Female,159.4,77.0,121.0,6.9,139.0,76.0,No,No,157.0,Current,Frequently,Average,Never,No,N/A,30.3,0
32,Female,162.7,54.8,111.0,5.5,122.0,66.0,No,No,101.0,Never,Never,Average,Never,No,No,20.7,0
50,Male,171.2,70.5,98.0,5.9,136.0,89.0,Yes,No,266.0,Never,Frequently,Unhealthy,Occasionally,N/A,N/A,24.05,0
52,Male,185.5,72.9,96.0,3.5,117.0,73.0,No,No,91.0,Never,Never,Unhealthy,Frequently,N/A,N/A,21.19,0
28,Male,177.5,85.4,130.0,7.3,86.0,75.0,No,No,101.0,Never,Occasionally,Average,Occasionally,N/A,N/A,27.11,0
33,Male,183.1,85.3,108.0,6.6,106.0,82.0,Yes,No,35.0,Former,Never,Average,Never,N/A,N/A,25.44,0
34,Male,176.1,96.3,59.0,4.9,112.0,73.0,No,No,0.0,Never,Occasionally,Unhealthy,Occasionally,N/A,N/A,31.05,0
21,Male,178.2,81.2,69.0,4.9,139.0,68.0,Yes,No,127.0,Never,Occasionally,Average,Frequently,N/A,N/A,25.57,0
35,Female,178.0,71.4,87.0,4.1,109.0,67.0,Yes,No,166.0,Never,Occasionally,Average,Occasionally,No,Yes,22.54,0
39,Male,160.0,53.0,83.0,4.1,111.0,74.0,Yes,No,33.0,Former,Occasionally,Unhealthy,Frequently,N/A,N/A,20.7,0
