Age,Gender,Height_cm,Weight_kg,Systolic_Blood_Pressure_mmHg,Diastolic_Blood_Pressure_mmHg,Total_Cholesterol_mg_dL,LDL_Cholesterol_mg_dL,HDL_Cholesterol_mg_dL,Triglycerides_mg_dL,Blood_Glucose_mg_dL,Diabetes,Smoking_Habit,Alcohol_Habit,Weekly_Exercise_Minutes,Family_History_Heart_Disease,Previous_Heart_Disease,BMI,HeartDisease
46,Female,154.4,76.5,128.0,103.0,226.0,123.0,42.0,136.0,79.0,No,Current,Occasionally,96.0,Yes,No,32.09,0
21,Male,161.8,67.2,150.0,98.0,141.0,64.0,67.0,254.0,97.0,No,Former,Never,67.0,No,No,25.67,0
47,Male,173.3,68.5,118.0,73.0,181.0,99.0,61.0,162.0,92.0,No,Former,Occasionally,0.0,Yes,No,22.81,0
45,Female,148.8,56.4,125.0,80.0,214.0,112.0,46.0,244.0,97.0,No,Current,Occasionally,39.0,No,No,25.47,0
73,Male,178.8,56.2,140.0,84.0,171.0,85.0,22.0,332.0,83.0,Yes,Current,Occasionally,174.0,No,Yes,17.58,0
60,Female,162.8,74.0,160.0,72.0,167.0,110.0,63.0,117.0,122.0,No,Never,Never,115.0,No,Yes,27.92,1
66,Male,163.0,93.8,148.0,94.0,198.0,116.0,37.0,75.0,91.0,No,Current,Frequently,60.0,No,No,35.3,1
81,Male,169.1,63.8,155.0,104.0,143.0,68.0,54.0,234.0,86.0,Yes,Former,Occasionally,75.0,Yes,No,22.31,0
18,Female,160.9,73.4,102.0,67.0,212.0,106.0,58.0,80.0,81.0,No,Never,Frequently,262.0,Yes,No,28.35,0
23,Female,148.0,85.9,118.0,83.0,167.0,90.0,54.0,197.0,71.0,No,Current,Occasionally,0.0,Yes,No,39.22,0
83,Male,171.2,61.6,136.0,90.0,160.0,91.0,72.0,118.0,91.0,No,Never,Occasionally,223.0,Yes,No,21.02,0
82,Female,170.6,80.1,147.0,69.0,200.0,129.0,55.0,62.0,67.0,No,Former,Occasionally,298.0,No,No,27.52,0
61,Male,170.6,44.2,106.0,71.0,90.0,69.0,25.0,112.0,109.0,No,Former,Never,133.0,No,No,15.19,0
35,Male,181.5,86.2,85.0,80.0,162.0,102.0,65.0,147.0,89.0,No,Never,Never,85.0,No,No,26.17,0
59,Female,170.2,65.6,104.0,72.0,221.0,120.0,50.0,144.0,89.0,Yes,Never,Occasionally,60.0,No,No,22.65,0
83,Male,176.9,58.6,128.0,76.0,185.0,126.0,28.0,71.0,104.0,Yes,Current,Occasionally,24.0,No,No,18.73,0
32,Female,173.8,66.0,111.0,90.0,205.0,119.0,64.0,198.0,82.0,No,Never,Never,170.0,Yes,No,21.85,0
84,Female,163.4,90.4,123.0,95.0,167.0,98.0,37.0,195.0,120.0,Yes,Never,Occasionally,0.0,No,No,33.86,1
75,Female,167.7,87.0,163.0,90.0,257.0,139.0,61.0,152.0,124.0,Yes,Never,Frequently,106.0,No,Yes,30.94,1
80,Male,188.6,76.9,128.0,85.0,165.0,107.0,100.0,97.0,91.0,No,Current,Occasionally,273.0,No,No,21.62,0
43,Female,168.8,48.7,134.0,82.0,199.0,129.0,68.0,287.0,80.0,No,Current,Never,137.0,No,No,17.09,0
18,Male,178.5,102.7,118.0,87.0,184.0,126.0,44.0,245.0,100.0,No,Never,Occasionally,178.0,No,No,32.23,0
55,Female,160.0,61.1,117.0,78.0,184.0,100.0,59.0,81.0,61.0,No,Former,Occasionally,267.0,No,No,23.87,0
23,Male,166.9,57.9,112.0,66.0,201.0,106.0,52.0,83.0,111.0,No,Never,Occasionally,125.0,No,No,20.79,0
59,Male,175.3,118.7,140.0,90.0,177.0,121.0,43.0,153.0,77.0,Yes,Current,Frequently,0.0,No,No,38.63,0
48,Male,183.6,96.1,132.0,72.0,197.0,127.0,64.0,79.0,67.0,No,Never,Occasionally,201.0,No,No,28.51,0
61,Female,154.9,52.8,112.0,83.0,149.0,79.0,23.0,83.0,65.0,No,Former,Occasionally,106.0,No,No,22.01,0
33,Other,171.1,38.0,121.0,85.0,119.0,71.0,51.0,163.0,99.0,No,Current,Never,223.0,No,No,12.98,0
19,Female,150.4,64.4,85.0,59.0,232.0,140.0,68.0,70.0,126.0,No,Current,Occasionally,144.0,No,No,28.47,0
21,Male,173.8,64.8,106.0,81.0,156.0,83.0,35.0,131.0,100.0,No,Never,Never,6.0,No,No,21.45,0
78,Female,166.9,77.8,135.0,88.0,221.0,134.0,54.0,269.0,61.0,No,Never,Occasionally,126.0,No,No,27.93,0
74,Female,159.4,60.7,114.0,80.0,235.0,111.0,56.0,70.0,69.0,No,Never,Frequently,188.0,No,Yes,23.89,0
74,Male,166.7,77.0,142.0,79.0,212.0,142.0,46.0,166.0,70.0,No,Current,Occasionally,233.0,No,No,27.71,1
78,Male,185.5,77.6,137.0,77.0,223.0,119.0,61.0,263.0,104.0,No,Never,Frequently,286.0,No,Yes,22.55,1
35,Male,177.1,83.7,109.0,72.0,131.0,76.0,45.0,146.0,81.0,No,Never,Occasionally,253.0,No,No,26.69,0
25,Male,172.3,98.9,138.0,86.0,104.0,53.0,64.0,87.0,121.0,No,Never,Frequently,144.0,No,No,33.31,0
82,Male,180.2,79.0,167.0,80.0,237.0,116.0,59.0,150.0,116.0,No,Current,Never,393.0,No,Yes,24.33,1
23,Female,162.0,50.3,85.0,69.0,188.0,116.0,57.0,161.0,109.0,No,Former,Never,111.0,No,No,19.17,0
24,Female,175.5,54.3,122.0,73.0,121.0,78.0,74.0,184.0,63.0,No,Never,Occasionally,221.0,No,No,17.63,0
78,Female,169.0,61.6,137.0,67.0,223.0,105.0,77.0,195.0,93.0,No,Never,Never,275.0,No,No,21.57,1
55,Female,157.9,66.7,85.0,80.0,213.0,160.0,75.0,254.0,101.0,No,Former,Occasionally,63.0,Yes,No,26.75,0
67,Female,153.0,38.0,139.0,71.0,221.0,122.0,48.0,177.0,100.0,Yes,Never,Frequently,79.0,Yes,No,16.23,0
24,Female,156.4,45.6,101.0,86.0,214.0,118.0,31.0,73.0,91.0,No,Former,Never,112.0,No,No,18.64,0
69,Male,170.3,84.1,142.0,62.0,181.0,103.0,37.0,63.0,98.0,No,Current,Occasionally,341.0,No,No,29.0,0
46,Male,175.6,88.3,145.0,92.0,163.0,82.0,28.0,84.0,75.0,No,Never,Never,66.0,Yes,No,28.64,0
56,Male,166.8,69.5,147.0,85.0,264.0,123.0,43.0,64.0,84.0,No,Former,Never,21.0,Yes,Yes,24.98,1
65,Female,160.5,94.0,148.0,96.0,204.0,116.0,61.0,147.0,133.0,Yes,Never,Frequently,87.0,No,No,36.49,0
46,Male,172.1,51.1,124.0,68.0,187.0,124.0,35.0,108.0,125.0,No,Never,Occasionally,188.0,No,No,17.25,0
58,Male,172.1,76.6,112.0,75.0,219.0,93.0,15.0,96.0,84.0,No,Former,Occasionally,198.0,No,No,25.86,0
28,Male,173.9,91.4,126.0,63.0,221.0,104.0,48.0,66.0,85.0,No,Former,Occasionally,259.0,No,No,30.22,0
61,Male,184.7,85.8,125.0,90.0,152.0,90.0,34.0,216.0,79.0,No,Never,Occasionally,139.0,Yes,No,25.15,0
62,Male,184.1,95.1,111.0,84.0,237.0,141.0,57.0,87.0,85.0,No,Never,Occasionally,146.0,No,No,28.06,0
78,Female,168.7,69.8,136.0,69.0,220.0,147.0,48.0,89.0,84.0,No,Current,Occasionally,163.0,No,Yes,24.53,1
70,Female,155.1,50.4,141.0,98.0,266.0,154.0,83.0,171.0,63.0,No,Never,Frequently,267.0,No,Yes,20.95,0
71,Male,163.5,63.3,146.0,83.0,186.0,98.0,48.0,104.0,107.0,Yes,Never,Never,0.0,No,No,23.68,0
72,Male,167.3,98.0,149.0,88.0,202.0,100.0,50.0,67.0,100.0,Yes,Current,Never,35.0,No,No,35.01,1
44,Male,177.5,75.2,119.0,86.0,241.0,124.0,26.0,51.0,106.0,No,Never,Occasionally,41.0,No,No,23.87,1
68,Male,159.1,102.3,127.0,112.0,138.0,86.0,48.0,183.0,89.0,No,Current,Occasionally,210.0,Yes,No,40.41,0
20,Female,176.1,49.7,110.0,60.0,191.0,109.0,55.0,127.0,98.0,No,Never,Occasionally,101.0,Yes,No,16.03,0
77,Female,157.9,48.4,138.0,62.0,189.0,130.0,61.0,240.0,124.0,Yes,Former,Occasionally,109.0,No,No,19.41,1
77,Female,163.2,49.1,146.0,82.0,216.0,161.0,39.0,221.0,82.0,No,Never,Occasionally,190.0,Yes,No,18.43,0
28,Other,162.6,65.0,117.0,87.0,162.0,82.0,50.0,350.0,138.0,No,Never,Occasionally,215.0,No,No,24.59,0
62,Female,152.3,70.1,128.0,72.0,207.0,112.0,36.0,50.0,113.0,No,Never,Occasionally,0.0,No,No,30.22,1
84,Female,153.0,91.7,130.0,70.0,213.0,137.0,49.0,106.0,92.0,Yes,Never,Occasionally,180.0,No,Yes,39.17,1
51,Female,168.7,77.1,138.0,89.0,151.0,91.0,35.0,130.0,82.0,No,Former,Never,135.0,No,No,27.09,0
31,Female,154.6,38.0,105.0,82.0,158.0,95.0,43.0,160.0,96.0,No,Former,Occasionally,42.0,No,No,15.9,0
48,Male,162.9,91.2,110.0,76.0,181.0,132.0,46.0,168.0,92.0,Yes,Never,Never,191.0,No,No,34.37,0
20,Female,160.6,72.6,118.0,93.0,184.0,111.0,41.0,201.0,66.0,No,Never,Occasionally,347.0,No,No,28.15,0
64,Male,161.9,90.1,147.0,87.0,240.0,96.0,43.0,401.0,91.0,No,Never,Occasionally,0.0,Yes,No,34.37,0
23,Male,176.0,68.3,126.0,66.0,184.0,114.0,66.0,83.0,114.0,No,Never,Frequently,288.0,No,No,22.05,0
83,Female,156.8,66.7,167.0,76.0,181.0,130.0,64.0,133.0,58.0,Yes,Never,Never,339.0,No,Yes,27.13,1
23,Male,183.8,82.6,112.0,80.0,176.0,100.0,64.0,231.0,128.0,Yes,Former,Occasionally,143.0,Yes,No,24.45,0
45,Female,167.4,60.1,135.0,51.0,152.0,78.0,28.0,90.0,95.0,No,Never,Occasionally,247.0,No,Yes,21.45,0
73,Male,172.8,73.3,143.0,61.0,165.0,95.0,18.0,108.0,106.0,No,Never,Frequently,171.0,No,No,24.55,0
67,Female,149.6,91.6,173.0,84.0,195.0,133.0,46.0,154.0,89.0,No,Current,Occasionally,212.0,No,No,40.93,0
82,Female,155.2,77.2,135.0,90.0,217.0,136.0,40.0,74.0,106.0,No,Never,Occasionally,0.0,Yes,No,32.05,1
44,Male,167.7,72.0,152.0,89.0,220.0,123.0,23.0,102.0,81.0,No,Former,Occasionally,126.0,No,No,25.6,1
33,Male,180.6,81.7,128.0,88.0,257.0,144.0,73.0,105.0,131.0,No,Current,Occasionally,85.0,No,Yes,25.05,1
34,Female,167.7,82.7,105.0,79.0,227.0,127.0,46.0,99.0,102.0,No,Never,Never,224.0,Yes,No,29.41,0
77,Female,159.8,57.9,151.0,85.0,175.0,89.0,52.0,134.0,103.0,No,Never,Occasionally,168.0,No,No,22.67,0
69,Other,174.4,83.1,151.0,89.0,202.0,100.0,59.0,106.0,95.0,Yes,Current,Occasionally,223.0,Yes,No,27.32,0
30,Female,160.3,64.1,115.0,83.0,198.0,132.0,57.0,101.0,103.0,No,Never,Occasionally,181.0,No,No,24.95,0
70,Male,167.7,62.9,133.0,80.0,226.0,142.0,51.0,159.0,108.0,No,Never,Never,91.0,No,Yes,22.37,0
19,Male,188.5,79.2,116.0,93.0,234.0,168.0,35.0,162.0,102.0,No,Never,Occasionally,51.0,Yes,No,22.29,0
40,Female,169.1,46.5,151.0,76.0,209.0,113.0,66.0,111.0,75.0,No,Never,Occasionally,191.0,No,No,16.26,0
64,Male,154.0,84.4,151.0,81.0,137.0,81.0,41.0,120.0,100.0,No,Never,Occasionally,250.0,No,No,35.59,0
49,Male,171.9,97.3,105.0,75.0,254.0,157.0,56.0,97.0,93.0,Yes,Never,Frequently,198.0,No,No,32.93,0
32,Male,176.6,84.6,116.0,75.0,111.0,68.0,73.0,62.0,89.0,No,Never,Never,143.0,Yes,No,27.13,0
67,Female,163.9,62.5,130.0,97.0,228.0,121.0,79.0,61.0,78.0,No,Former,Occasionally,234.0,No,No,23.27,0
23,Male,160.5,72.9,117.0,80.0,142.0,101.0,70.0,222.0,102.0,No,Never,Occasionally,163.0,No,No,28.3,0
40,Female,157.0,71.3,119.0,97.0,142.0,70.0,67.0,74.0,82.0,No,Never,Occasionally,178.0,Yes,No,28.93,0
48,Female,153.7,72.7,122.0,93.0,284.0,135.0,54.0,74.0,88.0,No,Never,Occasionally,235.0,No,No,30.77,0
77,Female,150.0,76.8,151.0,71.0,211.0,123.0,57.0,201.0,90.0,No,Never,Occasionally,118.0,No,No,34.13,1
80,Male,168.5,61.7,142.0,74.0,170.0,112.0,31.0,104.0,100.0,Yes,Never,Frequently,270.0,No,No,21.73,0
69,Male,171.9,58.2,122.0,55.0,207.0,106.0,36.0,174.0,121.0,No,Never,Frequently,68.0,No,No,19.7,0
80,Female,153.1,55.5,159.0,83.0,208.0,116.0,60.0,102.0,95.0,No,Never,Occasionally,135.0,No,No,23.68,0
82,Female,164.2,70.5,132.0,76.0,189.0,99.0,49.0,93.0,97.0,No,Never,Frequently,212.0,Yes,No,26.15,0
77,Female,156.2,61.4,145.0,87.0,215.0,145.0,40.0,87.0,91.0,No,Former,Frequently,37.0,Yes,No,25.17,1
53,Male,167.1,95.1,116.0,84.0,228.0,164.0,87.0,154.0,131.0,No,Never,Occasionally,88.0,Yes,Yes,34.06,0
52,Female,163.2,81.9,148.0,83.0,143.0,64.0,51.0,77.0,108.0,No,Current,Frequently,193.0,No,No,30.75,0
19,Female,173.7,68.3,121.0,98.0,184.0,106.0,59.0,212.0,86.0,No,Never,Occasionally,181.0,No,No,22.64,0
79,Male,176.3,56.9,106.0,89.0,234.0,124.0,54.0,85.0,73.0,No,Never,Never,37.0,No,No,18.31,0
51,Female,167.6,68.4,130.0,73.0,261.0,142.0,28.0,134.0,87.0,No,Never,Occasionally,48.0,No,No,24.35,1
83,Male,176.3,84.3,153.0,101.0,291.0,168.0,45.0,110.0,107.0,No,Never,Frequently,184.0,No,Yes,27.12,1
57,Male,163.6,50.0,123.0,90.0,212.0,107.0,40.0,249.0,132.0,No,Former,Occasionally,45.0,No,No,18.68,0
42,Male,172.4,88.2,141.0,80.0,231.0,103.0,53.0,204.0,136.0,No,Never,Occasionally,195.0,No,No,29.68,0
62,Male,185.2,75.0,133.0,64.0,223.0,138.0,64.0,121.0,78.0,No,Former,Frequently,178.0,Yes,Yes,21.87,1
62,Female,163.1,77.9,126.0,84.0,274.0,134.0,39.0,134.0,85.0,No,Never,Never,127.0,No,Yes,29.28,1
30,Female,167.3,68.0,140.0,89.0,222.0,151.0,59.0,142.0,119.0,No,Never,Frequently,77.0,No,No,24.3,0
29,Male,169.8,102.3,142.0,87.0,216.0,130.0,39.0,60.0,96.0,No,Current,Occasionally,83.0,Yes,No,35.48,1
81,Male,167.9,98.7,135.0,94.0,167.0,93.0,19.0,176.0,114.0,No,Current,Occasionally,294.0,No,No,35.01,0
74,Female,156.4,63.5,136.0,85.0,184.0,97.0,70.0,98.0,57.0,No,Never,Occasionally,249.0,No,No,25.96,0
33,Male,168.2,91.2,153.0,86.0,192.0,124.0,31.0,126.0,83.0,No,Current,Occasionally,0.0,No,No,32.24,0
19,Female,167.4,93.5,146.0,74.0,223.0,137.0,58.0,144.0,93.0,No,Never,Never,0.0,No,No,33.37,0
69,Female,160.7,89.0,141.0,84.0,237.0,159.0,57.0,108.0,132.0,No,Never,Occasionally,214.0,No,Yes,34.46,1
35,Male,171.5,71.2,120.0,89.0,205.0,116.0,55.0,151.0,76.0,No,Never,Occasionally,131.0,No,No,24.21,0
54,Female,157.2,51.3,100.0,80.0,233.0,123.0,52.0,91.0,84.0,No,Never,Frequently,121.0,No,No,20.76,0
31,Male,179.6,83.7,116.0,73.0,163.0,92.0,27.0,100.0,105.0,No,Never,Never,177.0,No,No,25.95,0
75,Female,160.8,66.9,131.0,91.0,214.0,119.0,55.0,193.0,90.0,No,Never,Occasionally,169.0,No,Yes,25.87,0
29,Female,172.3,71.3,109.0,62.0,223.0,151.0,48.0,193.0,60.0,Yes,Never,Occasionally,85.0,Yes,No,24.02,0
26,Male,161.7,97.8,123.0,77.0,190.0,113.0,36.0,110.0,112.0,No,Never,Frequently,192.0,Yes,No,37.4,1
84,Female,162.5,76.6,116.0,85.0,199.0,111.0,71.0,139.0,100.0,No,Current,Never,422.0,Yes,No,29.01,0
56,Male,172.1,82.9,137.0,79.0,210.0,123.0,26.0,177.0,95.0,No,Current,Never,88.0,Yes,No,27.99,1
35,Female,154.0,61.3,111.0,70.0,100.0,69.0,63.0,215.0,107.0,No,Never,Frequently,187.0,No,No,25.85,0
68,Female,152.8,38.0,131.0,84.0,193.0,119.0,49.0,151.0,101.0,No,Current,Frequently,208.0,Yes,Yes,16.28,0
44,Female,147.3,73.0,118.0,64.0,184.0,127.0,50.0,168.0,89.0,Yes,Never,Never,171.0,No,No,33.64,0
64,Male,166.7,103.1,140.0,89.0,181.0,109.0,38.0,110.0,60.0,No,Current,Occasionally,237.0,No,No,37.1,0
56,Female,167.1,69.5,125.0,75.0,115.0,70.0,24.0,269.0,94.0,No,Current,Occasionally,0.0,No,No,24.89,0
83,Male,179.3,71.4,143.0,77.0,241.0,150.0,72.0,191.0,76.0,No,Former,Occasionally,144.0,No,No,22.21,1
57,Male,171.5,44.8,145.0,78.0,244.0,156.0,58.0,161.0,82.0,No,Never,Frequently,134.0,No,No,15.23,0
28,Female,165.4,79.3,85.0,67.0,228.0,144.0,66.0,78.0,102.0,No,Current,Occasionally,0.0,No,No,28.99,0
56,Male,180.2,79.9,135.0,83.0,159.0,98.0,67.0,102.0,87.0,No,Never,Occasionally,163.0,No,Yes,24.61,0
44,Male,161.1,70.2,134.0,84.0,146.0,80.0,32.0,273.0,109.0,No,Never,Occasionally,262.0,No,No,27.05,0
19,Male,177.4,108.2,114.0,81.0,253.0,148.0,37.0,293.0,102.0,No,Never,Occasionally,266.0,No,No,34.38,0
79,Male,177.5,85.9,117.0,75.0,240.0,138.0,35.0,258.0,131.0,No,Former,Never,90.0,No,No,27.26,0
38,Female,168.8,60.2,116.0,98.0,90.0,54.0,71.0,59.0,113.0,No,Never,Occasionally,93.0,No,No,21.13,0
49,Female,170.8,52.5,140.0,82.0,168.0,90.0,85.0,243.0,93.0,No,Former,Occasionally,251.0,No,No,18.0,0
60,Female,160.0,67.7,152.0,89.0,160.0,120.0,59.0,213.0,116.0,No,Never,Never,217.0,No,No,26.45,0
32,Other,167.5,84.1,112.0,82.0,137.0,73.0,65.0,127.0,93.0,No,Never,Frequently,0.0,No,No,29.98,0
21,Female,153.0,85.3,124.0,76.0,176.0,104.0,73.0,293.0,116.0,No,Former,Occasionally,289.0,Yes,No,36.44,0
43,Male,191.6,93.7,146.0,92.0,170.0,113.0,54.0,121.0,100.0,Yes,Never,Never,50.0,No,No,25.52,0
30,Male,176.0,90.4,127.0,86.0,175.0,87.0,30.0,121.0,111.0,No,Never,Occasionally,39.0,No,No,29.18,0
18,Female,164.6,79.9,97.0,67.0,139.0,85.0,44.0,191.0,103.0,No,Never,Occasionally,115.0,No,No,29.49,0
42,Female,178.0,80.8,111.0,80.0,221.0,151.0,67.0,201.0,95.0,No,Never,Occasionally,212.0,No,No,25.5,0
66,Male,177.9,88.1,145.0,89.0,139.0,84.0,52.0,129.0,118.0,No,Never,Never,255.0,No,No,27.84,0
36,Female,159.5,56.4,100.0,87.0,190.0,119.0,70.0,121.0,113.0,No,Current,Occasionally,139.0,No,No,22.17,0
81,Male,171.6,79.0,125.0,102.0,163.0,97.0,40.0,125.0,63.0,No,Current,Frequently,231.0,No,Yes,26.83,0
83,Male,163.9,114.7,136.0,83.0,203.0,142.0,48.0,104.0,91.0,No,Former,Never,128.0,Yes,No,42.7,0
76,Other,162.8,63.0,115.0,75.0,191.0,97.0,50.0,127.0,79.0,No,Never,Never,147.0,No,No,23.77,0
66,Female,166.0,80.9,141.0,76.0,193.0,125.0,50.0,219.0,109.0,No,Never,Never,137.0,No,No,29.36,0
77,Male,180.1,75.0,136.0,76.0,130.0,89.0,31.0,166.0,81.0,No,Former,Occasionally,176.0,Yes,No,23.12,1
56,Female,159.7,46.2,132.0,81.0,197.0,106.0,63.0,251.0,85.0,No,Former,Frequently,38.0,No,No,18.11,1
35,Female,170.0,63.6,102.0,90.0,213.0,138.0,52.0,126.0,62.0,No,Never,Occasionally,156.0,No,No,22.01,0
45,Female,165.1,64.9,142.0,80.0,157.0,84.0,56.0,200.0,76.0,No,Never,Never,287.0,No,No,23.81,0
25,Female,157.8,40.2,107.0,73.0,169.0,90.0,49.0,124.0,95.0,No,Former,Occasionally,376.0,No,No,16.14,0
29,Female,170.2,88.2,112.0,74.0,178.0,107.0,46.0,160.0,111.0,No,Former,Occasionally,119.0,No,No,30.45,0
64,Male,170.8,98.6,125.0,85.0,169.0,98.0,43.0,160.0,82.0,No,Current,Occasionally,177.0,No,No,33.8,0
64,Male,194.1,99.7,102.0,75.0,237.0,144.0,52.0,182.0,75.0,Yes,Former,Frequently,312.0,No,No,26.46,0
78,Male,164.7,96.1,125.0,113.0,236.0,154.0,76.0,125.0,96.0,Yes,Current,Occasionally,187.0,No,Yes,35.43,1
34,Male,183.2,82.3,104.0,57.0,189.0,86.0,44.0,75.0,97.0,Yes,Never,Frequently,90.0,No,No,24.52,0
19,Male,179.1,76.6,92.0,72.0,192.0,124.0,28.0,66.0,88.0,No,Never,Occasionally,189.0,No,No,23.88,0
80,Male,177.9,100.5,125.0,98.0,250.0,140.0,44.0,194.0,120.0,No,Never,Occasionally,172.0,No,No,31.76,0
46,Male,167.7,65.7,131.0,69.0,119.0,73.0,68.0,146.0,94.0,No,Never,Occasionally,130.0,No,No,23.36,0
40,Female,155.9,71.5,115.0,72.0,133.0,88.0,59.0,112.0,82.0,No,Never,Occasionally,151.0,No,No,29.42,0
85,Male,186.7,87.8,148.0,96.0,205.0,37.0,49.0,207.0,80.0,Yes,Current,Never,11.0,No,Yes,25.19,1
64,Female,169.0,65.9,133.0,76.0,241.0,113.0,44.0,77.0,102.0,No,Current,Never,347.0,Yes,No,23.07,1
81,Male,168.5,102.4,135.0,81.0,167.0,100.0,45.0,228.0,97.0,Yes,Never,Frequently,213.0,No,No,36.07,0
21,Female,142.0,76.9,85.0,74.0,140.0,71.0,51.0,365.0,71.0,No,Former,Never,280.0,No,No,38.14,0
55,Male,170.5,76.7,132.0,90.0,173.0,94.0,44.0,182.0,80.0,No,Never,Occasionally,0.0,No,No,26.38,0
43,Male,176.9,79.1,128.0,66.0,149.0,82.0,38.0,106.0,91.0,No,Former,Occasionally,68.0,Yes,No,25.28,0
56,Male,175.6,97.6,131.0,90.0,224.0,114.0,41.0,111.0,118.0,Yes,Never,Never,186.0,No,No,31.65,0
72,Female,165.2,62.6,138.0,84.0,273.0,158.0,46.0,106.0,91.0,No,Never,Frequently,236.0,No,Yes,22.94,1
33,Female,162.7,48.1,121.0,81.0,143.0,80.0,49.0,91.0,85.0,No,Never,Occasionally,219.0,Yes,No,18.17,0
78,Female,165.3,38.0,126.0,74.0,223.0,137.0,79.0,74.0,69.0,No,Never,Occasionally,225.0,No,No,13.91,0
38,Male,176.3,55.7,97.0,83.0,248.0,125.0,47.0,150.0,83.0,No,Current,Never,0.0,No,No,17.92,0
39,Female,162.7,78.2,139.0,90.0,163.0,99.0,59.0,211.0,110.0,No,Never,Never,140.0,No,No,29.54,0
45,Male,162.2,82.5,114.0,69.0,232.0,172.0,25.0,68.0,90.0,No,Never,Occasionally,0.0,No,No,31.36,0
63,Male,179.7,65.7,138.0,95.0,219.0,95.0,57.0,107.0,57.0,No,Never,Never,0.0,No,No,20.35,0
49,Female,157.3,60.5,132.0,79.0,208.0,131.0,63.0,111.0,117.0,No,Never,Never,233.0,No,No,24.45,0
51,Male,171.8,84.2,141.0,90.0,218.0,111.0,42.0,104.0,117.0,No,Former,Occasionally,331.0,No,No,28.53,0
22,Male,171.4,101.3,107.0,76.0,192.0,120.0,62.0,86.0,93.0,No,Never,Occasionally,154.0,No,No,34.48,0
71,Male,184.1,68.4,134.0,85.0,194.0,112.0,19.0,207.0,121.0,No,Never,Occasionally,98.0,No,No,20.18,1
44,Female,153.6,54.6,114.0,84.0,260.0,154.0,64.0,113.0,115.0,No,Never,Frequently,262.0,No,No,23.14,0
70,Male,163.7,79.5,152.0,93.0,153.0,95.0,46.0,126.0,100.0,No,Never,Occasionally,268.0,No,No,29.67,0
46,Male,171.1,75.8,147.0,89.0,190.0,132.0,40.0,170.0,74.0,No,Never,Never,320.0,No,No,25.89,0
33,Male,181.6,94.4,86.0,75.0,156.0,83.0,42.0,215.0,97.0,No,Never,Never,214.0,No,No,28.62,0
66,Female,170.6,62.7,123.0,95.0,140.0,88.0,66.0,157.0,107.0,No,Never,Occasionally,166.0,No,No,21.54,0
68,Male,184.3,66.8,115.0,87.0,213.0,145.0,40.0,177.0,139.0,Yes,Current,Occasionally,358.0,No,Yes,19.67,1
61,Male,171.9,71.3,113.0,69.0,223.0,137.0,44.0,154.0,88.0,No,Current,Never,258.0,No,No,24.13,0
50,Female,154.8,87.7,112.0,91.0,206.0,111.0,53.0,96.0,127.0,No,Current,Never,26.0,No,No,36.6,0
45,Male,179.7,57.2,115.0,79.0,232.0,146.0,59.0,197.0,91.0,No,Current,Occasionally,40.0,No,No,17.71,0
34,Female,163.4,56.1,131.0,66.0,196.0,113.0,61.0,90.0,122.0,No,Current,Frequently,48.0,No,No,21.01,1
19,Male,175.0,80.1,104.0,82.0,202.0,132.0,54.0,127.0,121.0,No,Never,Occasionally,25.0,No,No,26.16,0
47,Female,152.3,50.6,136.0,81.0,276.0,146.0,57.0,172.0,132.0,No,Never,Occasionally,192.0,No,No,21.81,0
84,Male,160.9,100.3,162.0,97.0,225.0,139.0,42.0,388.0,116.0,Yes,Current,Occasionally,176.0,No,Yes,38.74,1
74,Female,157.5,81.9,128.0,83.0,163.0,90.0,47.0,156.0,92.0,No,Current,Occasionally,19.0,Yes,No,33.02,0
57,Female,158.5,63.8,133.0,79.0,188.0,95.0,54.0,114.0,79.0,No,Former,Frequently,156.0,No,No,25.4,0
78,Female,151.7,51.6,135.0,97.0,201.0,112.0,40.0,91.0,115.0,No,Never,Frequently,92.0,No,No,22.42,0
51,Female,181.3,41.0,118.0,77.0,225.0,147.0,77.0,131.0,105.0,No,Never,Occasionally,35.0,No,No,12.47,0
47,Female,169.0,60.7,126.0,74.0,254.0,97.0,84.0,119.0,111.0,No,Never,Frequently,140.0,No,No,21.25,0
49,Male,166.2,85.8,138.0,82.0,203.0,127.0,51.0,116.0,82.0,No,Current,Occasionally,4.0,No,No,31.06,0
28,Female,168.8,83.0,122.0,89.0,138.0,89.0,51.0,334.0,81.0,No,Never,Occasionally,316.0,Yes,No,29.13,0
63,Female,176.4,75.9,140.0,72.0,215.0,150.0,69.0,423.0,92.0,No,Never,Occasionally,146.0,No,Yes,24.39,0
34,Male,170.8,65.7,109.0,92.0,177.0,98.0,35.0,320.0,80.0,No,Never,Occasionally,257.0,No,No,22.52,0
82,Female,166.1,71.1,116.0,96.0,280.0,176.0,22.0,62.0,111.0,No,Current,Occasionally,84.0,Yes,No,25.77,1
83,Female,164.7,70.6,153.0,82.0,162.0,103.0,58.0,245.0,103.0,Yes,Former,Occasionally,212.0,No,No,26.03,0
83,Female,156.9,81.6,120.0,93.0,234.0,113.0,68.0,100.0,123.0,Yes,Never,Frequently,98.0,No,Yes,33.15,1
59,Male,164.7,68.3,137.0,77.0,178.0,127.0,35.0,100.0,85.0,No,Never,Never,157.0,Yes,No,25.18,0
32,Male,173.6,95.7,116.0,85.0,176.0,109.0,45.0,194.0,98.0,No,Former,Occasionally,1.0,No,No,31.76,0
34,Female,155.3,60.9,113.0,71.0,206.0,106.0,31.0,168.0,108.0,No,Never,Frequently,138.0,No,No,25.25,0
85,Female,140.0,78.0,123.0,80.0,244.0,128.0,58.0,312.0,104.0,Yes,Current,Frequently,0.0,Yes,Yes,39.8,1
52,Male,177.5,81.3,91.0,95.0,164.0,90.0,42.0,243.0,115.0,No,Former,Frequently,180.0,No,No,25.8,0
67,Male,180.0,75.7,134.0,72.0,192.0,106.0,19.0,108.0,72.0,No,Never,Frequently,163.0,No,No,23.36,0
22,Female,165.2,77.3,120.0,96.0,190.0,103.0,51.0,50.0,95.0,No,Never,Occasionally,15.0,No,No,28.32,0
54,Female,166.0,67.9,127.0,65.0,204.0,111.0,60.0,122.0,113.0,No,Never,Never,62.0,No,No,24.64,0
31,Male,183.6,87.8,124.0,65.0,187.0,96.0,37.0,53.0,138.0,No,Never,Occasionally,167.0,No,No,26.05,0
56,Female,168.6,52.1,99.0,71.0,122.0,57.0,59.0,110.0,106.0,No,Never,Frequently,261.0,No,No,18.33,0
45,Female,159.0,96.0,125.0,67.0,217.0,104.0,63.0,101.0,110.0,No,Never,Occasionally,173.0,No,No,37.97,0
39,Other,159.8,79.2,138.0,86.0,153.0,95.0,45.0,269.0,124.0,No,Never,Never,91.0,No,No,31.01,0
57,Female,179.5,44.7,129.0,60.0,122.0,83.0,43.0,269.0,79.0,No,Never,Never,82.0,No,No,13.87,0
46,Male,156.4,114.9,136.0,77.0,168.0,94.0,25.0,126.0,107.0,No,Former,Frequently,182.0,No,No,46.97,0
19,Female,177.3,68.9,115.0,88.0,187.0,121.0,53.0,162.0,131.0,No,Never,Frequently,177.0,Yes,No,21.92,0
72,Male,173.7,71.1,127.0,78.0,202.0,149.0,49.0,217.0,104.0,No,Never,Never,222.0,No,No,23.57,1
63,Male,171.6,61.9,142.0,84.0,152.0,107.0,64.0,117.0,89.0,No,Never,Never,53.0,No,No,21.02,0
22,Male,177.2,68.0,113.0,74.0,207.0,109.0,23.0,129.0,87.0,No,Former,Occasionally,69.0,No,No,21.66,0
56,Female,161.3,49.2,115.0,75.0,181.0,102.0,57.0,125.0,118.0,No,Former,Occasionally,0.0,Yes,No,18.91,0
27,Female,182.0,58.1,98.0,77.0,166.0,113.0,50.0,193.0,80.0,No,Never,Never,56.0,No,No,17.54,0
20,Female,170.1,87.8,124.0,82.0,105.0,50.0,50.0,232.0,110.0,No,Never,Never,170.0,Yes,No,30.34,0
85,Female,162.4,64.9,156.0,91.0,208.0,119.0,48.0,102.0,91.0,No,Never,Occasionally,87.0,Yes,Yes,24.61,1
69,Female,160.2,49.1,119.0,74.0,210.0,157.0,33.0,123.0,115.0,No,Never,Occasionally,37.0,No,No,19.13,0
29,Female,167.8,61.2,95.0,86.0,141.0,106.0,58.0,65.0,99.0,No,Current,Occasionally,224.0,Yes,No,21.74,0
25,Female,162.9,71.7,113.0,66.0,153.0,80.0,65.0,93.0,84.0,No,Former,Occasionally,165.0,Yes,No,27.02,0
53,Male,173.5,63.9,115.0,67.0,273.0,151.0,74.0,93.0,67.0,No,Current,Never,128.0,Yes,No,21.23,1
26,Male,169.1,89.1,105.0,68.0,230.0,168.0,48.0,220.0,97.0,No,Never,Occasionally,180.0,Yes,No,31.16,0
22,Male,184.9,65.8,145.0,72.0,112.0,68.0,78.0,83.0,73.0,No,Never,Frequently,167.0,No,No,19.25,0
50,Female,172.8,58.6,123.0,54.0,191.0,107.0,47.0,97.0,96.0,No,Current,Occasionally,118.0,Yes,No,19.63,0
45,Female,153.9,75.4,114.0,88.0,232.0,128.0,33.0,207.0,92.0,No,Current,Occasionally,87.0,No,No,31.83,0
57,Female,170.4,52.4,132.0,69.0,188.0,102.0,39.0,115.0,96.0,No,Never,Occasionally,192.0,No,No,18.05,0
44,Male,184.2,100.1,147.0,76.0,211.0,116.0,51.0,170.0,77.0,No,Never,Frequently,34.0,Yes,No,29.5,1
73,Female,153.5,63.9,145.0,91.0,237.0,150.0,58.0,238.0,72.0,No,Former,Frequently,295.0,No,Yes,27.12,0
36,Male,194.8,89.1,133.0,68.0,151.0,91.0,46.0,228.0,110.0,No,Never,Occasionally,118.0,Yes,No,23.48,0
27,Female,166.5,70.3,120.0,69.0,168.0,101.0,61.0,125.0,117.0,No,Current,Occasionally,37.0,No,No,25.36,0
75,Male,179.1,92.6,143.0,94.0,146.0,99.0,27.0,37.0,116.0,No,Former,Never,103.0,No,No,28.87,0
27,Female,150.7,87.8,115.0,74.0,152.0,83.0,67.0,84.0,112.0,No,Never,Occasionally,140.0,Yes,No,38.66,0
62,Female,175.5,65.1,137.0,95.0,172.0,96.0,64.0,172.0,120.0,No,Never,Occasionally,200.0,Yes,No,21.14,0
35,Female,154.2,38.0,121.0,65.0,213.0,115.0,48.0,114.0,88.0,No,Never,Never,137.0,No,No,15.98,0
64,Male,179.7,92.5,139.0,73.0,187.0,129.0,28.0,117.0,99.0,No,Never,Frequently,292.0,No,No,28.64,0
77,Male,180.7,78.2,134.0,86.0,203.0,146.0,56.0,65.0,95.0,No,Never,Occasionally,0.0,No,No,23.95,0
30,Male,175.8,85.7,113.0,70.0,205.0,132.0,61.0,206.0,72.0,No,Never,Occasionally,77.0,No,No,27.73,0
85,Male,176.6,86.1,156.0,83.0,174.0,94.0,58.0,84.0,93.0,Yes,Never,Never,101.0,No,Yes,27.61,1
25,Female,158.8,94.5,115.0,71.0,187.0,98.0,59.0,251.0,129.0,No,Never,Occasionally,30.0,No,Yes,37.47,0
24,Male,186.0,81.3,118.0,84.0,188.0,110.0,55.0,160.0,139.0,No,Never,Never,39.0,No,No,23.5,0
30,Female,167.6,72.7,127.0,70.0,166.0,96.0,49.0,115.0,66.0,No,Never,Occasionally,224.0,Yes,No,25.88,0
83,Female,153.3,57.2,142.0,84.0,260.0,154.0,52.0,122.0,94.0,Yes,Never,Frequently,85.0,No,No,24.34,0
19,Male,157.0,69.7,97.0,81.0,172.0,74.0,41.0,109.0,97.0,No,Current,Never,185.0,No,No,28.28,0
31,Female,160.3,43.2,115.0,64.0,161.0,82.0,79.0,123.0,74.0,No,Never,Occasionally,184.0,No,No,16.81,0
76,Female,162.6,58.4,131.0,89.0,207.0,118.0,52.0,68.0,126.0,No,Never,Frequently,131.0,No,No,22.09,0
83,Male,187.2,75.2,100.0,90.0,225.0,140.0,43.0,109.0,144.0,Yes,Never,Occasionally,327.0,No,No,21.46,1
69,Female,169.1,56.5,141.0,79.0,270.0,180.0,57.0,172.0,113.0,No,Never,Never,212.0,Yes,No,19.76,0
67,Other,179.2,58.7,97.0,84.0,262.0,152.0,58.0,47.0,69.0,No,Current,Occasionally,382.0,No,No,18.28,0
74,Female,158.7,70.3,145.0,73.0,265.0,158.0,55.0,175.0,106.0,Yes,Current,Frequently,0.0,Yes,Yes,27.91,1
42,Male,180.2,90.4,132.0,70.0,176.0,120.0,25.0,44.0,80.0,No,Current,Occasionally,262.0,No,No,27.84,0
77,Female,158.3,82.5,127.0,91.0,243.0,93.0,60.0,130.0,63.0,No,Never,Frequently,0.0,No,No,32.92,1
22,Male,160.4,63.9,86.0,82.0,186.0,97.0,25.0,152.0,89.0,No,Current,Occasionally,241.0,No,No,24.84,0
38,Female,158.9,58.9,134.0,86.0,160.0,94.0,50.0,115.0,90.0,No,Former,Never,181.0,No,No,23.33,0
80,Female,144.4,63.0,140.0,102.0,181.0,97.0,44.0,277.0,98.0,No,Never,Never,0.0,No,No,30.21,0
68,Female,161.4,59.5,114.0,72.0,224.0,92.0,83.0,160.0,89.0,No,Never,Occasionally,207.0,No,No,22.84,0
44,Male,169.2,70.6,121.0,66.0,199.0,142.0,56.0,194.0,99.0,No,Never,Occasionally,186.0,No,No,24.66,0
27,Male,171.6,65.8,95.0,69.0,158.0,93.0,49.0,51.0,77.0,No,Never,Never,230.0,No,No,22.35,0
25,Female,167.6,80.4,85.0,74.0,194.0,97.0,59.0,152.0,77.0,No,Former,Occasionally,350.0,No,No,28.62,0
27,Female,170.7,48.8,125.0,63.0,201.0,128.0,64.0,86.0,121.0,No,Former,Occasionally,308.0,No,No,16.75,0
46,Female,163.7,88.7,123.0,75.0,232.0,135.0,38.0,114.0,130.0,No,Former,Never,203.0,No,No,33.1,1
81,Female,159.5,79.9,148.0,109.0,251.0,139.0,53.0,127.0,104.0,No,Never,Occasionally,19.0,No,No,31.41,0
28,Male,167.6,115.8,117.0,77.0,172.0,99.0,31.0,109.0,109.0,No,Former,Occasionally,258.0,No,No,41.22,0
59,Male,182.9,82.6,122.0,87.0,160.0,91.0,15.0,105.0,135.0,No,Never,Frequently,220.0,Yes,No,24.69,0
85,Male,180.0,67.4,122.0,93.0,183.0,154.0,48.0,155.0,88.0,No,Never,Occasionally,205.0,Yes,No,20.8,0
36,Male,163.9,58.5,140.0,72.0,189.0,72.0,35.0,143.0,109.0,No,Never,Never,211.0,No,No,21.78,0
37,Female,147.8,65.5,92.0,73.0,204.0,103.0,68.0,75.0,103.0,No,Former,Frequently,72.0,No,No,29.98,0
74,Female,166.1,48.0,122.0,79.0,164.0,87.0,45.0,309.0,97.0,No,Former,Occasionally,284.0,No,No,17.4,0
61,Female,163.1,81.4,122.0,86.0,191.0,117.0,64.0,156.0,89.0,No,Never,Occasionally,102.0,No,No,30.6,0
77,Male,160.0,94.0,158.0,83.0,210.0,143.0,56.0,106.0,88.0,No,Current,Occasionally,253.0,Yes,No,36.72,0
80,Female,164.3,66.3,137.0,74.0,229.0,146.0,56.0,218.0,82.0,No,Former,Occasionally,173.0,No,No,24.56,0
79,Female,157.6,38.0,113.0,72.0,220.0,125.0,59.0,96.0,128.0,No,Never,Never,145.0,No,No,15.3,1
43,Male,181.4,102.1,133.0,77.0,224.0,111.0,36.0,112.0,87.0,No,Former,Occasionally,195.0,No,No,31.03,0
19,Female,160.8,58.1,117.0,66.0,198.0,94.0,74.0,128.0,96.0,No,Never,Occasionally,171.0,No,No,22.47,0
54,Female,149.3,61.3,114.0,70.0,141.0,78.0,60.0,136.0,90.0,No,Never,Never,48.0,No,No,27.5,0
30,Female,150.0,55.3,85.0,83.0,144.0,78.0,71.0,80.0,112.0,No,Never,Frequently,131.0,Yes,No,24.58,0
32,Female,158.1,97.9,130.0,92.0,226.0,135.0,51.0,228.0,79.0,No,Never,Frequently,0.0,No,No,39.17,1
47,Male,154.6,93.6,109.0,79.0,167.0,96.0,41.0,210.0,100.0,No,Never,Never,71.0,No,No,39.16,0
70,Male,177.0,69.1,133.0,68.0,196.0,117.0,56.0,121.0,80.0,No,Never,Occasionally,302.0,No,Yes,22.06,0
76,Male,174.5,70.2,133.0,79.0,175.0,69.0,49.0,114.0,103.0,No,Former,Occasionally,0.0,No,No,23.05,0
79,Female,163.2,76.9,101.0,94.0,195.0,125.0,52.0,108.0,124.0,Yes,Never,Frequently,163.0,No,No,28.87,0
73,Male,182.6,79.9,113.0,93.0,154.0,97.0,77.0,310.0,117.0,No,Current,Occasionally,48.0,No,No,23.96,1
57,Male,192.6,98.2,131.0,70.0,240.0,159.0,59.0,111.0,74.0,No,Current,Occasionally,0.0,No,No,26.47,0
24,Male,170.3,86.2,135.0,66.0,178.0,77.0,34.0,60.0,74.0,No,Current,Occasionally,160.0,No,No,29.72,0
45,Male,176.8,83.4,127.0,68.0,237.0,169.0,45.0,41.0,121.0,No,Never,Never,136.0,No,No,26.68,0
36,Female,151.8,64.8,139.0,58.0,225.0,151.0,57.0,64.0,118.0,No,Never,Occasionally,138.0,Yes,No,28.12,1
31,Male,164.4,78.1,117.0,69.0,252.0,114.0,35.0,114.0,84.0,No,Former,Occasionally,88.0,No,No,28.9,0
28,Male,184.0,67.3,115.0,77.0,200.0,113.0,31.0,92.0,113.0,No,Never,Occasionally,32.0,No,No,19.88,0
59,Female,158.4,76.0,120.0,68.0,229.0,111.0,79.0,169.0,90.0,No,Never,Occasionally,220.0,No,No,30.29,0
74,Male,176.1,77.5,131.0,74.0,195.0,126.0,65.0,222.0,110.0,No,Never,Occasionally,114.0,No,No,24.99,0
59,Male,176.0,79.4,162.0,68.0,168.0,79.0,27.0,145.0,118.0,No,Never,Occasionally,307.0,No,No,25.63,0
72,Female,164.9,66.6,114.0,90.0,230.0,88.0,47.0,242.0,91.0,No,Current,Occasionally,113.0,No,No,24.49,0
21,Male,159.0,86.9,120.0,68.0,185.0,93.0,53.0,128.0,112.0,No,Former,Never,88.0,No,No,34.37,0
70,Female,160.2,54.0,123.0,67.0,150.0,110.0,61.0,140.0,86.0,No,Current,Occasionally,0.0,No,No,21.04,0
46,Male,175.5,80.5,136.0,88.0,151.0,70.0,38.0,66.0,81.0,No,Never,Occasionally,120.0,No,No,26.14,0
42,Male,175.3,82.6,110.0,82.0,200.0,107.0,51.0,157.0,83.0,No,Current,Never,287.0,No,No,26.88,0
39,Male,166.2,64.8,147.0,67.0,168.0,100.0,58.0,99.0,78.0,No,Current,Occasionally,208.0,Yes,No,23.46,0
36,Male,171.0,72.6,92.0,89.0,134.0,63.0,60.0,104.0,84.0,Yes,Never,Frequently,132.0,No,No,24.83,0
72,Male,189.5,71.0,135.0,74.0,177.0,113.0,53.0,85.0,104.0,No,Never,Never,369.0,No,No,19.77,0
60,Female,161.7,72.3,128.0,76.0,192.0,96.0,63.0,57.0,86.0,No,Former,Occasionally,157.0,No,Yes,27.65,1
76,Male,172.2,86.3,122.0,79.0,210.0,117.0,49.0,126.0,82.0,No,Current,Frequently,36.0,No,No,29.1,1
49,Female,163.4,87.2,122.0,89.0,109.0,72.0,58.0,157.0,94.0,No,Current,Frequently,199.0,Yes,No,32.66,0
82,Female,148.2,76.7,127.0,61.0,279.0,158.0,42.0,49.0,68.0,Yes,Current,Occasionally,67.0,No,No,34.92,0
70,Female,181.7,42.0,131.0,73.0,190.0,123.0,67.0,145.0,104.0,No,Never,Occasionally,30.0,Yes,Yes,12.72,1
36,Female,162.0,45.1,108.0,98.0,162.0,115.0,42.0,127.0,113.0,No,Current,Occasionally,125.0,No,No,17.18,0
53,Male,176.6,101.5,133.0,71.0,168.0,94.0,56.0,230.0,135.0,No,Never,Never,178.0,No,No,32.55,0
63,Male,155.0,73.6,141.0,78.0,240.0,146.0,34.0,268.0,120.0,No,Never,Never,180.0,No,No,30.63,0
79,Female,163.5,83.4,139.0,86.0,168.0,119.0,41.0,47.0,107.0,Yes,Current,Frequently,120.0,No,No,31.2,0
25,Male,169.3,86.3,113.0,64.0,224.0,177.0,52.0,97.0,101.0,No,Former,Occasionally,213.0,No,No,30.11,0
78,Female,155.4,70.5,146.0,91.0,220.0,130.0,51.0,163.0,60.0,No,Former,Occasionally,284.0,No,No,29.19,0
23,Female,160.1,39.2,116.0,72.0,257.0,94.0,85.0,61.0,94.0,No,Never,Never,186.0,No,No,15.29,0
62,Male,183.8,82.9,134.0,71.0,218.0,121.0,41.0,124.0,92.0,No,Current,Frequently,31.0,No,No,24.54,0
70,Male,166.3,71.6,151.0,71.0,193.0,104.0,93.0,200.0,77.0,No,Current,Frequently,41.0,Yes,Yes,25.89,1
43,Male,172.7,87.0,115.0,80.0,164.0,95.0,49.0,92.0,72.0,No,Former,Occasionally,190.0,Yes,No,29.17,0
61,Female,154.0,73.9,127.0,82.0,211.0,118.0,73.0,169.0,106.0,No,Never,Never,106.0,No,No,31.16,0
72,Male,158.0,67.2,140.0,80.0,215.0,113.0,38.0,133.0,110.0,No,Never,Frequently,63.0,No,Yes,26.92,1
70,Female,174.3,45.7,151.0,67.0,176.0,64.0,70.0,115.0,116.0,No,Current,Occasionally,136.0,No,No,15.04,0
44,Male,172.5,72.3,112.0,75.0,186.0,93.0,45.0,164.0,61.0,No,Former,Frequently,152.0,No,No,24.3,0
36,Male,174.9,108.9,120.0,78.0,250.0,119.0,35.0,96.0,140.0,No,Former,Occasionally,51.0,Yes,No,35.6,0
68,Male,171.6,83.1,130.0,92.0,253.0,153.0,15.0,81.0,136.0,No,Former,Never,86.0,No,No,28.22,0
66,Female,159.7,79.3,176.0,79.0,295.0,140.0,55.0,125.0,102.0,No,Former,Occasionally,24.0,No,Yes,31.09,1
77,Female,151.7,67.7,139.0,92.0,189.0,94.0,70.0,94.0,75.0,Yes,Current,Never,149.0,Yes,No,29.42,1
21,Male,173.6,75.6,112.0,73.0,90.0,42.0,69.0,145.0,97.0,No,Former,Occasionally,134.0,Yes,No,25.09,0
77,Female,165.4,80.1,133.0,68.0,154.0,81.0,60.0,225.0,76.0,No,Former,Frequently,59.0,No,No,29.28,0
68,Female,162.7,72.3,146.0,74.0,195.0,129.0,71.0,66.0,78.0,No,Never,Occasionally,194.0,No,No,27.31,0
65,Female,177.8,82.2,121.0,90.0,162.0,108.0,57.0,200.0,96.0,No,Never,Occasionally,191.0,No,Yes,26.0,0
62,Female,173.7,91.5,132.0,84.0,241.0,178.0,53.0,51.0,110.0,No,Current,Occasionally,169.0,No,No,30.33,0
21,Female,163.1,84.5,99.0,80.0,121.0,67.0,40.0,117.0,85.0,No,Former,Never,0.0,Yes,No,31.76,0
24,Female,172.8,75.2,123.0,63.0,191.0,135.0,48.0,67.0,81.0,No,Never,Frequently,148.0,No,No,25.18,0
77,Male,178.8,70.6,130.0,78.0,209.0,111.0,17.0,148.0,91.0,No,Never,Occasionally,32.0,Yes,No,22.08,0
18,Female,161.5,76.9,126.0,78.0,202.0,117.0,58.0,201.0,118.0,No,Never,Occasionally,132.0,No,No,29.48,0
78,Male,192.5,77.8,143.0,100.0,235.0,125.0,52.0,95.0,82.0,No,Never,Occasionally,155.0,No,No,21.0,0
72,Female,167.3,79.4,163.0,79.0,223.0,133.0,83.0,121.0,65.0,No,Current,Frequently,34.0,No,No,28.37,1
73,Male,177.5,106.8,164.0,83.0,204.0,124.0,34.0,97.0,100.0,No,Never,Never,246.0,Yes,No,33.9,1
25,Female,154.8,78.7,115.0,82.0,168.0,91.0,56.0,115.0,97.0,No,Current,Occasionally,0.0,No,No,32.84,1
20,Male,166.0,96.1,130.0,93.0,166.0,104.0,46.0,237.0,99.0,No,Never,Occasionally,147.0,Yes,No,34.87,0
19,Female,172.2,74.5,119.0,82.0,192.0,137.0,70.0,128.0,75.0,No,Current,Occasionally,0.0,No,No,25.12,0
41,Female,167.7,67.5,120.0,99.0,160.0,89.0,50.0,144.0,110.0,No,Current,Frequently,245.0,No,No,24.0,0
83,Other,153.5,60.2,146.0,99.0,272.0,168.0,57.0,244.0,116.0,Yes,Current,Never,114.0,Yes,Yes,25.55,1
30,Female,165.2,72.2,99.0,87.0,184.0,99.0,54.0,145.0,109.0,No,Current,Occasionally,252.0,Yes,No,26.46,0
60,Male,170.6,61.7,119.0,89.0,187.0,83.0,47.0,133.0,76.0,No,Never,Occasionally,324.0,No,No,21.2,0
60,Female,160.6,53.1,122.0,66.0,149.0,75.0,52.0,189.0,55.0,No,Current,Occasionally,287.0,Yes,No,20.59,0
58,Female,183.0,92.1,125.0,88.0,193.0,131.0,68.0,85.0,64.0,No,Former,Frequently,31.0,No,No,27.5,0
59,Female,154.9,52.9,132.0,85.0,171.0,103.0,38.0,111.0,92.0,No,Current,Never,281.0,No,No,22.05,0
39,Male,168.8,59.8,102.0,74.0,209.0,128.0,47.0,184.0,94.0,No,Never,Occasionally,0.0,Yes,No,20.99,0
29,Female,155.3,51.6,98.0,73.0,217.0,118.0,35.0,176.0,104.0,No,Former,Occasionally,210.0,No,No,21.39,0
64,Female,163.3,43.0,126.0,86.0,195.0,94.0,80.0,118.0,101.0,No,Never,Frequently,345.0,No,No,16.12,0
48,Other,151.3,45.2,117.0,82.0,201.0,108.0,50.0,102.0,90.0,No,Current,Never,74.0,No,No,19.75,0
42,Male,174.2,69.1,102.0,80.0,249.0,123.0,48.0,85.0,101.0,Yes,Current,Never,92.0,No,No,22.77,0
34,Male,176.0,103.4,120.0,91.0,122.0,74.0,49.0,164.0,103.0,No,Never,Occasionally,112.0,Yes,No,33.38,0
36,Male,168.9,96.5,109.0,92.0,267.0,149.0,76.0,88.0,139.0,No,Current,Occasionally,210.0,No,No,33.83,0
67,Male,178.6,66.2,123.0,75.0,200.0,120.0,46.0,178.0,126.0,No,Never,Never,131.0,No,No,20.75,0
44,Male,173.6,90.0,105.0,80.0,213.0,126.0,41.0,107.0,76.0,No,Current,Occasionally,8.0,No,No,29.86,0
48,Male,172.0,89.3,133.0,73.0,189.0,116.0,36.0,168.0,87.0,No,Former,Frequently,75.0,No,No,30.19,0
60,Male,167.9,77.9,113.0,97.0,101.0,56.0,25.0,124.0,81.0,Yes,Never,Frequently,12.0,No,No,27.63,0
63,Male,163.4,82.0,128.0,92.0,225.0,123.0,48.0,94.0,81.0,No,Never,Occasionally,89.0,No,No,30.71,1
34,Male,174.2,70.0,93.0,72.0,182.0,127.0,42.0,135.0,134.0,No,Never,Frequently,0.0,No,No,23.07,0
42,Female,165.9,48.4,106.0,73.0,210.0,132.0,83.0,104.0,92.0,No,Never,Never,404.0,No,No,17.59,0
59,Female,170.6,68.9,136.0,77.0,169.0,120.0,38.0,140.0,97.0,No,Current,Occasionally,245.0,No,No,23.67,0
48,Male,174.5,62.8,148.0,58.0,184.0,105.0,56.0,200.0,85.0,No,Never,Occasionally,155.0,No,Yes,20.62,1
51,Male,168.8,82.2,124.0,70.0,168.0,91.0,63.0,38.0,109.0,No,Current,Occasionally,134.0,No,No,28.85,0
73,Female,150.4,63.9,143.0,61.0,231.0,124.0,65.0,133.0,81.0,No,Current,Never,56.0,No,Yes,28.25,1
40,Female,153.9,57.2,110.0,86.0,253.0,142.0,56.0,73.0,121.0,No,Never,Occasionally,117.0,Yes,No,24.15,0
31,Male,173.1,92.9,136.0,71.0,271.0,167.0,59.0,97.0,127.0,No,Never,Frequently,184.0,No,No,31.0,0
74,Male,180.6,74.8,141.0,80.0,175.0,98.0,81.0,157.0,91.0,No,Former,Never,200.0,No,No,22.93,0
43,Female,169.0,62.2,131.0,81.0,158.0,100.0,34.0,189.0,108.0,No,Current,Never,239.0,No,No,21.78,0
37,Male,171.6,93.8,135.0,68.0,178.0,93.0,59.0,166.0,111.0,No,Never,Occasionally,0.0,Yes,No,31.85,0
63,Female,169.9,60.3,158.0,79.0,221.0,152.0,32.0,93.0,81.0,No,Current,Occasionally,294.0,No,Yes,20.89,1
61,Female,163.5,49.4,112.0,83.0,159.0,98.0,64.0,57.0,88.0,No,Current,Occasionally,186.0,Yes,No,18.48,1
45,Female,167.6,61.7,123.0,85.0,191.0,129.0,49.0,189.0,102.0,No,Never,Never,147.0,No,No,21.97,0
48,Male,163.4,102.8,121.0,79.0,170.0,103.0,49.0,121.0,84.0,No,Never,Never,121.0,No,No,38.5,0
27,Male,179.1,110.9,121.0,77.0,166.0,94.0,64.0,81.0,97.0,No,Never,Occasionally,296.0,No,No,34.57,0
72,Female,170.0,82.8,113.0,63.0,181.0,101.0,51.0,169.0,121.0,No,Never,Occasionally,251.0,No,No,28.65,1
61,Male,183.0,84.5,121.0,75.0,256.0,130.0,60.0,49.0,89.0,No,Former,Never,160.0,No,Yes,25.23,1
41,Male,172.4,85.8,118.0,55.0,191.0,114.0,70.0,272.0,80.0,No,Former,Occasionally,80.0,No,No,28.87,0
68,Male,165.5,56.2,123.0,82.0,196.0,108.0,43.0,171.0,101.0,No,Current,Never,207.0,No,No,20.52,0
54,Male,184.7,71.8,132.0,76.0,202.0,113.0,46.0,140.0,81.0,No,Never,Occasionally,199.0,No,No,21.05,0
71,Male,176.8,76.7,138.0,71.0,208.0,114.0,53.0,114.0,95.0,No,Never,Occasionally,34.0,No,No,24.54,1
58,Male,172.3,54.0,100.0,76.0,169.0,85.0,40.0,201.0,89.0,No,Never,Never,347.0,No,No,18.19,0
49,Male,173.4,73.4,143.0,76.0,166.0,85.0,49.0,158.0,94.0,No,Current,Never,180.0,No,Yes,24.41,1
27,Female,156.9,64.6,115.0,70.0,160.0,79.0,52.0,59.0,102.0,No,Never,Never,209.0,No,No,26.24,0
76,Male,177.0,91.7,124.0,75.0,253.0,128.0,43.0,105.0,97.0,No,Never,Occasionally,70.0,No,Yes,29.27,1
82,Female,148.9,58.8,153.0,77.0,128.0,76.0,72.0,80.0,69.0,Yes,Current,Occasionally,163.0,No,No,26.52,1
54,Female,142.5,84.0,142.0,55.0,203.0,151.0,58.0,202.0,106.0,No,Never,Occasionally,0.0,Yes,No,41.37,1
58,Female,164.2,54.9,125.0,61.0,155.0,72.0,51.0,110.0,86.0,Yes,Never,Never,70.0,No,No,20.36,0
50,Male,174.6,90.0,117.0,72.0,152.0,83.0,52.0,80.0,115.0,No,Former,Frequently,108.0,No,No,29.52,0
34,Female,181.7,59.4,136.0,68.0,162.0,72.0,57.0,156.0,93.0,No,Current,Never,172.0,No,No,17.99,0
54,Female,158.6,76.3,119.0,62.0,192.0,107.0,61.0,164.0,81.0,No,Current,Never,86.0,Yes,No,30.33,0
82,Female,162.3,49.9,115.0,79.0,188.0,115.0,54.0,128.0,67.0,Yes,Never,Occasionally,166.0,No,No,18.94,0
45,Female,156.5,75.6,116.0,82.0,142.0,78.0,41.0,35.0,86.0,No,Former,Occasionally,119.0,No,No,30.87,0
73,Male,176.9,112.3,170.0,81.0,174.0,72.0,42.0,66.0,60.0,Yes,Current,Never,62.0,Yes,Yes,35.89,1
80,Male,177.3,92.0,129.0,80.0,168.0,82.0,67.0,60.0,145.0,Yes,Never,Never,18.0,No,No,29.27,0
70,Male,163.1,82.7,131.0,79.0,242.0,153.0,65.0,130.0,107.0,No,Former,Occasionally,53.0,No,No,31.09,1
50,Male,165.8,67.3,138.0,72.0,198.0,129.0,37.0,146.0,111.0,No,Never,Never,107.0,Yes,No,24.48,0
80,Male,194.8,56.2,124.0,89.0,227.0,140.0,43.0,74.0,85.0,No,Former,Never,84.0,No,No,14.81,1
59,Male,184.2,83.8,158.0,73.0,165.0,97.0,36.0,229.0,104.0,No,Never,Occasionally,255.0,No,Yes,24.7,1
29,Female,158.3,82.4,108.0,81.0,222.0,130.0,43.0,118.0,111.0,No,Never,Occasionally,152.0,No,No,32.88,0
18,Male,159.8,76.9,96.0,78.0,218.0,134.0,30.0,243.0,57.0,No,Never,Frequently,87.0,No,No,30.11,0
69,Male,179.1,83.0,125.0,67.0,198.0,108.0,41.0,56.0,87.0,No,Former,Never,377.0,No,No,25.88,1
30,Male,176.2,103.6,139.0,81.0,256.0,138.0,46.0,136.0,97.0,No,Former,Frequently,39.0,No,No,33.37,0
80,Male,158.4,41.0,120.0,69.0,161.0,98.0,41.0,148.0,121.0,No,Former,Occasionally,91.0,No,No,16.34,0
25,Female,169.0,80.9,101.0,81.0,254.0,133.0,60.0,166.0,112.0,No,Current,Occasionally,144.0,No,No,28.33,0
56,Female,147.9,73.3,126.0,96.0,234.0,144.0,43.0,376.0,114.0,No,Current,Occasionally,135.0,No,No,33.51,0
56,Male,181.5,75.0,126.0,94.0,178.0,113.0,37.0,78.0,107.0,No,Never,Occasionally,26.0,No,No,22.77,0
75,Male,170.5,72.5,139.0,93.0,209.0,123.0,66.0,392.0,98.0,No,Former,Occasionally,230.0,No,No,24.94,0
24,Female,168.1,52.2,97.0,75.0,139.0,78.0,84.0,76.0,101.0,No,Current,Never,124.0,No,No,18.47,0
21,Male,159.9,79.1,111.0,66.0,220.0,108.0,46.0,109.0,104.0,No,Never,Occasionally,280.0,Yes,No,30.94,0
32,Female,152.0,60.6,128.0,79.0,122.0,74.0,58.0,75.0,77.0,No,Former,Never,142.0,No,No,26.23,0
78,Male,160.8,97.2,122.0,92.0,179.0,89.0,38.0,134.0,106.0,No,Never,Occasionally,182.0,No,No,37.59,0
31,Female,176.1,73.6,113.0,71.0,192.0,78.0,52.0,212.0,102.0,No,Never,Occasionally,309.0,No,No,23.73,0
19,Male,179.6,94.8,88.0,85.0,200.0,126.0,33.0,60.0,77.0,No,Former,Never,73.0,No,No,29.39,0
65,Female,148.0,90.1,121.0,81.0,242.0,99.0,50.0,64.0,95.0,No,Never,Never,78.0,No,No,41.13,0
43,Male,176.0,62.5,106.0,82.0,126.0,67.0,47.0,125.0,95.0,No,Never,Occasionally,143.0,No,No,20.18,0
24,Male,175.9,69.3,106.0,72.0,137.0,75.0,66.0,223.0,95.0,No,Never,Frequently,83.0,Yes,No,22.4,0
49,Male,172.9,74.9,97.0,73.0,132.0,90.0,48.0,184.0,93.0,No,Former,Occasionally,93.0,No,No,25.05,0
25,Female,157.7,43.1,108.0,69.0,186.0,113.0,53.0,99.0,93.0,No,Former,Never,53.0,No,No,17.33,0
39,Female,150.2,63.1,120.0,83.0,200.0,135.0,58.0,91.0,83.0,No,Current,Occasionally,257.0,No,No,27.97,0
60,Female,155.4,83.5,113.0,100.0,197.0,107.0,65.0,118.0,65.0,No,Never,Occasionally,139.0,No,No,34.58,0
35,Female,151.1,90.0,119.0,83.0,199.0,103.0,35.0,141.0,107.0,No,Never,Occasionally,83.0,No,No,39.42,0
52,Female,167.5,63.2,129.0,68.0,181.0,72.0,70.0,264.0,113.0,Yes,Never,Never,142.0,Yes,No,22.53,0
35,Female,162.4,60.9,128.0,87.0,241.0,114.0,77.0,103.0,83.0,No,Current,Occasionally,0.0,No,No,23.09,0
50,Female,173.5,66.5,132.0,93.0,198.0,148.0,54.0,92.0,60.0,No,Never,Never,141.0,No,No,22.09,0
46,Male,168.0,48.0,115.0,96.0,166.0,114.0,55.0,84.0,86.0,No,Current,Occasionally,250.0,No,Yes,17.01,0
61,Female,163.7,46.4,118.0,77.0,195.0,114.0,82.0,68.0,83.0,No,Never,Never,139.0,No,No,17.31,0
56,Female,173.1,64.6,129.0,83.0,178.0,118.0,40.0,258.0,87.0,No,Never,Occasionally,160.0,No,No,21.56,0
39,Male,176.1,86.0,125.0,87.0,214.0,70.0,33.0,118.0,94.0,No,Former,Occasionally,132.0,Yes,No,27.73,0
80,Male,169.6,75.0,140.0,81.0,217.0,134.0,43.0,130.0,66.0,No,Former,Occasionally,165.0,No,Yes,26.07,1
48,Male,177.5,85.9,141.0,75.0,254.0,134.0,62.0,157.0,112.0,No,Never,Occasionally,136.0,Yes,No,27.26,0
85,Female,169.5,68.9,160.0,92.0,176.0,104.0,34.0,75.0,104.0,No,Current,Frequently,66.0,No,No,23.98,0
29,Male,168.4,89.8,127.0,83.0,159.0,101.0,24.0,153.0,91.0,No,Never,Occasionally,200.0,No,No,31.67,0
46,Female,160.9,84.4,122.0,100.0,217.0,116.0,65.0,57.0,119.0,Yes,Never,Never,296.0,No,No,32.6,0
35,Female,147.9,50.6,110.0,74.0,237.0,99.0,78.0,328.0,96.0,No,Former,Occasionally,139.0,No,No,23.13,0
25,Male,176.7,75.8,119.0,99.0,151.0,112.0,30.0,151.0,118.0,No,Never,Frequently,166.0,No,No,24.28,0
77,Male,190.6,96.0,162.0,91.0,152.0,79.0,53.0,105.0,102.0,No,Never,Occasionally,333.0,Yes,No,26.43,0
59,Female,160.4,59.7,131.0,83.0,158.0,100.0,24.0,146.0,111.0,No,Former,Occasionally,134.0,No,Yes,23.2,1
66,Male,176.5,86.2,115.0,64.0,208.0,134.0,55.0,195.0,100.0,No,Current,Occasionally,101.0,No,No,27.67,0
40,Female,147.0,62.4,110.0,97.0,158.0,83.0,17.0,168.0,65.0,No,Never,Occasionally,225.0,No,No,28.88,0
66,Female,166.8,61.9,131.0,87.0,232.0,117.0,65.0,121.0,141.0,No,Never,Never,340.0,No,No,22.25,0
76,Female,155.8,85.9,123.0,87.0,249.0,122.0,50.0,66.0,102.0,No,Never,Occasionally,132.0,No,No,35.39,1
75,Male,166.3,99.3,135.0,74.0,271.0,188.0,61.0,163.0,75.0,No,Former,Never,178.0,No,No,35.91,0
82,Female,163.2,96.3,158.0,94.0,210.0,126.0,73.0,108.0,101.0,No,Never,Frequently,257.0,No,No,36.16,0
57,Male,158.8,68.4,152.0,62.0,280.0,136.0,46.0,166.0,88.0,No,Former,Frequently,294.0,Yes,Yes,27.12,0
72,Female,168.5,81.2,141.0,77.0,203.0,130.0,50.0,182.0,84.0,No,Current,Never,72.0,Yes,No,28.6,1
52,Female,153.5,69.3,124.0,64.0,220.0,135.0,42.0,80.0,119.0,No,Former,Never,98.0,No,Yes,29.41,1
18,Female,162.6,54.1,95.0,75.0,171.0,97.0,47.0,91.0,106.0,No,Never,Occasionally,73.0,No,No,20.46,0
79,Female,166.4,69.4,142.0,84.0,171.0,94.0,47.0,130.0,90.0,No,Never,Frequently,4.0,No,Yes,25.06,0
42,Female,158.7,84.2,85.0,89.0,194.0,129.0,54.0,309.0,83.0,No,Never,Occasionally,132.0,No,No,33.43,0
78,Female,154.9,55.9,154.0,94.0,197.0,124.0,78.0,78.0,65.0,Yes,Never,Occasionally,30.0,No,Yes,23.3,1
43,Male,172.7,79.2,140.0,79.0,207.0,126.0,57.0,164.0,120.0,No,Never,Frequently,207.0,Yes,No,26.55,0
19,Female,157.6,65.8,116.0,67.0,214.0,114.0,48.0,77.0,107.0,No,Never,Occasionally,54.0,Yes,No,26.49,0
33,Male,173.6,58.4,114.0,76.0,178.0,93.0,61.0,73.0,128.0,No,Former,Occasionally,77.0,No,No,19.38,0
70,Male,183.3,94.0,122.0,61.0,224.0,119.0,57.0,81.0,78.0,No,Never,Never,322.0,No,No,27.98,0
25,Female,160.7,55.3,105.0,74.0,148.0,74.0,46.0,146.0,74.0,No,Former,Never,97.0,No,No,21.41,0
80,Male,159.8,122.7,137.0,93.0,224.0,133.0,46.0,133.0,94.0,No,Never,Never,0.0,No,No,48.05,1
50,Male,185.2,62.5,116.0,82.0,209.0,100.0,34.0,86.0,81.0,No,Never,Occasionally,239.0,Yes,No,18.22,0
54,Female,166.5,74.9,126.0,70.0,205.0,100.0,73.0,136.0,93.0,No,Former,Occasionally,80.0,Yes,No,27.02,0
67,Male,169.4,93.7,147.0,86.0,243.0,144.0,17.0,180.0,98.0,No,Current,Never,75.0,No,No,32.65,1
83,Female,154.2,55.4,131.0,84.0,196.0,103.0,47.0,146.0,87.0,Yes,Never,Occasionally,256.0,Yes,No,23.3,0
39,Female,163.4,74.4,147.0,82.0,209.0,138.0,61.0,92.0,112.0,No,Never,Never,124.0,Yes,No,27.87,0
41,Other,158.4,60.3,102.0,80.0,241.0,107.0,42.0,364.0,78.0,No,Never,Occasionally,213.0,No,No,24.03,0
49,Male,178.4,71.6,148.0,78.0,234.0,130.0,53.0,47.0,101.0,No,Never,Never,186.0,No,No,22.5,0
23,Male,174.9,65.8,104.0,73.0,184.0,115.0,39.0,85.0,95.0,No,Current,Occasionally,184.0,No,No,21.51,0
31,Female,166.5,58.5,89.0,81.0,188.0,86.0,43.0,264.0,104.0,No,Never,Never,23.0,No,No,21.1,0
41,Female,160.9,63.0,127.0,72.0,212.0,105.0,39.0,147.0,96.0,No,Never,Occasionally,111.0,No,No,24.33,0
74,Male,170.4,64.3,117.0,83.0,252.0,164.0,35.0,180.0,118.0,Yes,Never,Never,329.0,Yes,No,22.14,0
49,Male,170.0,72.1,119.0,82.0,165.0,106.0,32.0,237.0,121.0,No,Former,Occasionally,141.0,Yes,No,24.95,0
60,Female,159.3,68.8,130.0,85.0,200.0,113.0,49.0,175.0,83.0,No,Never,Occasionally,179.0,No,No,27.11,0
69,Female,149.2,63.3,122.0,81.0,165.0,122.0,75.0,97.0,100.0,No,Current,Frequently,74.0,Yes,No,28.44,0
19,Female,158.1,84.2,155.0,91.0,218.0,111.0,43.0,133.0,97.0,No,Never,Occasionally,0.0,No,No,33.69,0
51,Female,152.2,68.5,130.0,75.0,219.0,122.0,73.0,107.0,61.0,No,Never,Occasionally,0.0,No,No,29.57,0
48,Female,180.7,89.4,95.0,82.0,230.0,128.0,78.0,134.0,90.0,No,Former,Occasionally,154.0,No,No,27.38,0
73,Female,158.5,55.9,123.0,81.0,169.0,94.0,38.0,92.0,92.0,No,Never,Never,111.0,No,No,22.25,0
38,Female,156.7,38.0,133.0,75.0,214.0,115.0,54.0,135.0,115.0,No,Former,Occasionally,14.0,No,No,15.48,0
67,Female,150.0,91.7,124.0,89.0,301.0,193.0,44.0,80.0,70.0,No,Never,Never,172.0,No,Yes,40.76,0
25,Female,163.3,70.0,114.0,66.0,181.0,101.0,44.0,83.0,113.0,No,Never,Never,95.0,No,No,26.25,0
64,Male,162.2,84.8,141.0,78.0,197.0,93.0,51.0,122.0,94.0,No,Former,Occasionally,423.0,Yes,No,32.23,0
70,Male,177.2,91.7,137.0,89.0,169.0,95.0,55.0,114.0,113.0,Yes,Never,Occasionally,189.0,No,No,29.2,0
69,Male,165.2,86.7,153.0,74.0,198.0,106.0,34.0,136.0,77.0,No,Never,Occasionally,152.0,No,Yes,31.77,0
42,Male,175.6,89.6,128.0,84.0,190.0,142.0,58.0,79.0,79.0,No,Never,Occasionally,184.0,Yes,No,29.06,0
53,Male,179.7,81.5,146.0,71.0,204.0,106.0,52.0,95.0,73.0,No,Never,Occasionally,137.0,Yes,No,25.24,0
49,Male,164.2,60.0,125.0,79.0,155.0,96.0,65.0,57.0,74.0,No,Never,Occasionally,108.0,Yes,No,22.25,0
27,Male,172.4,74.7,123.0,77.0,209.0,151.0,29.0,144.0,81.0,No,Never,Frequently,357.0,No,No,25.13,0
60,Male,175.5,86.5,126.0,78.0,210.0,111.0,45.0,137.0,111.0,No,Never,Occasionally,105.0,Yes,No,28.08,0
56,Male,171.6,70.8,108.0,83.0,277.0,154.0,67.0,205.0,67.0,No,Current,Occasionally,163.0,No,No,24.04,0
61,Female,163.0,79.5,113.0,101.0,166.0,95.0,56.0,125.0,100.0,No,Never,Never,188.0,Yes,No,29.92,0
83,Male,179.3,70.9,130.0,85.0,234.0,157.0,56.0,91.0,131.0,No,Current,Occasionally,251.0,No,No,22.05,1
60,Male,169.0,93.5,122.0,81.0,220.0,117.0,42.0,104.0,82.0,No,Never,Occasionally,49.0,No,No,32.74,0
54,Male,176.1,54.6,135.0,93.0,224.0,100.0,48.0,235.0,89.0,No,Current,Occasionally,201.0,No,No,17.61,0
82,Male,176.5,95.6,119.0,79.0,223.0,119.0,41.0,191.0,114.0,No,Never,Occasionally,160.0,No,No,30.69,0
71,Male,178.0,88.5,99.0,65.0,172.0,109.0,43.0,146.0,78.0,No,Never,Never,152.0,No,No,27.93,0
36,Female,150.4,51.0,107.0,85.0,169.0,102.0,67.0,210.0,74.0,No,Current,Occasionally,43.0,Yes,No,22.55,0
56,Female,173.6,85.7,153.0,86.0,232.0,157.0,45.0,103.0,124.0,Yes,Never,Occasionally,146.0,No,Yes,28.44,0
81,Male,171.7,103.6,140.0,72.0,234.0,146.0,53.0,149.0,59.0,Yes,Never,Occasionally,207.0,Yes,Yes,35.14,1
32,Female,160.8,65.6,119.0,80.0,199.0,119.0,51.0,155.0,96.0,No,Former,Frequently,88.0,No,No,25.37,0
36,Female,147.0,52.1,100.0,63.0,187.0,101.0,66.0,123.0,103.0,No,Never,Never,302.0,No,No,24.11,0
70,Female,171.2,63.4,157.0,70.0,173.0,75.0,35.0,55.0,80.0,No,Current,Never,170.0,No,Yes,21.63,1
76,Male,175.2,66.6,151.0,74.0,175.0,107.0,68.0,69.0,94.0,No,Current,Occasionally,105.0,No,No,21.7,0
33,Male,180.4,72.0,121.0,94.0,154.0,84.0,37.0,194.0,112.0,No,Former,Occasionally,261.0,No,No,22.12,0
68,Female,169.1,66.3,136.0,80.0,222.0,153.0,59.0,182.0,118.0,No,Current,Occasionally,119.0,No,No,23.19,0
68,Female,164.4,75.6,131.0,77.0,187.0,121.0,45.0,181.0,94.0,Yes,Never,Occasionally,255.0,No,No,27.97,1
48,Female,168.3,55.0,127.0,88.0,180.0,82.0,43.0,156.0,95.0,No,Former,Never,345.0,No,No,19.42,0
42,Male,187.4,80.2,127.0,89.0,256.0,193.0,56.0,138.0,104.0,No,Never,Occasionally,43.0,Yes,No,22.84,1
22,Male,168.5,111.4,127.0,85.0,167.0,149.0,57.0,174.0,85.0,No,Never,Never,0.0,No,No,39.24,0
74,Male,167.7,60.4,138.0,94.0,240.0,110.0,58.0,174.0,65.0,No,Current,Occasionally,216.0,No,Yes,21.48,0
65,Male,177.6,99.7,135.0,70.0,170.0,96.0,55.0,121.0,93.0,No,Never,Never,152.0,No,No,31.61,0
65,Female,148.2,74.5,135.0,87.0,228.0,124.0,79.0,130.0,75.0,No,Current,Frequently,32.0,No,Yes,33.92,1
50,Female,172.2,78.3,100.0,65.0,144.0,79.0,45.0,118.0,92.0,No,Never,Frequently,289.0,Yes,No,26.41,0
27,Male,178.7,81.7,122.0,79.0,206.0,115.0,67.0,244.0,72.0,No,Never,Never,223.0,Yes,No,25.58,0
59,Male,151.3,89.7,138.0,72.0,149.0,92.0,33.0,308.0,90.0,No,Never,Never,306.0,Yes,No,39.18,0
66,Female,157.8,82.1,157.0,100.0,186.0,96.0,46.0,110.0,99.0,No,Never,Frequently,278.0,Yes,No,32.97,0
74,Male,170.8,94.2,141.0,89.0,122.0,66.0,37.0,212.0,98.0,No,Never,Never,179.0,No,No,32.29,0
60,Male,185.9,59.3,105.0,87.0,224.0,135.0,54.0,84.0,98.0,No,Current,Never,197.0,No,No,17.16,0
56,Female,155.8,81.7,152.0,87.0,205.0,135.0,76.0,234.0,93.0,No,Never,Never,195.0,Yes,No,33.66,1
39,Female,168.5,65.9,115.0,77.0,229.0,121.0,55.0,121.0,95.0,No,Current,Occasionally,79.0,Yes,No,23.21,0
52,Female,168.0,69.7,123.0,56.0,165.0,90.0,55.0,125.0,85.0,No,Never,Occasionally,89.0,No,No,24.7,0
75,Male,159.5,89.7,144.0,84.0,285.0,178.0,15.0,86.0,90.0,No,Current,Occasionally,0.0,No,Yes,35.26,1
24,Female,166.7,78.4,108.0,80.0,265.0,159.0,37.0,261.0,107.0,No,Former,Occasionally,159.0,No,No,28.21,0
60,Male,182.8,75.7,125.0,63.0,214.0,131.0,52.0,81.0,85.0,No,Never,Occasionally,198.0,No,No,22.65,0
35,Male,178.4,95.5,115.0,87.0,268.0,134.0,71.0,38.0,84.0,No,Current,Occasionally,224.0,No,No,30.01,0
30,Male,168.3,91.0,105.0,78.0,188.0,131.0,32.0,117.0,128.0,No,Never,Frequently,76.0,No,No,32.13,0
52,Male,189.3,64.8,130.0,85.0,159.0,84.0,58.0,59.0,107.0,No,Never,Never,37.0,Yes,No,18.08,0
35,Female,140.6,84.3,155.0,87.0,193.0,103.0,76.0,99.0,75.0,No,Never,Occasionally,169.0,No,Yes,42.64,1
49,Female,168.6,70.2,104.0,73.0,139.0,56.0,49.0,116.0,66.0,No,Never,Occasionally,127.0,No,No,24.7,0
73,Male,173.9,93.2,150.0,78.0,230.0,134.0,55.0,127.0,110.0,No,Former,Never,81.0,No,No,30.82,0
49,Female,143.0,50.5,111.0,92.0,153.0,86.0,62.0,201.0,77.0,No,Former,Occasionally,51.0,No,No,24.7,0
32,Male,170.1,82.3,150.0,67.0,220.0,119.0,63.0,164.0,101.0,No,Never,Occasionally,27.0,No,No,28.44,0
53,Male,186.5,71.3,121.0,91.0,213.0,145.0,35.0,242.0,105.0,No,Never,Occasionally,255.0,No,No,20.5,0
21,Female,165.0,77.3,108.0,91.0,171.0,97.0,45.0,112.0,87.0,No,Never,Occasionally,0.0,No,No,28.39,0
63,Male,176.9,82.1,150.0,82.0,234.0,107.0,28.0,136.0,124.0,Yes,Current,Occasionally,163.0,No,No,26.24,0
31,Female,153.3,64.0,98.0,75.0,206.0,137.0,69.0,174.0,120.0,No,Never,Occasionally,37.0,No,No,27.23,0
62,Female,167.4,65.7,137.0,67.0,172.0,109.0,34.0,131.0,96.0,No,Former,Never,53.0,No,No,23.45,0
28,Female,167.6,56.6,122.0,76.0,174.0,96.0,53.0,78.0,102.0,No,Current,Occasionally,202.0,No,No,20.15,0
57,Female,165.9,50.4,109.0,75.0,261.0,166.0,42.0,129.0,98.0,No,Former,Frequently,39.0,No,No,18.31,0
85,Male,147.3,107.3,149.0,81.0,201.0,96.0,42.0,79.0,93.0,No,Never,Never,119.0,No,No,49.45,0
68,Male,173.0,84.0,136.0,81.0,208.0,131.0,50.0,66.0,91.0,No,Current,Occasionally,68.0,No,No,28.07,0
80,Male,171.9,89.5,117.0,84.0,263.0,108.0,25.0,84.0,95.0,No,Current,Occasionally,188.0,No,Yes,30.29,1
80,Female,157.8,65.1,140.0,98.0,177.0,125.0,47.0,85.0,131.0,Yes,Never,Occasionally,294.0,No,No,26.14,0
57,Female,163.2,91.2,135.0,85.0,199.0,131.0,61.0,71.0,80.0,No,Never,Occasionally,166.0,No,No,34.24,0
83,Male,170.0,74.5,141.0,69.0,247.0,158.0,30.0,102.0,88.0,No,Former,Occasionally,278.0,No,Yes,25.78,1
46,Male,162.9,100.3,126.0,76.0,175.0,112.0,47.0,127.0,94.0,No,Never,Occasionally,136.0,No,No,37.8,0
52,Female,159.4,74.6,131.0,93.0,217.0,108.0,78.0,126.0,108.0,No,Never,Occasionally,78.0,No,No,29.36,0
59,Male,173.5,76.4,109.0,102.0,164.0,118.0,51.0,145.0,67.0,No,Current,Never,175.0,Yes,No,25.38,0
49,Male,177.9,86.5,105.0,100.0,152.0,98.0,47.0,167.0,126.0,No,Never,Never,304.0,No,No,27.33,0
77,Male,176.9,85.9,152.0,103.0,255.0,150.0,39.0,181.0,85.0,Yes,Never,Frequently,148.0,No,No,27.45,1
26,Female,164.5,56.4,105.0,62.0,228.0,110.0,64.0,120.0,85.0,No,Never,Frequently,208.0,No,No,20.84,0
82,Male,176.5,93.9,145.0,85.0,141.0,90.0,49.0,126.0,91.0,No,Former,Occasionally,180.0,No,No,30.14,0
63,Male,166.8,43.2,108.0,87.0,215.0,114.0,44.0,151.0,86.0,No,Current,Never,261.0,No,No,15.53,0
62,Female,160.3,72.5,142.0,88.0,224.0,153.0,65.0,84.0,64.0,No,Current,Occasionally,158.0,Yes,No,28.21,0
28,Female,169.5,70.0,102.0,72.0,190.0,135.0,61.0,111.0,85.0,No,Never,Occasionally,172.0,No,No,24.36,0
69,Female,141.9,67.2,131.0,89.0,168.0,101.0,45.0,170.0,101.0,No,Never,Occasionally,297.0,Yes,No,33.37,0
79,Male,179.5,84.5,131.0,68.0,133.0,56.0,25.0,99.0,89.0,Yes,Current,Never,93.0,No,No,26.23,1
45,Male,176.8,57.2,135.0,69.0,248.0,162.0,45.0,99.0,75.0,No,Current,Never,168.0,No,No,18.3,0
77,Female,165.3,83.7,135.0,87.0,293.0,164.0,31.0,64.0,107.0,No,Former,Occasionally,65.0,No,Yes,30.63,1
28,Female,163.7,69.7,90.0,86.0,185.0,102.0,65.0,69.0,112.0,No,Current,Occasionally,42.0,No,No,26.01,0
58,Male,166.3,94.6,158.0,83.0,182.0,109.0,38.0,42.0,110.0,No,Former,Frequently,20.0,No,No,34.21,0
41,Female,158.3,47.0,90.0,83.0,253.0,141.0,55.0,187.0,93.0,No,Former,Occasionally,289.0,No,No,18.76,0
37,Male,177.1,71.6,115.0,71.0,217.0,121.0,53.0,151.0,75.0,No,Current,Frequently,66.0,No,No,22.83,0
70,Female,157.4,78.5,133.0,77.0,252.0,183.0,58.0,345.0,111.0,No,Former,Occasionally,218.0,No,No,31.69,0
25,Female,161.6,74.3,95.0,85.0,168.0,94.0,50.0,172.0,83.0,No,Never,Occasionally,33.0,No,No,28.45,0
83,Male,187.0,64.2,130.0,93.0,215.0,150.0,22.0,84.0,74.0,No,Never,Occasionally,259.0,No,No,18.36,0
81,Female,170.1,63.9,126.0,86.0,166.0,84.0,74.0,85.0,73.0,No,Never,Never,268.0,No,No,22.08,0
50,Female,174.2,63.9,114.0,71.0,220.0,151.0,55.0,117.0,99.0,Yes,Never,Occasionally,160.0,No,No,21.06,0
61,Female,170.7,72.0,149.0,113.0,144.0,84.0,42.0,131.0,104.0,No,Never,Occasionally,336.0,Yes,No,24.71,0
65,Male,162.3,95.0,142.0,88.0,207.0,108.0,41.0,60.0,144.0,Yes,Never,Occasionally,202.0,No,No,36.07,1
32,Male,167.3,94.0,135.0,84.0,190.0,90.0,55.0,55.0,118.0,No,Former,Occasionally,177.0,No,No,33.58,0
66,Male,184.2,52.5,132.0,75.0,190.0,128.0,30.0,224.0,81.0,No,Never,Occasionally,157.0,No,No,15.47,0
40,Male,171.0,68.7,135.0,87.0,164.0,91.0,34.0,193.0,85.0,No,Never,Occasionally,218.0,No,No,23.49,0
72,Female,164.9,90.7,133.0,88.0,230.0,117.0,42.0,104.0,66.0,No,Never,Occasionally,187.0,No,Yes,33.36,1
74,Male,171.2,67.5,143.0,73.0,226.0,143.0,42.0,174.0,114.0,No,Current,Never,281.0,No,Yes,23.03,0
28,Female,153.3,90.0,111.0,85.0,189.0,122.0,48.0,138.0,81.0,No,Current,Never,34.0,No,No,38.3,0
41,Female,157.7,49.5,113.0,83.0,177.0,98.0,73.0,70.0,100.0,No,Current,Occasionally,62.0,No,No,19.9,0
30,Female,167.3,62.4,115.0,69.0,147.0,77.0,53.0,136.0,128.0,No,Never,Never,317.0,No,No,22.29,0
27,Other,155.8,76.2,113.0,76.0,195.0,102.0,72.0,102.0,111.0,No,Current,Frequently,131.0,No,No,31.39,0
50,Male,179.9,68.0,112.0,84.0,189.0,101.0,43.0,135.0,78.0,No,Former,Never,218.0,Yes,No,21.01,0
85,Male,166.4,95.2,141.0,83.0,192.0,82.0,46.0,196.0,125.0,Yes,Never,Frequently,94.0,No,No,34.38,0
78,Male,175.2,71.7,169.0,106.0,202.0,81.0,55.0,65.0,110.0,Yes,Current,Never,255.0,Yes,No,23.36,1
25,Female,160.7,73.7,91.0,66.0,214.0,115.0,71.0,120.0,126.0,No,Never,Frequently,53.0,No,No,28.54,0
70,Female,163.1,58.7,152.0,87.0,228.0,168.0,49.0,35.0,96.0,Yes,Former,Frequently,154.0,No,Yes,22.07,1
85,Female,163.5,73.6,136.0,87.0,151.0,120.0,70.0,218.0,66.0,Yes,Never,Occasionally,171.0,Yes,Yes,27.53,1
39,Other,158.1,44.9,115.0,95.0,182.0,95.0,48.0,88.0,102.0,No,Current,Frequently,160.0,No,No,17.96,0
20,Female,158.0,71.7,140.0,81.0,165.0,96.0,48.0,139.0,77.0,No,Former,Occasionally,176.0,No,No,28.72,0
33,Male,173.4,77.9,116.0,97.0,139.0,81.0,66.0,78.0,94.0,No,Never,Never,375.0,Yes,No,25.91,0
54,Male,169.4,54.3,104.0,70.0,194.0,147.0,39.0,54.0,73.0,No,Former,Occasionally,0.0,Yes,No,18.92,0
33,Female,178.7,48.3,115.0,77.0,200.0,126.0,53.0,68.0,67.0,No,Never,Occasionally,189.0,Yes,No,15.13,0
85,Male,162.1,98.1,128.0,81.0,203.0,105.0,29.0,90.0,95.0,No,Current,Never,88.0,No,No,37.33,0
66,Female,171.1,58.2,124.0,78.0,134.0,63.0,45.0,95.0,71.0,No,Never,Never,173.0,Yes,No,19.88,0
85,Female,170.0,84.8,153.0,100.0,258.0,154.0,55.0,223.0,96.0,Yes,Never,Occasionally,171.0,No,Yes,29.34,1
82,Male,183.6,84.2,143.0,68.0,173.0,129.0,20.0,251.0,55.0,Yes,Former,Never,0.0,No,Yes,24.98,0
65,Male,173.2,103.3,127.0,95.0,258.0,137.0,72.0,130.0,104.0,Yes,Current,Never,0.0,Yes,No,34.44,1
76,Female,153.6,51.8,151.0,73.0,238.0,143.0,72.0,190.0,58.0,No,Never,Never,255.0,No,Yes,21.96,1
35,Female,173.2,67.2,112.0,73.0,185.0,127.0,49.0,93.0,83.0,No,Never,Occasionally,11.0,Yes,No,22.4,0
20,Male,176.0,78.2,127.0,85.0,215.0,109.0,42.0,76.0,73.0,No,Never,Occasionally,281.0,No,No,25.25,0
68,Male,168.6,103.3,150.0,90.0,245.0,179.0,27.0,115.0,101.0,No,Former,Occasionally,164.0,No,Yes,36.34,1
63,Male,175.6,94.6,150.0,78.0,278.0,168.0,53.0,169.0,78.0,No,Former,Occasionally,117.0,Yes,No,30.68,1
81,Male,166.8,92.2,150.0,84.0,182.0,114.0,50.0,198.0,55.0,No,Former,Frequently,113.0,No,No,33.14,1
30,Male,164.7,52.7,109.0,89.0,198.0,111.0,40.0,143.0,81.0,No,Former,Never,0.0,No,No,19.43,0
39,Male,158.4,77.5,133.0,92.0,158.0,73.0,52.0,419.0,95.0,No,Current,Occasionally,166.0,No,No,30.89,0
38,Female,160.1,71.4,134.0,75.0,171.0,120.0,58.0,134.0,95.0,No,Current,Frequently,344.0,No,No,27.86,0
35,Male,182.9,84.0,95.0,83.0,224.0,134.0,53.0,222.0,106.0,No,Former,Occasionally,66.0,No,No,25.11,1
61,Male,176.7,110.6,139.0,75.0,179.0,99.0,39.0,100.0,108.0,Yes,Never,Occasionally,205.0,No,No,35.42,0
50,Female,150.3,98.4,170.0,80.0,268.0,116.0,37.0,111.0,93.0,Yes,Never,Occasionally,0.0,Yes,No,43.56,1
28,Female,164.9,66.5,146.0,77.0,200.0,138.0,62.0,71.0,79.0,No,Never,Occasionally,90.0,No,No,24.46,0
54,Male,175.2,50.2,124.0,74.0,160.0,100.0,53.0,131.0,103.0,No,Never,Never,169.0,No,No,16.35,0
52,Other,158.8,69.1,130.0,78.0,125.0,70.0,42.0,86.0,91.0,No,Former,Occasionally,197.0,Yes,No,27.4,0
75,Female,162.1,67.2,162.0,102.0,237.0,157.0,23.0,107.0,82.0,No,Current,Occasionally,207.0,No,No,25.57,0
35,Female,175.2,66.4,140.0,64.0,205.0,101.0,40.0,69.0,100.0,No,Never,Never,222.0,No,No,21.63,0
70,Female,161.9,69.3,135.0,90.0,283.0,145.0,34.0,140.0,86.0,No,Current,Occasionally,332.0,No,Yes,26.44,0
67,Male,176.6,94.2,142.0,76.0,236.0,126.0,33.0,191.0,98.0,No,Current,Never,97.0,No,Yes,30.2,1
56,Male,167.2,67.1,155.0,72.0,197.0,104.0,24.0,199.0,118.0,No,Never,Never,170.0,No,No,24.0,0
33,Male,168.4,67.1,123.0,75.0,184.0,101.0,24.0,126.0,113.0,No,Never,Never,182.0,No,No,23.66,0
74,Female,153.9,61.5,158.0,93.0,174.0,79.0,48.0,71.0,114.0,No,Never,Occasionally,99.0,Yes,No,25.97,0
69,Male,169.2,67.2,121.0,79.0,289.0,155.0,62.0,136.0,57.0,No,Never,Occasionally,36.0,No,Yes,23.47,1
77,Female,171.4,65.1,116.0,94.0,252.0,115.0,52.0,323.0,118.0,No,Never,Never,223.0,No,Yes,22.16,1
66,Female,155.5,80.2,142.0,82.0,210.0,120.0,61.0,139.0,85.0,No,Never,Never,236.0,No,No,33.17,1
53,Male,177.8,71.4,122.0,76.0,163.0,85.0,38.0,163.0,80.0,No,Current,Never,0.0,No,No,22.59,0
32,Male,195.3,86.5,154.0,84.0,296.0,221.0,39.0,152.0,96.0,No,Never,Occasionally,48.0,No,No,22.68,0
49,Female,163.9,79.2,121.0,81.0,218.0,142.0,65.0,134.0,116.0,No,Never,Never,85.0,No,Yes,29.48,1
79,Male,178.7,104.8,162.0,78.0,212.0,131.0,30.0,95.0,128.0,Yes,Never,Frequently,218.0,No,No,32.82,0
50,Male,175.8,60.4,148.0,84.0,90.0,64.0,47.0,148.0,71.0,No,Never,Occasionally,163.0,No,No,19.54,0
77,Female,152.4,88.4,147.0,100.0,164.0,74.0,45.0,121.0,94.0,No,Current,Occasionally,174.0,No,No,38.06,0
54,Male,180.0,74.7,151.0,91.0,175.0,118.0,38.0,60.0,98.0,No,Never,Never,110.0,No,No,23.06,0
35,Male,162.6,97.2,115.0,72.0,219.0,115.0,37.0,127.0,75.0,No,Never,Never,322.0,No,No,36.76,0
80,Female,157.4,98.9,126.0,86.0,225.0,120.0,54.0,116.0,77.0,No,Never,Never,8.0,No,No,39.92,0
47,Female,171.8,76.2,109.0,84.0,112.0,57.0,62.0,120.0,103.0,No,Never,Occasionally,99.0,No,No,25.82,0
20,Male,165.8,67.3,119.0,89.0,160.0,94.0,58.0,196.0,93.0,No,Never,Frequently,0.0,Yes,No,24.48,0
40,Male,168.4,78.1,137.0,77.0,193.0,116.0,42.0,115.0,88.0,No,Never,Occasionally,46.0,No,No,27.54,1
50,Female,159.3,64.9,132.0,94.0,189.0,120.0,81.0,92.0,143.0,No,Current,Never,207.0,Yes,No,25.57,0
75,Male,168.0,73.8,158.0,97.0,257.0,157.0,71.0,82.0,97.0,No,Never,Never,138.0,No,No,26.15,0
65,Female,170.0,55.2,126.0,63.0,213.0,101.0,43.0,121.0,103.0,No,Former,Never,49.0,No,No,19.1,0
73,Female,156.2,63.0,98.0,99.0,167.0,113.0,81.0,142.0,109.0,No,Former,Never,239.0,No,No,25.82,0
58,Female,151.3,85.1,141.0,85.0,220.0,127.0,65.0,143.0,100.0,No,Current,Never,187.0,No,No,37.18,0
60,Male,161.5,76.2,137.0,72.0,172.0,76.0,32.0,124.0,79.0,No,Never,Occasionally,32.0,Yes,No,29.22,0
57,Male,170.7,106.3,157.0,86.0,179.0,116.0,39.0,112.0,112.0,No,Former,Never,0.0,No,No,36.48,0
18,Male,174.2,61.0,96.0,66.0,159.0,88.0,61.0,139.0,85.0,No,Never,Occasionally,300.0,No,No,20.1,0
48,Male,163.2,92.3,141.0,80.0,220.0,125.0,66.0,115.0,106.0,No,Current,Occasionally,212.0,No,No,34.65,0
68,Female,168.4,59.8,116.0,99.0,186.0,118.0,35.0,131.0,95.0,No,Former,Frequently,178.0,No,Yes,21.09,0
70,Male,169.3,66.3,166.0,73.0,113.0,48.0,42.0,153.0,123.0,No,Never,Occasionally,0.0,No,No,23.13,1
54,Female,175.1,53.6,135.0,78.0,133.0,91.0,65.0,185.0,100.0,No,Never,Never,97.0,No,No,17.48,0
74,Male,189.1,72.3,127.0,87.0,132.0,79.0,59.0,141.0,108.0,No,Former,Occasionally,66.0,No,No,20.22,0
55,Male,170.7,100.3,107.0,76.0,161.0,87.0,32.0,197.0,99.0,No,Never,Occasionally,0.0,No,No,34.42,0
67,Male,179.9,55.9,115.0,75.0,226.0,149.0,35.0,190.0,123.0,No,Never,Occasionally,301.0,No,No,17.27,0
27,Male,174.2,82.3,95.0,79.0,139.0,50.0,29.0,127.0,105.0,No,Never,Never,248.0,No,No,27.12,0
27,Male,164.0,53.2,101.0,48.0,182.0,115.0,48.0,127.0,93.0,No,Former,Occasionally,35.0,No,No,19.78,0
46,Male,186.5,85.1,126.0,75.0,164.0,87.0,55.0,108.0,81.0,No,Never,Occasionally,175.0,No,No,24.47,0
66,Female,156.3,56.2,137.0,83.0,185.0,94.0,49.0,115.0,65.0,No,Never,Occasionally,233.0,No,No,23.0,0
20,Male,170.4,84.7,98.0,71.0,186.0,120.0,34.0,167.0,110.0,No,Current,Never,140.0,No,No,29.17,0
48,Male,177.1,93.5,98.0,74.0,192.0,130.0,49.0,111.0,118.0,No,Former,Occasionally,119.0,No,No,29.81,0
29,Female,156.0,52.5,106.0,59.0,137.0,77.0,36.0,133.0,55.0,No,Never,Occasionally,187.0,Yes,No,21.57,0
19,Female,172.8,86.7,132.0,61.0,210.0,112.0,45.0,129.0,102.0,No,Never,Never,215.0,No,No,29.04,0
35,Female,160.1,76.4,124.0,69.0,171.0,125.0,62.0,127.0,91.0,Yes,Never,Occasionally,249.0,No,No,29.81,0
29,Female,158.0,60.6,128.0,79.0,201.0,143.0,65.0,269.0,94.0,No,Never,Occasionally,245.0,No,No,24.27,1
25,Female,162.3,86.5,110.0,82.0,232.0,141.0,67.0,86.0,116.0,No,Never,Never,77.0,No,No,32.84,0
32,Male,177.7,55.8,100.0,78.0,160.0,75.0,24.0,119.0,105.0,No,Former,Never,85.0,No,No,17.67,0
23,Female,176.4,86.0,121.0,82.0,141.0,85.0,47.0,191.0,64.0,No,Never,Frequently,194.0,Yes,No,27.64,0
72,Female,164.4,56.8,116.0,79.0,190.0,107.0,68.0,93.0,111.0,No,Never,Never,30.0,Yes,No,21.02,0
26,Male,176.7,71.4,112.0,81.0,209.0,126.0,51.0,205.0,110.0,No,Former,Occasionally,170.0,Yes,No,22.87,0
56,Female,150.9,85.6,148.0,70.0,218.0,133.0,76.0,54.0,105.0,No,Former,Occasionally,143.0,No,No,37.59,0
73,Male,167.7,93.6,159.0,90.0,169.0,100.0,51.0,136.0,85.0,No,Never,Never,141.0,No,No,33.28,0
83,Female,169.4,38.0,152.0,93.0,236.0,143.0,53.0,83.0,80.0,Yes,Current,Occasionally,186.0,No,No,13.24,0
59,Female,165.2,82.0,149.0,95.0,157.0,99.0,77.0,134.0,111.0,No,Former,Occasionally,258.0,No,No,30.05,0
40,Female,159.4,61.4,158.0,79.0,190.0,117.0,76.0,112.0,123.0,No,Never,Frequently,69.0,No,No,24.17,0
83,Male,174.4,91.6,120.0,73.0,181.0,110.0,54.0,106.0,56.0,No,Never,Occasionally,99.0,No,No,30.12,0
36,Female,162.6,47.3,115.0,84.0,148.0,106.0,49.0,70.0,81.0,No,Former,Never,46.0,No,No,17.89,0
81,Female,140.0,65.2,135.0,64.0,238.0,122.0,72.0,66.0,98.0,No,Never,Frequently,219.0,No,No,33.27,1
85,Male,179.2,88.7,128.0,89.0,214.0,99.0,54.0,120.0,78.0,No,Never,Never,152.0,No,No,27.62,0
70,Male,172.6,106.1,164.0,73.0,217.0,101.0,42.0,139.0,90.0,No,Never,Occasionally,8.0,No,Yes,35.62,1
22,Male,162.0,69.1,123.0,85.0,256.0,102.0,37.0,123.0,125.0,No,Never,Never,166.0,No,Yes,26.33,1
66,Male,169.9,94.3,134.0,101.0,219.0,122.0,66.0,97.0,95.0,No,Never,Occasionally,3.0,No,No,32.67,0
63,Male,180.1,52.0,138.0,84.0,235.0,129.0,62.0,92.0,104.0,No,Current,Never,117.0,Yes,Yes,16.03,1
70,Male,178.8,98.2,136.0,85.0,220.0,118.0,35.0,95.0,104.0,No,Never,Occasionally,131.0,No,No,30.72,0
64,Male,172.0,38.0,115.0,98.0,199.0,140.0,47.0,113.0,107.0,No,Never,Occasionally,242.0,Yes,No,12.84,0
53,Female,157.1,55.3,95.0,48.0,178.0,117.0,35.0,167.0,66.0,No,Never,Never,60.0,Yes,No,22.41,0
54,Male,169.9,81.8,146.0,85.0,176.0,83.0,15.0,220.0,103.0,No,Current,Never,137.0,Yes,Yes,28.34,1
32,Male,162.8,99.4,132.0,72.0,192.0,70.0,15.0,127.0,118.0,No,Never,Never,10.0,Yes,No,37.5,1
70,Female,164.2,75.9,152.0,61.0,224.0,154.0,55.0,137.0,128.0,No,Never,Occasionally,131.0,No,No,28.15,0
51,Male,167.8,57.4,139.0,73.0,205.0,103.0,42.0,203.0,106.0,No,Never,Frequently,269.0,Yes,No,20.39,0
53,Male,178.3,72.1,113.0,83.0,154.0,72.0,52.0,117.0,97.0,No,Former,Occasionally,177.0,Yes,No,22.68,0
44,Female,157.9,74.8,149.0,69.0,158.0,83.0,75.0,106.0,93.0,No,Current,Never,105.0,Yes,No,30.0,1
42,Male,177.9,55.5,117.0,83.0,237.0,152.0,56.0,104.0,55.0,No,Former,Occasionally,122.0,No,No,17.54,0
47,Female,170.1,74.3,139.0,83.0,179.0,78.0,36.0,143.0,95.0,No,Never,Frequently,215.0,No,No,25.68,0
75,Male,174.6,98.7,135.0,92.0,213.0,124.0,74.0,124.0,102.0,Yes,Former,Occasionally,91.0,No,No,32.38,1
84,Female,165.4,68.7,139.0,94.0,185.0,112.0,41.0,100.0,64.0,Yes,Current,Occasionally,196.0,No,Yes,25.11,1
43,Female,144.2,60.3,116.0,89.0,209.0,125.0,62.0,159.0,82.0,No,Never,Occasionally,198.0,No,No,29.0,0
37,Female,160.3,50.9,116.0,73.0,197.0,150.0,47.0,80.0,85.0,No,Never,Occasionally,325.0,No,No,19.81,0
25,Male,168.0,82.2,92.0,84.0,187.0,112.0,52.0,147.0,103.0,Yes,Never,Occasionally,91.0,No,No,29.12,0
30,Male,167.4,74.0,114.0,87.0,128.0,77.0,38.0,107.0,77.0,No,Never,Never,98.0,No,No,26.41,0
84,Male,161.7,76.5,141.0,61.0,207.0,141.0,40.0,79.0,98.0,No,Former,Occasionally,286.0,No,Yes,29.26,0
27,Male,183.4,96.1,91.0,67.0,176.0,107.0,62.0,112.0,105.0,No,Former,Never,0.0,No,No,28.57,0
56,Other,162.3,51.5,119.0,70.0,213.0,129.0,51.0,75.0,88.0,No,Never,Occasionally,189.0,No,No,19.55,0
35,Male,181.0,83.2,103.0,80.0,150.0,102.0,60.0,124.0,55.0,No,Never,Never,203.0,No,No,25.4,0
46,Female,167.8,62.0,106.0,79.0,116.0,79.0,40.0,234.0,95.0,No,Current,Never,101.0,No,No,22.02,0
61,Other,147.0,78.2,136.0,83.0,249.0,145.0,22.0,113.0,91.0,No,Former,Occasionally,191.0,No,No,36.19,1
81,Female,161.9,62.8,155.0,85.0,216.0,102.0,43.0,102.0,98.0,No,Never,Occasionally,153.0,No,Yes,23.96,1
70,Male,172.6,77.0,156.0,90.0,236.0,117.0,48.0,63.0,134.0,Yes,Never,Never,317.0,No,Yes,25.85,1
85,Female,164.5,54.4,146.0,66.0,202.0,107.0,40.0,164.0,79.0,No,Former,Never,159.0,No,Yes,20.1,1
47,Male,164.0,76.3,127.0,80.0,196.0,108.0,35.0,131.0,108.0,No,Never,Occasionally,179.0,No,No,28.37,0
24,Male,174.6,84.1,125.0,64.0,102.0,65.0,58.0,274.0,79.0,No,Never,Occasionally,180.0,No,No,27.59,0
25,Female,176.5,90.8,110.0,83.0,199.0,115.0,65.0,249.0,122.0,No,Never,Occasionally,186.0,No,No,29.15,0
32,Male,171.5,82.5,137.0,78.0,169.0,87.0,33.0,43.0,99.0,No,Never,Never,205.0,Yes,No,28.05,0
68,Female,173.5,63.9,139.0,68.0,236.0,141.0,63.0,49.0,90.0,No,Former,Frequently,374.0,Yes,No,21.23,0
52,Male,173.4,77.7,102.0,80.0,230.0,116.0,33.0,89.0,98.0,No,Current,Occasionally,178.0,No,No,25.84,1
80,Female,150.9,63.9,161.0,81.0,206.0,137.0,61.0,172.0,76.0,No,Former,Never,298.0,Yes,No,28.06,0
54,Male,179.5,59.8,141.0,79.0,206.0,99.0,72.0,126.0,89.0,No,Former,Never,122.0,Yes,No,18.56,1
30,Female,149.8,52.3,117.0,77.0,278.0,183.0,63.0,138.0,88.0,No,Never,Occasionally,72.0,No,No,23.31,0
71,Male,183.0,82.0,110.0,80.0,190.0,93.0,50.0,87.0,105.0,No,Never,Never,58.0,No,No,24.49,0
56,Male,186.9,96.9,136.0,72.0,201.0,106.0,29.0,191.0,91.0,No,Former,Frequently,35.0,Yes,No,27.74,0
77,Female,177.5,61.6,150.0,83.0,198.0,90.0,59.0,63.0,80.0,No,Never,Frequently,55.0,No,Yes,19.55,0
56,Male,174.8,65.8,148.0,99.0,179.0,110.0,38.0,119.0,71.0,No,Never,Occasionally,4.0,Yes,No,21.53,0
21,Male,175.2,92.3,155.0,93.0,203.0,100.0,50.0,150.0,99.0,No,Former,Occasionally,111.0,No,No,30.07,0
80,Female,155.4,60.3,112.0,78.0,250.0,108.0,53.0,144.0,100.0,Yes,Never,Never,248.0,No,No,24.97,0
65,Male,170.4,59.0,126.0,74.0,187.0,78.0,32.0,173.0,87.0,No,Current,Frequently,145.0,No,No,20.32,0
76,Female,175.0,53.8,120.0,88.0,245.0,146.0,52.0,381.0,62.0,No,Former,Never,183.0,Yes,No,17.57,0
69,Male,169.8,89.0,125.0,65.0,321.0,154.0,64.0,135.0,102.0,Yes,Never,Never,154.0,No,No,30.87,0
67,Other,159.8,77.0,118.0,79.0,192.0,134.0,21.0,108.0,90.0,No,Never,Never,49.0,No,No,30.15,0
46,Male,179.6,108.4,132.0,90.0,184.0,90.0,55.0,183.0,101.0,No,Former,Occasionally,108.0,No,No,33.61,0
31,Female,167.3,82.6,113.0,68.0,252.0,141.0,80.0,200.0,114.0,No,Former,Frequently,122.0,No,No,29.51,0
82,Male,176.7,86.3,128.0,70.0,168.0,102.0,49.0,119.0,78.0,No,Current,Occasionally,154.0,Yes,No,27.64,0
68,Male,178.6,78.7,145.0,75.0,171.0,111.0,57.0,243.0,74.0,No,Never,Never,161.0,No,No,24.67,0
61,Female,175.3,48.2,109.0,69.0,211.0,132.0,38.0,224.0,102.0,No,Former,Occasionally,127.0,No,No,15.68,0
70,Male,168.7,97.3,130.0,89.0,196.0,131.0,38.0,91.0,79.0,No,Former,Occasionally,262.0,No,No,34.19,1
63,Female,165.4,64.7,132.0,90.0,143.0,91.0,50.0,91.0,113.0,No,Current,Frequently,472.0,Yes,No,23.65,1
71,Male,174.8,99.0,127.0,79.0,229.0,112.0,54.0,168.0,79.0,No,Never,Never,77.0,No,No,32.4,0
29,Male,176.4,58.2,97.0,73.0,119.0,64.0,44.0,127.0,72.0,No,Never,Never,130.0,No,No,18.7,0
25,Female,165.5,41.4,122.0,67.0,226.0,159.0,63.0,193.0,61.0,No,Never,Never,220.0,No,No,15.11,0
22,Male,173.7,75.4,119.0,66.0,184.0,94.0,47.0,92.0,105.0,No,Never,Frequently,205.0,No,No,24.99,0
72,Female,167.1,57.8,112.0,79.0,200.0,106.0,49.0,165.0,73.0,No,Former,Frequently,19.0,Yes,No,20.7,0
51,Female,161.6,50.0,129.0,62.0,186.0,115.0,50.0,79.0,92.0,No,Never,Occasionally,206.0,No,No,19.15,0
48,Male,173.0,70.8,123.0,62.0,260.0,142.0,55.0,105.0,92.0,No,Never,Never,204.0,No,No,23.66,0
20,Female,160.0,59.2,107.0,79.0,222.0,137.0,43.0,525.0,92.0,No,Former,Occasionally,0.0,No,No,23.12,0
58,Female,165.6,71.9,124.0,76.0,179.0,106.0,76.0,98.0,123.0,No,Former,Never,157.0,Yes,No,26.22,1
76,Female,172.8,51.6,148.0,65.0,159.0,88.0,53.0,95.0,67.0,No,Former,Never,112.0,No,No,17.28,0
79,Female,174.9,57.0,151.0,87.0,219.0,121.0,63.0,110.0,56.0,No,Former,Occasionally,148.0,No,No,18.63,1
62,Female,168.7,75.1,134.0,67.0,187.0,136.0,47.0,166.0,79.0,No,Former,Frequently,158.0,No,Yes,26.39,0
20,Female,184.9,74.0,88.0,74.0,198.0,135.0,28.0,169.0,85.0,No,Never,Occasionally,267.0,No,No,21.65,0
80,Female,152.1,85.5,153.0,99.0,249.0,122.0,60.0,186.0,80.0,No,Never,Frequently,74.0,No,Yes,36.96,1
34,Female,165.7,62.0,112.0,77.0,165.0,84.0,46.0,141.0,116.0,No,Never,Frequently,91.0,No,No,22.58,0
18,Female,155.9,87.0,119.0,58.0,210.0,139.0,72.0,177.0,74.0,No,Former,Occasionally,159.0,No,No,35.8,0
79,Female,168.0,80.9,134.0,88.0,172.0,113.0,47.0,113.0,76.0,No,Former,Never,280.0,No,Yes,28.66,0
59,Male,174.0,72.4,135.0,99.0,271.0,168.0,37.0,106.0,93.0,No,Current,Occasionally,275.0,No,Yes,23.91,0
57,Male,162.2,80.1,130.0,84.0,156.0,84.0,57.0,58.0,97.0,No,Former,Occasionally,232.0,Yes,No,30.45,0
50,Female,157.7,60.7,103.0,110.0,174.0,87.0,72.0,356.0,113.0,No,Never,Frequently,188.0,No,No,24.41,0
47,Female,159.9,90.2,117.0,78.0,165.0,87.0,68.0,112.0,83.0,No,Current,Never,0.0,No,No,35.28,0
38,Male,182.2,61.0,111.0,73.0,240.0,160.0,51.0,142.0,99.0,No,Current,Occasionally,100.0,No,No,18.38,0
74,Male,179.4,67.1,145.0,84.0,230.0,131.0,46.0,183.0,90.0,Yes,Current,Never,149.0,No,No,20.85,1
63,Female,172.9,72.3,158.0,92.0,204.0,98.0,69.0,273.0,97.0,No,Former,Occasionally,259.0,No,Yes,24.19,0
35,Female,156.0,52.5,135.0,74.0,131.0,78.0,60.0,218.0,114.0,No,Never,Occasionally,327.0,No,No,21.57,0
58,Male,172.3,57.1,122.0,71.0,130.0,83.0,42.0,175.0,108.0,No,Never,Frequently,280.0,No,No,19.23,0
57,Female,148.3,61.5,132.0,76.0,204.0,140.0,39.0,276.0,92.0,No,Current,Occasionally,286.0,No,No,27.96,0
85,Female,153.1,78.9,126.0,76.0,290.0,168.0,35.0,257.0,85.0,No,Current,Occasionally,0.0,No,Yes,33.66,0
77,Male,186.6,68.5,134.0,77.0,220.0,135.0,18.0,160.0,111.0,No,Never,Occasionally,275.0,Yes,No,19.67,1
68,Male,162.0,83.6,145.0,73.0,168.0,102.0,46.0,237.0,74.0,Yes,Never,Occasionally,266.0,No,No,31.85,1
24,Female,157.7,48.1,100.0,75.0,237.0,160.0,62.0,99.0,70.0,No,Never,Occasionally,217.0,Yes,No,19.34,0
29,Female,155.7,56.4,125.0,74.0,232.0,128.0,41.0,114.0,86.0,No,Never,Never,39.0,No,No,23.26,0
28,Female,154.0,78.2,98.0,102.0,210.0,118.0,34.0,84.0,109.0,No,Current,Never,109.0,No,No,32.97,0
80,Female,165.6,81.3,137.0,90.0,219.0,110.0,82.0,101.0,106.0,No,Current,Frequently,342.0,No,No,29.65,0
82,Male,190.4,67.6,131.0,89.0,111.0,71.0,68.0,114.0,104.0,No,Former,Occasionally,246.0,No,No,18.65,0
62,Female,152.9,60.3,128.0,79.0,182.0,134.0,53.0,163.0,108.0,No,Never,Occasionally,51.0,No,No,25.79,0
22,Male,182.1,82.6,119.0,71.0,185.0,131.0,38.0,78.0,85.0,No,Former,Never,30.0,No,No,24.91,0
40,Male,186.1,87.5,98.0,91.0,275.0,201.0,40.0,211.0,89.0,No,Never,Never,300.0,No,No,25.26,0
48,Male,168.8,66.1,160.0,84.0,129.0,88.0,53.0,120.0,106.0,No,Never,Occasionally,137.0,No,No,23.2,0
39,Male,173.5,83.1,136.0,85.0,209.0,101.0,41.0,93.0,91.0,No,Never,Frequently,281.0,No,No,27.61,0
51,Male,173.9,78.4,139.0,79.0,154.0,92.0,31.0,200.0,84.0,No,Former,Never,245.0,Yes,No,25.92,0
32,Female,166.8,66.6,107.0,70.0,125.0,79.0,50.0,137.0,120.0,No,Never,Occasionally,241.0,No,No,23.94,0
29,Male,168.3,85.3,102.0,89.0,218.0,132.0,47.0,199.0,64.0,No,Former,Occasionally,17.0,No,No,30.11,0
81,Male,173.4,56.7,137.0,75.0,202.0,115.0,41.0,143.0,76.0,No,Current,Occasionally,171.0,No,Yes,18.86,1
56,Female,163.3,57.4,143.0,69.0,245.0,139.0,58.0,110.0,95.0,No,Never,Never,135.0,Yes,No,21.52,0
58,Male,182.0,79.6,141.0,74.0,273.0,163.0,44.0,131.0,97.0,No,Former,Never,258.0,No,No,24.03,1
74,Female,157.4,66.4,175.0,66.0,229.0,180.0,50.0,50.0,90.0,No,Former,Occasionally,273.0,Yes,No,26.8,1
76,Female,168.0,67.3,103.0,88.0,232.0,153.0,40.0,198.0,105.0,Yes,Former,Never,35.0,No,No,23.84,0
18,Female,174.7,71.2,107.0,72.0,193.0,85.0,73.0,215.0,99.0,No,Current,Occasionally,210.0,No,No,23.33,0
56,Female,157.8,76.5,120.0,83.0,197.0,128.0,36.0,158.0,115.0,No,Never,Never,155.0,No,No,30.72,1
76,Other,157.5,78.8,113.0,95.0,199.0,117.0,37.0,145.0,111.0,Yes,Current,Occasionally,142.0,No,No,31.77,0
64,Female,161.0,64.4,111.0,64.0,171.0,77.0,57.0,187.0,76.0,No,Current,Never,167.0,No,No,24.84,0
64,Male,177.5,98.1,111.0,71.0,125.0,69.0,56.0,433.0,90.0,No,Never,Occasionally,163.0,No,No,31.14,0
82,Male,160.5,99.6,162.0,86.0,150.0,64.0,57.0,93.0,72.0,No,Former,Occasionally,77.0,Yes,Yes,38.66,1
51,Male,175.5,75.8,139.0,75.0,162.0,92.0,42.0,100.0,83.0,No,Never,Occasionally,133.0,No,No,24.61,0
51,Female,150.1,77.9,113.0,98.0,174.0,95.0,63.0,123.0,85.0,No,Current,Occasionally,35.0,No,No,34.58,1
58,Female,171.9,47.1,119.0,68.0,251.0,121.0,28.0,92.0,94.0,No,Never,Never,332.0,No,No,15.94,0
33,Female,161.1,62.8,118.0,94.0,178.0,131.0,73.0,176.0,114.0,No,Never,Occasionally,376.0,No,No,24.2,0
30,Female,158.7,72.0,112.0,76.0,213.0,113.0,38.0,308.0,96.0,No,Current,Occasionally,60.0,Yes,No,28.59,0
51,Female,162.1,79.3,129.0,88.0,211.0,139.0,46.0,49.0,121.0,No,Never,Occasionally,117.0,No,No,30.18,0
64,Male,166.3,69.4,135.0,77.0,185.0,107.0,40.0,97.0,96.0,No,Former,Frequently,192.0,No,No,25.09,1
35,Male,178.2,52.0,97.0,65.0,188.0,124.0,41.0,90.0,100.0,No,Never,Occasionally,180.0,No,No,16.38,0
25,Female,151.2,67.6,107.0,68.0,182.0,103.0,50.0,110.0,119.0,No,Former,Frequently,71.0,No,No,29.57,0
78,Male,175.4,103.8,163.0,57.0,266.0,137.0,48.0,113.0,79.0,Yes,Never,Occasionally,296.0,No,Yes,33.74,1
32,Male,181.5,94.1,150.0,86.0,125.0,92.0,58.0,99.0,88.0,No,Current,Never,175.0,No,No,28.57,0
43,Male,169.6,51.8,120.0,83.0,159.0,94.0,69.0,177.0,94.0,No,Former,Occasionally,227.0,No,No,18.01,0
49,Female,166.6,38.5,121.0,70.0,157.0,97.0,43.0,125.0,86.0,No,Never,Occasionally,47.0,No,No,13.87,0
53,Female,176.6,84.4,136.0,93.0,125.0,72.0,81.0,161.0,101.0,No,Never,Occasionally,73.0,No,No,27.06,0
39,Female,145.6,58.2,116.0,84.0,205.0,118.0,60.0,87.0,106.0,No,Never,Occasionally,158.0,No,No,27.45,0
78,Female,151.4,50.2,147.0,88.0,176.0,113.0,50.0,200.0,105.0,No,Never,Frequently,174.0,No,No,21.9,0
43,Female,163.9,76.9,104.0,64.0,221.0,129.0,65.0,75.0,103.0,No,Former,Occasionally,262.0,No,No,28.63,0
31,Female,151.8,57.7,93.0,66.0,189.0,128.0,43.0,55.0,107.0,No,Former,Occasionally,136.0,No,No,25.04,0
84,Female,177.4,79.4,148.0,77.0,134.0,70.0,50.0,174.0,116.0,Yes,Never,Occasionally,195.0,Yes,No,25.23,1
59,Male,171.0,62.1,130.0,83.0,167.0,113.0,54.0,202.0,97.0,No,Never,Occasionally,136.0,Yes,No,21.24,0
50,Female,166.2,90.4,137.0,83.0,157.0,99.0,51.0,120.0,106.0,No,Never,Frequently,197.0,No,No,32.73,0
33,Male,176.6,96.6,130.0,82.0,241.0,131.0,64.0,113.0,85.0,No,Never,Never,73.0,No,No,30.97,0
47,Female,150.4,54.4,151.0,83.0,168.0,88.0,46.0,59.0,112.0,No,Former,Never,0.0,No,No,24.05,0
48,Female,158.2,80.7,121.0,78.0,216.0,124.0,55.0,44.0,85.0,No,Former,Occasionally,203.0,Yes,No,32.24,0
51,Female,166.7,74.8,133.0,89.0,182.0,115.0,54.0,116.0,87.0,No,Former,Never,142.0,No,No,26.92,0
18,Female,160.8,67.9,117.0,104.0,148.0,95.0,67.0,115.0,107.0,No,Never,Occasionally,97.0,No,No,26.26,0
26,Female,158.8,69.4,98.0,92.0,229.0,127.0,37.0,186.0,93.0,No,Never,Never,159.0,No,No,27.52,0
19,Female,171.3,91.0,85.0,86.0,147.0,91.0,29.0,286.0,101.0,No,Former,Never,157.0,No,No,31.01,0
81,Female,148.5,90.6,146.0,80.0,206.0,135.0,65.0,127.0,84.0,Yes,Former,Never,227.0,Yes,No,41.08,1
67,Female,161.1,63.3,130.0,87.0,185.0,99.0,69.0,259.0,73.0,No,Never,Occasionally,263.0,No,Yes,24.39,0
75,Female,149.8,43.2,121.0,82.0,261.0,192.0,67.0,97.0,107.0,No,Never,Occasionally,5.0,No,No,19.25,1
68,Female,163.8,90.2,132.0,84.0,206.0,104.0,52.0,259.0,87.0,No,Current,Occasionally,184.0,No,Yes,33.62,0
35,Female,146.4,71.6,136.0,80.0,149.0,97.0,65.0,147.0,100.0,No,Former,Occasionally,122.0,No,No,33.41,0
52,Female,162.9,61.1,117.0,77.0,189.0,115.0,66.0,153.0,90.0,No,Current,Occasionally,203.0,No,No,23.02,0
26,Female,157.5,59.4,99.0,67.0,167.0,100.0,62.0,208.0,103.0,No,Never,Occasionally,103.0,No,No,23.95,0
72,Male,176.4,64.5,119.0,85.0,289.0,189.0,47.0,95.0,105.0,No,Never,Occasionally,182.0,No,No,20.73,0
61,Female,163.3,53.1,130.0,91.0,237.0,140.0,55.0,190.0,81.0,No,Former,Frequently,147.0,No,Yes,19.91,1
27,Male,168.1,88.8,113.0,95.0,163.0,122.0,43.0,68.0,83.0,No,Never,Occasionally,247.0,No,No,31.43,0
19,Female,170.9,56.2,85.0,71.0,204.0,109.0,38.0,70.0,100.0,No,Former,Occasionally,58.0,No,No,19.24,0
59,Male,170.7,83.8,133.0,54.0,186.0,116.0,49.0,100.0,70.0,No,Former,Frequently,96.0,No,No,28.76,0
74,Female,147.8,71.1,125.0,84.0,188.0,117.0,88.0,102.0,106.0,No,Current,Occasionally,143.0,No,No,32.55,0
41,Male,173.4,52.4,91.0,72.0,164.0,90.0,52.0,206.0,73.0,No,Former,Occasionally,26.0,No,No,17.43,0
22,Female,149.1,68.6,95.0,73.0,137.0,66.0,50.0,250.0,74.0,Yes,Never,Occasionally,154.0,No,No,30.86,0
34,Male,179.4,70.8,121.0,76.0,183.0,107.0,37.0,102.0,106.0,No,Current,Never,228.0,Yes,No,22.0,0
56,Female,162.2,60.1,95.0,78.0,172.0,98.0,66.0,91.0,85.0,No,Never,Occasionally,277.0,No,No,22.84,0
81,Male,159.4,89.3,160.0,89.0,233.0,119.0,45.0,199.0,126.0,Yes,Never,Occasionally,259.0,Yes,Yes,35.15,1
31,Male,172.5,44.2,142.0,49.0,213.0,118.0,50.0,166.0,88.0,No,Never,Occasionally,291.0,Yes,No,14.85,0
74,Male,172.3,95.7,116.0,87.0,142.0,82.0,45.0,155.0,100.0,No,Never,Occasionally,103.0,No,No,32.24,0
82,Male,174.6,58.6,156.0,73.0,165.0,82.0,39.0,167.0,104.0,Yes,Never,Occasionally,96.0,No,No,19.22,0
72,Male,171.0,77.0,130.0,80.0,168.0,106.0,34.0,151.0,112.0,Yes,Never,Occasionally,180.0,No,No,26.33,0
24,Male,178.0,65.3,121.0,74.0,155.0,69.0,54.0,73.0,104.0,No,Former,Occasionally,305.0,No,No,20.61,0
81,Female,168.0,62.4,155.0,82.0,129.0,86.0,78.0,363.0,81.0,No,Former,Frequently,0.0,Yes,No,22.11,0
40,Male,174.6,75.6,126.0,82.0,215.0,139.0,40.0,208.0,121.0,No,Never,Never,220.0,Yes,No,24.8,1
64,Male,180.2,54.8,109.0,86.0,199.0,105.0,62.0,173.0,78.0,No,Former,Occasionally,80.0,No,No,16.88,0
41,Female,161.0,83.0,154.0,85.0,214.0,130.0,71.0,50.0,83.0,No,Current,Occasionally,142.0,No,No,32.02,1
21,Male,175.7,58.6,120.0,76.0,236.0,129.0,40.0,121.0,91.0,No,Never,Occasionally,169.0,No,No,18.98,0
39,Male,177.7,70.4,121.0,68.0,207.0,127.0,47.0,168.0,114.0,No,Current,Frequently,197.0,Yes,No,22.29,0
69,Male,162.6,70.2,133.0,91.0,194.0,133.0,63.0,155.0,94.0,No,Never,Occasionally,142.0,No,No,26.55,0
23,Male,172.4,72.2,85.0,93.0,146.0,87.0,33.0,162.0,113.0,No,Never,Occasionally,94.0,No,No,24.29,0
20,Male,185.1,51.3,114.0,71.0,180.0,97.0,43.0,143.0,79.0,No,Current,Frequently,148.0,No,No,14.97,0
51,Male,172.8,90.5,132.0,83.0,168.0,107.0,68.0,109.0,80.0,No,Former,Occasionally,189.0,No,No,30.31,0
25,Female,162.5,71.3,115.0,67.0,180.0,91.0,65.0,215.0,121.0,No,Current,Occasionally,216.0,No,No,27.0,0
37,Female,180.3,54.6,120.0,90.0,175.0,137.0,50.0,156.0,96.0,No,Current,Occasionally,182.0,No,No,16.8,0
67,Female,149.9,80.5,154.0,71.0,201.0,154.0,73.0,222.0,90.0,No,Former,Occasionally,102.0,Yes,No,35.83,0
29,Female,184.1,60.4,87.0,69.0,136.0,69.0,56.0,126.0,82.0,No,Current,Occasionally,197.0,Yes,No,17.82,0
67,Female,155.5,79.0,103.0,75.0,229.0,113.0,55.0,272.0,65.0,No,Former,Never,133.0,Yes,Yes,32.67,1
76,Male,183.2,83.2,104.0,70.0,228.0,139.0,56.0,93.0,81.0,Yes,Former,Never,52.0,No,No,24.79,0
53,Male,181.5,52.1,113.0,80.0,216.0,110.0,42.0,81.0,101.0,No,Current,Never,244.0,No,No,15.82,0
30,Male,172.8,68.7,132.0,71.0,183.0,93.0,35.0,131.0,82.0,No,Never,Occasionally,113.0,No,No,23.01,0
21,Female,168.4,73.2,122.0,68.0,165.0,104.0,68.0,63.0,102.0,No,Former,Occasionally,407.0,No,No,25.81,0
54,Female,166.5,85.8,125.0,87.0,143.0,78.0,38.0,80.0,93.0,No,Never,Never,114.0,Yes,No,30.95,0
75,Male,186.6,100.9,105.0,92.0,195.0,108.0,59.0,214.0,96.0,No,Former,Never,77.0,No,No,28.98,0
41,Male,165.1,57.2,131.0,87.0,271.0,128.0,47.0,145.0,92.0,No,Former,Occasionally,86.0,No,No,20.98,0
73,Female,159.6,70.2,129.0,63.0,178.0,106.0,50.0,134.0,125.0,No,Never,Occasionally,109.0,Yes,No,27.56,0
71,Female,169.5,59.7,125.0,77.0,160.0,83.0,49.0,68.0,84.0,No,Former,Occasionally,131.0,No,Yes,20.78,0
56,Male,170.9,65.9,124.0,78.0,198.0,97.0,37.0,98.0,89.0,Yes,Current,Occasionally,282.0,Yes,No,22.56,1
47,Male,176.1,65.5,122.0,76.0,185.0,128.0,34.0,61.0,78.0,No,Current,Occasionally,285.0,Yes,No,21.12,1
21,Female,167.0,63.2,101.0,71.0,193.0,111.0,68.0,169.0,93.0,No,Never,Never,191.0,No,No,22.66,0
56,Female,160.9,75.3,135.0,62.0,144.0,83.0,55.0,80.0,70.0,No,Never,Frequently,125.0,Yes,No,29.09,0
64,Male,176.8,81.1,123.0,97.0,184.0,108.0,33.0,179.0,101.0,No,Current,Occasionally,169.0,Yes,No,25.95,0
39,Male,161.2,61.6,129.0,74.0,161.0,95.0,45.0,144.0,56.0,No,Never,Occasionally,180.0,Yes,No,23.71,0
70,Male,168.6,100.9,152.0,86.0,157.0,93.0,61.0,168.0,104.0,No,Former,Occasionally,283.0,Yes,No,35.5,0
29,Other,169.8,46.7,107.0,59.0,197.0,112.0,46.0,113.0,80.0,No,Never,Never,66.0,No,No,16.2,0
43,Male,171.9,88.4,108.0,91.0,222.0,155.0,38.0,191.0,78.0,No,Current,Occasionally,62.0,No,No,29.92,0
84,Male,169.0,59.4,144.0,75.0,218.0,130.0,27.0,84.0,83.0,No,Never,Never,259.0,No,Yes,20.8,1
70,Male,163.1,107.6,158.0,84.0,156.0,110.0,54.0,143.0,103.0,No,Current,Occasionally,169.0,No,Yes,40.45,1
27,Female,166.6,54.7,124.0,75.0,104.0,46.0,51.0,119.0,127.0,No,Former,Occasionally,306.0,No,No,19.71,0
56,Female,158.4,58.8,105.0,86.0,227.0,97.0,44.0,90.0,77.0,No,Former,Frequently,108.0,No,No,23.44,0
43,Female,169.2,42.2,98.0,76.0,179.0,107.0,84.0,121.0,97.0,No,Former,Frequently,0.0,Yes,No,14.74,0
29,Male,176.7,67.3,117.0,73.0,175.0,111.0,15.0,72.0,107.0,No,Current,Occasionally,70.0,No,No,21.55,0
60,Male,174.2,73.1,144.0,93.0,246.0,133.0,68.0,86.0,96.0,Yes,Current,Occasionally,92.0,No,No,24.09,1
34,Female,166.2,43.5,110.0,74.0,133.0,73.0,38.0,91.0,76.0,No,Never,Frequently,237.0,No,No,15.75,0
68,Female,163.4,73.7,144.0,67.0,198.0,146.0,67.0,119.0,72.0,No,Never,Never,8.0,No,Yes,27.6,1
27,Male,164.7,72.8,111.0,73.0,173.0,96.0,43.0,159.0,85.0,No,Never,Frequently,181.0,No,No,26.84,0
75,Female,180.9,69.9,139.0,90.0,187.0,109.0,41.0,84.0,100.0,No,Never,Frequently,33.0,Yes,No,21.36,1
69,Female,147.3,63.3,142.0,89.0,187.0,129.0,41.0,84.0,111.0,Yes,Former,Occasionally,179.0,No,No,29.17,0
79,Female,157.4,51.6,136.0,79.0,210.0,148.0,49.0,151.0,93.0,No,Current,Occasionally,176.0,No,No,20.83,0
53,Female,159.1,80.3,157.0,71.0,161.0,94.0,52.0,130.0,69.0,No,Current,Occasionally,188.0,No,No,31.72,0
62,Female,170.9,71.0,150.0,77.0,186.0,101.0,56.0,103.0,107.0,No,Never,Occasionally,105.0,Yes,No,24.31,0
63,Male,166.4,100.6,144.0,86.0,244.0,178.0,43.0,155.0,99.0,No,Former,Occasionally,246.0,Yes,Yes,36.33,1
37,Female,150.8,76.0,125.0,65.0,193.0,108.0,57.0,95.0,99.0,No,Current,Occasionally,149.0,No,No,33.42,0
65,Female,155.2,62.1,142.0,70.0,257.0,154.0,93.0,97.0,94.0,No,Current,Occasionally,292.0,No,No,25.78,0
57,Female,176.4,67.7,133.0,98.0,240.0,123.0,59.0,122.0,67.0,No,Current,Occasionally,105.0,No,No,21.76,1
36,Male,174.5,108.5,156.0,103.0,159.0,93.0,78.0,127.0,119.0,No,Never,Occasionally,96.0,No,No,35.63,0
53,Female,145.4,64.2,152.0,78.0,261.0,182.0,35.0,124.0,95.0,No,Former,Never,111.0,No,Yes,30.37,1
61,Other,164.0,81.4,118.0,77.0,163.0,100.0,59.0,265.0,105.0,No,Current,Frequently,202.0,No,No,30.26,0
64,Male,182.5,55.6,131.0,72.0,163.0,80.0,51.0,191.0,76.0,No,Former,Occasionally,156.0,Yes,No,16.69,0
83,Male,198.3,73.0,147.0,75.0,221.0,141.0,25.0,113.0,84.0,No,Current,Never,302.0,No,Yes,18.56,1
79,Female,161.8,44.7,129.0,67.0,231.0,170.0,64.0,167.0,79.0,No,Never,Occasionally,110.0,No,No,17.07,0
24,Male,180.9,72.9,111.0,74.0,165.0,91.0,45.0,181.0,104.0,No,Former,Occasionally,201.0,No,No,22.28,0
18,Male,170.1,56.9,113.0,86.0,250.0,143.0,27.0,165.0,79.0,No,Former,Occasionally,373.0,No,No,19.67,0
82,Female,168.8,66.4,122.0,86.0,252.0,136.0,50.0,163.0,61.0,No,Former,Frequently,136.0,No,No,23.3,0
31,Female,147.8,75.3,121.0,89.0,129.0,90.0,40.0,207.0,69.0,No,Former,Never,240.0,No,No,34.47,0
59,Male,162.4,66.0,131.0,73.0,161.0,124.0,52.0,107.0,90.0,No,Never,Never,275.0,No,No,25.02,0
44,Male,179.3,75.3,126.0,60.0,211.0,125.0,31.0,88.0,90.0,No,Never,Never,147.0,No,No,23.42,0
36,Male,164.8,76.9,120.0,83.0,210.0,93.0,64.0,140.0,105.0,No,Current,Frequently,209.0,No,No,28.31,0
47,Male,161.7,91.4,149.0,77.0,175.0,115.0,42.0,204.0,74.0,No,Never,Never,115.0,No,No,34.96,0
22,Male,177.4,102.0,97.0,72.0,197.0,119.0,40.0,168.0,93.0,No,Current,Occasionally,259.0,No,No,32.41,0
60,Female,158.4,91.0,98.0,90.0,219.0,117.0,66.0,97.0,79.0,No,Never,Frequently,122.0,No,No,36.27,0
21,Female,142.5,76.2,156.0,73.0,203.0,125.0,68.0,281.0,80.0,No,Never,Never,58.0,No,No,37.53,0
64,Male,170.0,95.1,137.0,93.0,191.0,110.0,49.0,186.0,101.0,No,Former,Occasionally,158.0,No,No,32.91,0
45,Female,156.8,92.0,134.0,87.0,141.0,79.0,55.0,62.0,98.0,No,Never,Occasionally,0.0,No,No,37.42,0
58,Male,182.9,79.1,146.0,94.0,148.0,80.0,59.0,144.0,89.0,No,Former,Occasionally,196.0,No,No,23.65,0
39,Male,173.5,71.6,134.0,82.0,199.0,98.0,59.0,77.0,121.0,No,Current,Frequently,51.0,No,No,23.79,0
56,Female,163.1,79.4,144.0,91.0,207.0,114.0,48.0,194.0,66.0,No,Former,Frequently,237.0,No,No,29.85,0
39,Male,164.4,60.3,100.0,81.0,244.0,148.0,45.0,311.0,77.0,No,Never,Occasionally,276.0,No,No,22.31,0
58,Male,176.9,98.0,148.0,62.0,153.0,85.0,58.0,85.0,75.0,No,Never,Never,159.0,No,No,31.32,1
49,Male,174.8,63.6,119.0,65.0,192.0,112.0,55.0,100.0,98.0,No,Current,Occasionally,216.0,No,No,20.81,0
58,Male,172.5,76.9,133.0,79.0,175.0,107.0,50.0,138.0,104.0,No,Never,Never,0.0,Yes,No,25.84,0
68,Female,156.1,81.5,126.0,86.0,246.0,143.0,43.0,83.0,107.0,No,Former,Never,222.0,Yes,No,33.45,0
34,Male,176.6,71.3,115.0,84.0,228.0,107.0,37.0,141.0,122.0,No,Former,Occasionally,23.0,Yes,No,22.86,0
65,Other,157.6,71.5,137.0,67.0,246.0,137.0,16.0,171.0,58.0,No,Current,Occasionally,0.0,No,No,28.79,0
28,Male,177.2,81.6,100.0,75.0,193.0,105.0,58.0,132.0,76.0,Yes,Never,Never,45.0,No,No,25.99,0
48,Female,157.3,64.6,115.0,80.0,222.0,135.0,60.0,151.0,102.0,No,Former,Occasionally,184.0,No,No,26.11,0
62,Female,169.5,91.9,141.0,82.0,199.0,117.0,56.0,121.0,81.0,No,Never,Never,13.0,No,Yes,31.99,1
80,Male,161.3,88.4,130.0,103.0,130.0,78.0,44.0,119.0,99.0,No,Never,Occasionally,152.0,No,No,33.98,0
70,Female,156.1,84.0,143.0,70.0,200.0,130.0,57.0,95.0,98.0,No,Current,Occasionally,234.0,No,No,34.47,1
77,Male,177.6,105.2,151.0,88.0,157.0,106.0,35.0,269.0,113.0,Yes,Never,Occasionally,272.0,No,No,33.35,0
51,Female,158.7,67.1,116.0,80.0,135.0,80.0,40.0,79.0,103.0,No,Current,Occasionally,186.0,No,No,26.64,0
30,Female,165.7,57.2,92.0,68.0,192.0,132.0,76.0,117.0,98.0,No,Never,Never,120.0,No,No,20.83,0
71,Female,151.2,71.1,119.0,82.0,211.0,132.0,56.0,165.0,109.0,No,Never,Occasionally,60.0,No,No,31.1,0
48,Other,166.5,38.0,98.0,84.0,203.0,140.0,65.0,117.0,96.0,No,Former,Occasionally,186.0,No,No,13.71,0
68,Female,156.8,84.9,160.0,100.0,138.0,81.0,62.0,140.0,86.0,No,Never,Frequently,288.0,No,No,34.53,0
50,Male,184.6,101.7,131.0,65.0,154.0,86.0,30.0,128.0,99.0,Yes,Never,Never,62.0,No,No,29.84,0
38,Female,157.4,73.6,122.0,67.0,235.0,170.0,62.0,155.0,111.0,No,Former,Occasionally,0.0,No,No,29.71,0
52,Male,175.3,64.9,124.0,62.0,171.0,92.0,36.0,132.0,96.0,No,Former,Never,174.0,Yes,No,21.12,0
80,Male,179.8,96.9,131.0,73.0,207.0,149.0,41.0,146.0,113.0,Yes,Never,Occasionally,154.0,No,Yes,29.97,1
21,Male,175.8,70.2,113.0,63.0,125.0,69.0,31.0,227.0,103.0,No,Former,Occasionally,357.0,No,No,22.71,0
60,Female,146.9,76.3,113.0,69.0,140.0,76.0,65.0,325.0,93.0,No,Former,Occasionally,53.0,Yes,No,35.36,1
59,Female,157.7,38.0,94.0,76.0,155.0,80.0,51.0,182.0,108.0,No,Current,Occasionally,128.0,No,No,15.28,0
76,Female,162.7,39.5,156.0,63.0,164.0,103.0,33.0,184.0,76.0,No,Former,Frequently,115.0,No,No,14.92,0
32,Female,163.9,69.4,116.0,78.0,205.0,119.0,62.0,127.0,65.0,No,Never,Occasionally,256.0,No,No,25.83,0
49,Female,156.9,59.8,139.0,76.0,168.0,102.0,52.0,159.0,98.0,No,Former,Never,213.0,No,No,24.29,0
81,Female,162.0,68.3,154.0,80.0,238.0,147.0,58.0,170.0,109.0,No,Former,Occasionally,136.0,No,No,26.02,0
43,Male,183.8,92.2,119.0,83.0,179.0,138.0,49.0,272.0,75.0,No,Former,Occasionally,110.0,No,No,27.29,0
27,Female,140.4,72.3,108.0,100.0,180.0,78.0,46.0,99.0,100.0,No,Current,Occasionally,138.0,Yes,No,36.68,0
82,Male,177.1,58.1,112.0,67.0,178.0,111.0,56.0,213.0,93.0,No,Never,Frequently,241.0,No,No,18.52,0
31,Male,178.6,101.3,138.0,102.0,158.0,92.0,40.0,206.0,74.0,No,Current,Occasionally,0.0,No,No,31.76,0
63,Female,158.3,48.5,121.0,95.0,162.0,90.0,74.0,84.0,125.0,No,Former,Occasionally,60.0,No,No,19.35,0
39,Male,167.0,56.5,150.0,72.0,133.0,92.0,51.0,150.0,84.0,No,Never,Never,227.0,No,No,20.26,0
83,Male,179.1,86.1,131.0,92.0,175.0,111.0,35.0,232.0,71.0,No,Never,Occasionally,0.0,No,No,26.84,0
69,Male,181.4,60.6,133.0,77.0,121.0,59.0,61.0,240.0,101.0,No,Former,Occasionally,198.0,No,No,18.42,1
53,Female,154.5,55.3,125.0,85.0,179.0,122.0,47.0,135.0,101.0,Yes,Never,Never,0.0,Yes,No,23.17,0
57,Male,184.5,88.3,114.0,65.0,157.0,98.0,65.0,75.0,105.0,No,Current,Frequently,165.0,No,No,25.94,0
56,Male,169.3,92.5,150.0,88.0,130.0,69.0,39.0,141.0,73.0,No,Never,Occasionally,193.0,Yes,No,32.27,0
61,Female,155.2,65.7,122.0,93.0,199.0,82.0,63.0,101.0,87.0,No,Former,Occasionally,104.0,No,No,27.28,0
40,Male,175.8,79.9,104.0,77.0,173.0,120.0,45.0,121.0,101.0,No,Former,Occasionally,165.0,Yes,No,25.85,0
77,Male,167.6,79.0,107.0,92.0,161.0,94.0,73.0,74.0,77.0,Yes,Current,Occasionally,224.0,Yes,No,28.12,0
53,Other,153.5,82.3,140.0,81.0,206.0,133.0,40.0,75.0,83.0,No,Never,Occasionally,66.0,No,No,34.93,0
65,Female,169.1,74.5,134.0,73.0,210.0,124.0,50.0,254.0,104.0,No,Never,Frequently,226.0,No,No,26.05,1
68,Female,156.0,75.7,149.0,88.0,195.0,95.0,68.0,116.0,129.0,No,Former,Occasionally,224.0,No,No,31.11,0
63,Female,152.4,72.6,147.0,77.0,237.0,144.0,47.0,67.0,108.0,No,Never,Occasionally,181.0,Yes,No,31.26,0
40,Male,156.0,97.7,131.0,104.0,234.0,123.0,41.0,107.0,108.0,No,Former,Occasionally,72.0,Yes,Yes,40.15,0
46,Female,165.4,94.6,137.0,77.0,204.0,124.0,28.0,70.0,110.0,No,Former,Never,222.0,Yes,No,34.58,0
39,Female,155.1,71.7,152.0,89.0,200.0,109.0,69.0,99.0,101.0,No,Current,Occasionally,229.0,No,No,29.81,0
25,Female,160.4,55.5,122.0,75.0,133.0,70.0,54.0,139.0,98.0,No,Never,Occasionally,321.0,No,No,21.57,0
19,Male,170.1,94.5,115.0,80.0,176.0,81.0,75.0,134.0,125.0,No,Current,Never,128.0,Yes,No,32.66,0
22,Female,175.4,91.5,109.0,84.0,172.0,95.0,59.0,194.0,122.0,No,Current,Never,84.0,No,No,29.74,0
31,Male,171.8,86.7,122.0,88.0,219.0,116.0,40.0,86.0,97.0,No,Former,Occasionally,27.0,No,No,29.37,0
55,Female,158.2,60.0,124.0,79.0,232.0,161.0,47.0,284.0,99.0,No,Former,Occasionally,236.0,No,No,23.97,0
48,Male,171.2,91.6,145.0,89.0,221.0,110.0,54.0,128.0,128.0,No,Former,Occasionally,123.0,No,Yes,31.25,1
73,Male,169.6,62.7,146.0,96.0,186.0,135.0,56.0,118.0,86.0,No,Never,Frequently,155.0,Yes,Yes,21.8,1
69,Male,178.7,73.3,120.0,87.0,172.0,88.0,32.0,55.0,87.0,No,Former,Occasionally,68.0,No,Yes,22.95,1
29,Male,168.9,60.6,87.0,77.0,193.0,103.0,37.0,132.0,105.0,No,Former,Occasionally,10.0,No,No,21.24,0
34,Female,166.8,79.6,104.0,83.0,258.0,160.0,55.0,89.0,81.0,No,Former,Occasionally,137.0,No,No,28.61,0
25,Female,166.1,55.0,112.0,84.0,133.0,62.0,49.0,162.0,127.0,No,Never,Frequently,227.0,No,No,19.94,0
40,Male,176.3,87.8,130.0,51.0,133.0,62.0,59.0,117.0,97.0,No,Never,Occasionally,205.0,Yes,No,28.25,0
75,Male,185.2,70.5,129.0,75.0,223.0,149.0,55.0,188.0,91.0,No,Never,Occasionally,113.0,No,No,20.55,0
24,Male,168.4,93.2,133.0,71.0,136.0,79.0,72.0,121.0,93.0,No,Former,Never,89.0,No,No,32.86,0
48,Male,177.1,101.1,96.0,76.0,167.0,95.0,34.0,135.0,90.0,No,Never,Never,170.0,Yes,No,32.23,0
26,Male,182.4,84.0,111.0,101.0,170.0,101.0,48.0,117.0,114.0,No,Never,Never,47.0,No,No,25.25,0
64,Female,166.9,74.3,111.0,81.0,134.0,68.0,67.0,138.0,84.0,No,Never,Frequently,299.0,No,No,26.67,0
80,Female,165.3,69.5,148.0,89.0,127.0,64.0,67.0,120.0,111.0,No,Former,Frequently,179.0,Yes,No,25.44,0
69,Male,183.4,71.1,132.0,69.0,216.0,112.0,42.0,164.0,89.0,No,Never,Occasionally,261.0,Yes,No,21.14,0
70,Female,161.2,84.9,133.0,81.0,215.0,96.0,55.0,118.0,132.0,No,Former,Occasionally,180.0,No,No,32.67,0
63,Male,185.4,64.8,116.0,73.0,198.0,104.0,30.0,199.0,90.0,No,Never,Occasionally,222.0,No,No,18.85,0
81,Female,172.0,50.5,151.0,85.0,144.0,87.0,54.0,112.0,65.0,No,Former,Occasionally,290.0,No,No,17.07,0
72,Other,172.7,69.4,141.0,83.0,220.0,112.0,39.0,160.0,110.0,No,Former,Occasionally,65.0,No,No,23.27,0
44,Male,151.4,99.2,130.0,88.0,192.0,134.0,55.0,125.0,91.0,No,Former,Never,136.0,No,No,43.28,0
23,Female,161.5,90.7,110.0,70.0,242.0,145.0,59.0,105.0,92.0,No,Former,Frequently,0.0,No,No,34.77,0
40,Male,194.5,82.5,132.0,79.0,159.0,93.0,55.0,127.0,97.0,No,Current,Occasionally,187.0,No,No,21.81,1
54,Male,184.7,71.9,129.0,79.0,199.0,105.0,63.0,76.0,127.0,No,Current,Occasionally,91.0,No,No,21.08,0
84,Female,160.3,83.2,139.0,77.0,193.0,94.0,68.0,116.0,105.0,No,Former,Occasionally,0.0,No,Yes,32.38,1
52,Male,174.5,99.8,114.0,79.0,221.0,148.0,73.0,215.0,126.0,Yes,Never,Occasionally,213.0,No,No,32.77,1
68,Male,181.3,56.6,99.0,104.0,185.0,73.0,58.0,229.0,109.0,No,Never,Never,216.0,No,No,17.22,0
67,Other,160.6,76.9,154.0,72.0,223.0,139.0,56.0,111.0,121.0,No,Never,Occasionally,0.0,Yes,No,29.82,1
53,Female,154.4,99.7,147.0,99.0,172.0,85.0,60.0,85.0,87.0,No,Never,Occasionally,101.0,No,No,41.82,1
42,Female,152.4,52.2,108.0,81.0,188.0,108.0,47.0,216.0,90.0,No,Former,Occasionally,217.0,Yes,No,22.48,0
55,Other,169.5,85.2,143.0,59.0,182.0,108.0,47.0,226.0,85.0,No,Former,Occasionally,135.0,No,No,29.66,0
18,Male,162.1,79.1,128.0,93.0,185.0,105.0,44.0,132.0,94.0,No,Former,Occasionally,249.0,No,No,30.1,0
52,Male,173.3,70.8,141.0,80.0,222.0,113.0,47.0,256.0,78.0,No,Former,Occasionally,183.0,Yes,Yes,23.57,0
30,Male,192.3,73.9,107.0,87.0,132.0,86.0,60.0,103.0,94.0,No,Never,Occasionally,164.0,No,No,19.98,0
84,Female,162.7,59.0,146.0,79.0,223.0,127.0,47.0,130.0,81.0,No,Never,Never,49.0,No,No,22.29,1
47,Female,168.5,77.7,140.0,74.0,212.0,147.0,43.0,87.0,97.0,No,Never,Occasionally,94.0,Yes,No,27.37,0
63,Female,155.8,59.0,112.0,60.0,184.0,97.0,49.0,130.0,97.0,No,Never,Occasionally,162.0,No,No,24.31,0
54,Male,170.2,66.0,147.0,92.0,178.0,98.0,42.0,165.0,110.0,No,Current,Never,184.0,Yes,No,22.78,1
52,Male,166.1,90.7,144.0,86.0,171.0,114.0,69.0,251.0,100.0,No,Former,Occasionally,153.0,No,No,32.88,1
28,Female,163.1,70.7,139.0,63.0,163.0,103.0,52.0,81.0,90.0,No,Former,Never,243.0,Yes,No,26.58,0
77,Female,148.4,78.8,159.0,76.0,219.0,110.0,45.0,120.0,115.0,No,Former,Occasionally,77.0,No,Yes,35.78,1
29,Female,162.9,38.0,111.0,85.0,192.0,94.0,64.0,82.0,100.0,No,Never,Occasionally,77.0,No,No,14.32,0
53,Female,173.8,79.5,104.0,89.0,181.0,102.0,74.0,127.0,80.0,No,Current,Occasionally,61.0,No,No,26.32,0
22,Male,185.3,65.2,88.0,70.0,196.0,133.0,38.0,127.0,68.0,No,Never,Occasionally,172.0,Yes,No,18.99,0
42,Female,160.0,80.9,148.0,90.0,243.0,169.0,44.0,72.0,105.0,No,Never,Occasionally,0.0,No,No,31.6,0
49,Male,169.4,116.0,139.0,89.0,195.0,122.0,37.0,69.0,119.0,No,Never,Never,177.0,No,No,40.42,0
34,Other,170.4,38.0,134.0,81.0,239.0,124.0,36.0,91.0,57.0,No,Current,Occasionally,148.0,No,No,13.09,0
84,Female,159.5,78.8,143.0,91.0,232.0,136.0,39.0,216.0,93.0,Yes,Current,Never,308.0,Yes,No,30.97,1
18,Male,169.7,98.1,125.0,85.0,250.0,160.0,70.0,193.0,92.0,No,Never,Occasionally,115.0,No,No,34.06,0
49,Male,168.6,56.0,133.0,91.0,159.0,79.0,38.0,111.0,96.0,No,Never,Occasionally,75.0,No,No,19.7,0
58,Female,150.5,41.2,122.0,82.0,169.0,138.0,69.0,167.0,111.0,No,Never,Never,33.0,Yes,No,18.19,0
19,Male,167.4,87.3,92.0,86.0,274.0,160.0,34.0,220.0,107.0,No,Current,Occasionally,188.0,No,No,31.15,0
28,Male,179.3,80.9,136.0,75.0,154.0,113.0,16.0,129.0,96.0,No,Never,Never,121.0,No,No,25.16,0
43,Female,162.2,50.8,135.0,69.0,184.0,122.0,37.0,111.0,94.0,No,Never,Frequently,0.0,Yes,No,19.31,0
34,Male,184.9,87.8,134.0,67.0,202.0,138.0,34.0,167.0,82.0,No,Current,Never,0.0,No,No,25.68,0
58,Male,170.0,87.3,124.0,82.0,204.0,137.0,67.0,175.0,72.0,No,Current,Never,138.0,No,No,30.21,0
48,Female,161.4,38.0,127.0,76.0,184.0,105.0,55.0,120.0,85.0,No,Former,Occasionally,0.0,Yes,Yes,14.59,1
27,Male,179.8,84.6,99.0,74.0,149.0,85.0,40.0,131.0,111.0,No,Never,Never,216.0,Yes,No,26.17,0
28,Male,178.3,73.0,85.0,68.0,153.0,78.0,44.0,116.0,97.0,No,Never,Never,174.0,Yes,No,22.96,0
26,Female,168.4,81.8,122.0,61.0,152.0,109.0,28.0,177.0,79.0,No,Never,Occasionally,81.0,No,No,28.84,0
61,Female,160.1,58.7,119.0,58.0,160.0,81.0,51.0,59.0,93.0,No,Never,Occasionally,122.0,Yes,No,22.9,0
32,Male,182.3,85.2,116.0,77.0,172.0,97.0,40.0,53.0,85.0,No,Never,Never,177.0,No,No,25.64,0
69,Female,148.0,93.1,145.0,62.0,161.0,68.0,59.0,107.0,73.0,Yes,Current,Never,192.0,No,No,42.5,1
82,Male,177.4,96.4,165.0,81.0,239.0,130.0,74.0,99.0,112.0,No,Never,Occasionally,163.0,No,No,30.63,0
42,Female,154.6,90.3,142.0,86.0,166.0,71.0,63.0,155.0,93.0,No,Never,Occasionally,195.0,No,No,37.78,0
81,Female,158.9,88.6,152.0,88.0,229.0,150.0,55.0,58.0,101.0,Yes,Current,Occasionally,255.0,Yes,Yes,35.09,1
65,Male,171.0,57.8,134.0,74.0,187.0,92.0,32.0,114.0,83.0,No,Former,Frequently,86.0,No,No,19.77,0
18,Male,177.9,66.9,106.0,76.0,171.0,96.0,49.0,153.0,97.0,No,Former,Never,0.0,No,No,21.14,0
25,Female,170.4,48.9,134.0,65.0,243.0,154.0,48.0,104.0,72.0,No,Former,Occasionally,158.0,No,No,16.84,0
62,Female,152.4,81.8,134.0,79.0,235.0,136.0,46.0,138.0,101.0,Yes,Never,Occasionally,131.0,No,Yes,35.22,0
21,Other,160.5,67.4,107.0,86.0,163.0,88.0,40.0,93.0,100.0,No,Never,Frequently,0.0,No,No,26.16,0
23,Female,166.7,60.9,117.0,64.0,172.0,116.0,61.0,96.0,72.0,No,Former,Occasionally,142.0,Yes,No,21.92,0
25,Female,161.0,38.0,124.0,75.0,245.0,146.0,52.0,62.0,89.0,No,Never,Occasionally,323.0,No,No,14.66,0
43,Female,147.9,88.0,136.0,77.0,185.0,83.0,82.0,149.0,110.0,No,Never,Occasionally,0.0,No,No,40.23,0
20,Male,174.8,91.6,104.0,74.0,179.0,122.0,52.0,144.0,114.0,No,Current,Never,173.0,No,No,29.98,0
63,Male,178.6,74.2,147.0,74.0,182.0,103.0,45.0,84.0,62.0,No,Never,Frequently,337.0,Yes,No,23.26,0
84,Male,159.0,97.4,135.0,61.0,193.0,115.0,35.0,149.0,96.0,No,Former,Occasionally,182.0,No,No,38.53,0
55,Male,181.6,66.3,113.0,85.0,228.0,147.0,59.0,55.0,103.0,No,Current,Never,189.0,No,No,20.1,0
76,Male,176.8,46.4,132.0,82.0,193.0,127.0,36.0,59.0,76.0,No,Current,Frequently,166.0,No,No,14.84,0
23,Male,172.5,72.8,94.0,91.0,161.0,90.0,57.0,176.0,75.0,No,Former,Occasionally,313.0,No,No,24.47,0
37,Male,181.8,96.3,124.0,78.0,185.0,81.0,62.0,64.0,126.0,No,Never,Never,143.0,No,No,29.14,0
46,Female,156.9,72.9,138.0,70.0,160.0,98.0,50.0,103.0,92.0,No,Former,Never,24.0,No,No,29.61,0
40,Female,155.1,79.8,136.0,83.0,265.0,104.0,51.0,208.0,71.0,No,Current,Occasionally,148.0,No,No,33.17,0
47,Female,163.9,84.3,142.0,73.0,283.0,166.0,61.0,121.0,87.0,No,Current,Occasionally,345.0,No,Yes,31.38,1
76,Male,172.9,85.6,111.0,87.0,152.0,82.0,24.0,205.0,123.0,Yes,Former,Frequently,185.0,No,No,28.63,0
80,Female,176.4,60.7,132.0,94.0,191.0,111.0,61.0,143.0,98.0,No,Current,Occasionally,201.0,No,Yes,19.51,0
62,Female,176.5,52.7,122.0,57.0,192.0,122.0,79.0,107.0,55.0,No,Current,Occasionally,41.0,No,No,16.92,0
19,Female,165.2,77.9,97.0,77.0,176.0,114.0,51.0,99.0,98.0,No,Former,Frequently,97.0,Yes,No,28.54,0
46,Female,160.5,68.4,148.0,77.0,225.0,123.0,65.0,123.0,92.0,No,Current,Occasionally,7.0,No,No,26.55,1
46,Female,161.1,53.6,103.0,73.0,240.0,147.0,57.0,63.0,115.0,No,Never,Never,147.0,Yes,No,20.65,0
22,Female,166.4,71.4,96.0,79.0,206.0,123.0,76.0,99.0,69.0,No,Current,Frequently,73.0,Yes,No,25.79,0
50,Male,165.7,71.7,120.0,93.0,234.0,158.0,64.0,217.0,93.0,No,Former,Never,158.0,No,No,26.11,1
69,Female,163.8,48.0,134.0,74.0,236.0,140.0,49.0,216.0,117.0,No,Never,Frequently,87.0,No,Yes,17.89,0
35,Female,167.4,79.4,100.0,54.0,209.0,95.0,65.0,105.0,89.0,No,Current,Occasionally,147.0,No,No,28.33,0
45,Female,150.8,83.6,105.0,106.0,181.0,113.0,59.0,87.0,95.0,Yes,Former,Never,69.0,No,No,36.76,0
73,Female,152.4,54.8,124.0,78.0,215.0,144.0,55.0,60.0,118.0,No,Never,Occasionally,107.0,Yes,No,23.59,1
57,Male,185.5,73.6,111.0,93.0,162.0,80.0,62.0,114.0,98.0,No,Never,Occasionally,163.0,No,No,21.39,0
20,Male,173.9,96.1,96.0,83.0,241.0,129.0,42.0,202.0,89.0,No,Never,Frequently,251.0,No,No,31.78,0
69,Female,144.7,70.6,156.0,89.0,190.0,125.0,58.0,58.0,112.0,No,Never,Occasionally,165.0,No,No,33.72,1
71,Female,159.4,55.4,132.0,82.0,266.0,145.0,62.0,124.0,81.0,No,Former,Occasionally,188.0,No,Yes,21.8,0
22,Male,173.9,84.3,110.0,67.0,198.0,122.0,49.0,150.0,93.0,No,Never,Never,140.0,No,No,27.88,0
80,Male,168.6,72.0,164.0,73.0,185.0,100.0,52.0,167.0,82.0,Yes,Former,Occasionally,140.0,No,Yes,25.33,1
44,Female,161.5,59.3,111.0,82.0,265.0,151.0,42.0,143.0,91.0,No,Never,Occasionally,151.0,No,No,22.74,0
77,Male,169.5,97.1,138.0,99.0,183.0,92.0,39.0,125.0,98.0,No,Former,Never,128.0,No,Yes,33.8,1
50,Female,161.0,70.8,140.0,87.0,261.0,129.0,34.0,143.0,122.0,No,Never,Occasionally,219.0,No,No,27.31,0
74,Female,160.5,64.0,147.0,77.0,276.0,193.0,42.0,202.0,89.0,No,Former,Occasionally,37.0,No,No,24.84,1
37,Female,170.0,83.2,119.0,86.0,179.0,101.0,77.0,99.0,93.0,No,Never,Occasionally,110.0,No,No,28.79,0
80,Other,150.0,75.8,147.0,82.0,231.0,142.0,43.0,190.0,103.0,Yes,Current,Occasionally,188.0,No,No,33.69,0
42,Male,181.1,69.6,116.0,75.0,162.0,101.0,46.0,93.0,77.0,No,Former,Frequently,130.0,No,No,21.22,0
85,Male,175.4,68.5,157.0,87.0,246.0,147.0,55.0,94.0,74.0,Yes,Former,Frequently,411.0,No,Yes,22.27,1
60,Female,175.1,78.4,128.0,74.0,206.0,161.0,39.0,216.0,75.0,No,Never,Occasionally,159.0,No,No,25.57,1
21,Female,156.7,91.6,126.0,74.0,207.0,118.0,21.0,87.0,117.0,No,Never,Occasionally,121.0,Yes,No,37.3,0
69,Male,184.7,67.0,123.0,82.0,195.0,114.0,43.0,173.0,106.0,No,Never,Occasionally,179.0,No,No,19.64,0
41,Female,174.5,76.6,123.0,72.0,227.0,112.0,67.0,68.0,96.0,No,Never,Never,0.0,No,No,25.16,0
42,Male,173.0,64.2,110.0,91.0,238.0,123.0,19.0,149.0,113.0,No,Current,Occasionally,274.0,Yes,No,21.45,0
63,Female,164.5,69.0,138.0,66.0,228.0,114.0,34.0,118.0,101.0,No,Current,Never,110.0,No,No,25.5,1
55,Male,177.5,96.1,144.0,73.0,174.0,88.0,59.0,50.0,117.0,No,Current,Frequently,306.0,No,No,30.5,0
19,Male,178.5,115.3,133.0,73.0,165.0,81.0,56.0,157.0,107.0,No,Current,Frequently,79.0,Yes,No,36.19,0
26,Other,161.8,65.1,110.0,63.0,229.0,138.0,56.0,87.0,118.0,No,Current,Occasionally,238.0,No,No,24.87,0
64,Male,168.4,77.4,121.0,66.0,224.0,122.0,53.0,53.0,99.0,Yes,Former,Never,193.0,No,No,27.29,0
43,Female,155.0,45.0,140.0,74.0,157.0,107.0,85.0,228.0,94.0,No,Current,Never,201.0,No,No,18.73,0
46,Female,166.2,108.2,131.0,80.0,100.0,59.0,43.0,230.0,74.0,No,Never,Never,0.0,No,No,39.17,0
78,Female,157.0,76.3,130.0,92.0,159.0,90.0,76.0,136.0,130.0,Yes,Never,Never,194.0,No,No,30.95,0
22,Female,171.0,80.0,104.0,70.0,174.0,109.0,57.0,151.0,95.0,No,Never,Occasionally,66.0,No,No,27.36,0
18,Male,170.1,87.3,110.0,64.0,161.0,118.0,50.0,104.0,110.0,No,Never,Occasionally,80.0,No,No,30.17,0
81,Female,159.0,69.4,128.0,76.0,144.0,91.0,37.0,159.0,96.0,No,Never,Frequently,100.0,No,No,27.45,0
58,Male,165.2,56.2,155.0,94.0,197.0,102.0,38.0,92.0,105.0,No,Current,Occasionally,342.0,No,Yes,20.59,1
24,Female,154.0,61.6,119.0,86.0,194.0,99.0,69.0,310.0,90.0,No,Never,Never,27.0,No,No,25.97,0
52,Female,170.8,56.5,130.0,79.0,164.0,95.0,46.0,115.0,70.0,No,Never,Occasionally,176.0,No,No,19.37,1
72,Female,158.1,59.1,141.0,81.0,186.0,133.0,60.0,174.0,104.0,No,Never,Occasionally,43.0,Yes,No,23.64,0
83,Female,152.3,49.7,143.0,77.0,192.0,102.0,54.0,135.0,93.0,No,Former,Never,78.0,No,Yes,21.43,1
79,Male,185.2,84.3,137.0,77.0,251.0,160.0,38.0,52.0,72.0,No,Never,Never,69.0,No,Yes,24.58,0
28,Male,172.3,72.9,150.0,78.0,169.0,95.0,32.0,136.0,81.0,No,Never,Occasionally,128.0,No,No,24.56,0
30,Male,162.5,81.4,124.0,69.0,215.0,141.0,42.0,199.0,93.0,No,Former,Occasionally,228.0,No,No,30.83,0
37,Female,166.6,80.0,135.0,80.0,151.0,78.0,76.0,195.0,80.0,No,Never,Occasionally,150.0,No,No,28.82,0
41,Male,164.6,85.3,110.0,76.0,118.0,67.0,27.0,154.0,106.0,No,Former,Occasionally,109.0,No,No,31.48,0
20,Female,164.1,77.1,136.0,76.0,189.0,126.0,46.0,205.0,80.0,No,Never,Frequently,0.0,No,No,28.63,0
36,Male,167.5,76.5,117.0,92.0,90.0,35.0,73.0,187.0,95.0,Yes,Never,Occasionally,97.0,No,No,27.27,0
80,Male,177.6,96.6,145.0,89.0,210.0,110.0,28.0,211.0,85.0,No,Former,Occasionally,249.0,No,No,30.63,0
51,Male,170.8,112.4,115.0,83.0,268.0,163.0,46.0,67.0,83.0,No,Never,Never,88.0,No,No,38.53,0
81,Female,166.8,58.3,140.0,111.0,163.0,101.0,71.0,72.0,112.0,No,Never,Never,239.0,No,No,20.95,0
31,Male,176.3,63.2,96.0,47.0,177.0,96.0,16.0,65.0,69.0,No,Current,Occasionally,90.0,No,No,20.33,0
19,Male,175.4,81.1,117.0,83.0,145.0,83.0,48.0,65.0,86.0,No,Former,Occasionally,154.0,No,No,26.36,0
69,Male,179.6,46.9,140.0,78.0,213.0,120.0,26.0,124.0,88.0,No,Former,Never,179.0,No,No,14.54,1
47,Female,155.2,57.2,154.0,91.0,195.0,104.0,52.0,64.0,55.0,No,Former,Frequently,176.0,Yes,No,23.75,0
31,Female,156.8,44.6,102.0,68.0,175.0,87.0,74.0,111.0,94.0,No,Never,Occasionally,122.0,No,No,18.14,0
36,Female,167.9,40.9,104.0,74.0,172.0,83.0,35.0,227.0,72.0,No,Former,Occasionally,208.0,No,No,14.51,0
44,Female,164.3,78.0,120.0,66.0,202.0,95.0,42.0,149.0,85.0,No,Never,Never,226.0,Yes,No,28.89,0
54,Male,162.7,84.6,117.0,85.0,132.0,86.0,41.0,74.0,91.0,No,Current,Frequently,286.0,No,No,31.96,0
82,Other,167.8,67.2,143.0,85.0,169.0,93.0,66.0,140.0,82.0,No,Former,Occasionally,387.0,No,No,23.87,0
46,Female,167.9,74.4,102.0,81.0,183.0,89.0,65.0,96.0,82.0,No,Never,Occasionally,78.0,Yes,No,26.39,0
79,Female,168.6,60.7,159.0,78.0,264.0,153.0,65.0,102.0,86.0,No,Never,Never,121.0,No,Yes,21.35,1
61,Male,164.0,71.1,135.0,80.0,166.0,80.0,61.0,149.0,99.0,No,Current,Occasionally,228.0,No,No,26.44,0
57,Male,169.4,60.3,96.0,81.0,199.0,124.0,61.0,189.0,118.0,Yes,Never,Frequently,348.0,No,No,21.01,0
55,Male,173.9,86.8,108.0,77.0,144.0,78.0,55.0,116.0,60.0,No,Former,Never,83.0,No,No,28.7,0
64,Female,173.6,71.4,111.0,81.0,166.0,77.0,59.0,44.0,73.0,Yes,Current,Frequently,54.0,No,No,23.69,1
85,Female,162.0,66.8,138.0,88.0,222.0,104.0,67.0,89.0,81.0,No,Former,Occasionally,249.0,No,Yes,25.45,1
75,Female,161.4,88.4,155.0,102.0,209.0,138.0,70.0,86.0,140.0,Yes,Never,Occasionally,264.0,No,No,33.93,1
62,Male,179.2,97.2,117.0,90.0,170.0,111.0,42.0,264.0,117.0,Yes,Current,Never,222.0,No,No,30.27,0
18,Female,172.6,61.3,99.0,65.0,228.0,148.0,49.0,132.0,115.0,No,Never,Occasionally,0.0,Yes,No,20.58,0
23,Female,158.1,42.6,115.0,77.0,193.0,142.0,63.0,102.0,55.0,No,Former,Occasionally,120.0,No,No,17.04,0
67,Female,160.3,62.0,126.0,64.0,161.0,77.0,78.0,133.0,115.0,No,Former,Occasionally,263.0,Yes,No,24.13,0
21,Male,174.6,80.9,85.0,81.0,161.0,69.0,68.0,188.0,86.0,No,Never,Occasionally,227.0,Yes,No,26.54,0
73,Female,160.8,73.8,132.0,97.0,238.0,126.0,83.0,111.0,118.0,Yes,Former,Occasionally,251.0,No,No,28.54,1
49,Female,169.2,41.5,127.0,77.0,251.0,120.0,38.0,47.0,87.0,No,Former,Occasionally,398.0,No,No,14.5,0
49,Other,173.9,56.6,140.0,87.0,155.0,102.0,38.0,76.0,82.0,No,Never,Occasionally,234.0,No,No,18.72,0
50,Female,156.3,80.8,122.0,89.0,154.0,103.0,69.0,184.0,111.0,No,Never,Occasionally,77.0,No,No,33.07,0
78,Male,173.8,79.0,138.0,71.0,152.0,72.0,47.0,132.0,92.0,No,Former,Never,291.0,No,Yes,26.15,1
80,Male,173.4,64.1,123.0,78.0,154.0,83.0,48.0,76.0,117.0,No,Never,Never,173.0,No,No,21.32,0
37,Male,171.2,65.4,92.0,84.0,222.0,102.0,23.0,139.0,93.0,No,Never,Occasionally,150.0,Yes,No,22.31,0
60,Female,167.8,41.1,111.0,62.0,174.0,106.0,56.0,169.0,59.0,Yes,Never,Occasionally,159.0,No,No,14.6,0
52,Female,164.4,83.7,97.0,80.0,195.0,130.0,76.0,119.0,107.0,No,Never,Never,213.0,Yes,No,30.97,0
33,Male,173.5,78.7,105.0,81.0,172.0,72.0,53.0,114.0,126.0,No,Never,Frequently,0.0,No,No,26.14,0
79,Male,172.7,72.7,153.0,71.0,274.0,133.0,45.0,94.0,104.0,Yes,Never,Occasionally,199.0,Yes,No,24.38,0
35,Female,163.4,89.5,128.0,75.0,215.0,128.0,59.0,253.0,92.0,No,Never,Occasionally,180.0,Yes,No,33.52,1
73,Male,179.9,81.6,150.0,87.0,238.0,150.0,56.0,137.0,96.0,No,Never,Occasionally,111.0,No,Yes,25.21,0
83,Male,178.5,89.0,144.0,101.0,195.0,102.0,61.0,197.0,87.0,Yes,Never,Never,139.0,No,No,27.93,0
72,Female,170.3,82.0,161.0,103.0,148.0,73.0,47.0,173.0,109.0,No,Never,Never,122.0,No,No,28.27,0
24,Male,168.7,86.9,116.0,78.0,171.0,85.0,44.0,204.0,83.0,No,Never,Never,33.0,No,No,30.53,0
46,Female,152.7,67.1,108.0,94.0,171.0,104.0,65.0,111.0,76.0,No,Never,Occasionally,210.0,No,No,28.78,0
76,Female,153.1,82.5,159.0,93.0,199.0,119.0,76.0,252.0,84.0,No,Never,Occasionally,63.0,Yes,No,35.2,1
75,Female,150.6,76.5,127.0,78.0,186.0,102.0,72.0,118.0,107.0,Yes,Former,Never,169.0,Yes,No,33.73,1
24,Male,175.3,77.2,120.0,58.0,212.0,126.0,56.0,307.0,92.0,No,Former,Occasionally,118.0,Yes,No,25.12,0
78,Female,171.2,55.5,136.0,81.0,186.0,112.0,66.0,132.0,98.0,No,Never,Occasionally,79.0,Yes,No,18.94,0
20,Male,179.5,78.2,132.0,76.0,174.0,108.0,56.0,151.0,117.0,No,Never,Occasionally,128.0,No,No,24.27,0
74,Female,155.9,73.7,145.0,77.0,183.0,132.0,76.0,186.0,107.0,Yes,Never,Never,117.0,No,No,30.32,0
45,Female,168.8,84.1,125.0,58.0,255.0,176.0,59.0,123.0,117.0,No,Never,Occasionally,194.0,No,No,29.52,0
24,Female,175.7,48.7,94.0,74.0,134.0,83.0,57.0,66.0,93.0,No,Never,Occasionally,118.0,No,No,15.78,0
64,Female,161.3,38.4,121.0,83.0,159.0,76.0,43.0,57.0,75.0,No,Never,Occasionally,311.0,No,No,14.76,0
27,Female,166.3,44.8,125.0,77.0,133.0,84.0,60.0,162.0,98.0,No,Former,Occasionally,37.0,Yes,No,16.2,0
63,Male,164.4,68.0,103.0,80.0,197.0,100.0,45.0,120.0,96.0,No,Former,Occasionally,196.0,No,No,25.16,0
40,Male,192.0,51.9,127.0,80.0,211.0,124.0,30.0,96.0,90.0,No,Current,Occasionally,284.0,No,No,14.08,0
28,Female,163.7,53.9,110.0,76.0,216.0,116.0,46.0,204.0,81.0,No,Former,Occasionally,131.0,No,No,20.11,0
25,Female,153.8,54.6,94.0,79.0,167.0,98.0,63.0,87.0,101.0,No,Former,Never,191.0,No,No,23.08,0
42,Male,181.8,82.3,117.0,98.0,217.0,108.0,57.0,113.0,76.0,No,Former,Occasionally,245.0,Yes,No,24.9,1
30,Male,171.5,69.3,124.0,97.0,243.0,144.0,61.0,139.0,76.0,No,Current,Occasionally,42.0,No,Yes,23.56,0
60,Female,174.1,57.0,124.0,76.0,203.0,148.0,57.0,116.0,82.0,No,Never,Frequently,45.0,No,No,18.81,0
44,Male,150.1,88.2,128.0,93.0,226.0,118.0,52.0,106.0,89.0,No,Current,Occasionally,33.0,No,No,39.15,0
24,Female,157.7,78.1,133.0,83.0,152.0,92.0,61.0,143.0,102.0,No,Never,Occasionally,30.0,No,No,31.4,0
75,Male,190.1,101.4,149.0,86.0,194.0,104.0,28.0,148.0,113.0,No,Never,Frequently,103.0,No,No,28.06,0
27,Female,154.5,69.2,111.0,77.0,176.0,105.0,74.0,157.0,103.0,No,Never,Frequently,66.0,Yes,No,28.99,0
81,Male,190.2,70.6,112.0,77.0,235.0,174.0,65.0,115.0,115.0,Yes,Never,Never,190.0,No,No,19.52,0
58,Male,179.1,66.4,129.0,83.0,227.0,152.0,54.0,90.0,111.0,No,Never,Occasionally,0.0,No,Yes,20.7,0
58,Male,182.7,77.2,139.0,88.0,204.0,114.0,71.0,99.0,62.0,Yes,Former,Never,109.0,No,No,23.13,0
54,Male,173.2,86.6,111.0,79.0,219.0,124.0,64.0,133.0,106.0,No,Never,Never,185.0,Yes,No,28.87,0
73,Male,184.5,74.0,129.0,60.0,210.0,124.0,66.0,183.0,96.0,Yes,Current,Occasionally,325.0,No,Yes,21.74,1
67,Female,153.3,61.0,128.0,76.0,188.0,113.0,60.0,174.0,111.0,No,Former,Occasionally,103.0,Yes,No,25.96,0
37,Female,158.1,71.2,129.0,71.0,269.0,178.0,43.0,63.0,104.0,No,Never,Frequently,234.0,No,No,28.49,0
22,Female,163.0,44.2,100.0,67.0,121.0,65.0,53.0,63.0,60.0,No,Former,Never,178.0,No,No,16.64,0
80,Female,154.9,53.8,130.0,96.0,229.0,121.0,62.0,159.0,85.0,Yes,Never,Occasionally,191.0,No,No,22.42,0
40,Female,164.7,83.7,107.0,101.0,258.0,113.0,43.0,124.0,74.0,No,Never,Occasionally,180.0,No,No,30.86,0
57,Female,158.4,90.1,142.0,69.0,240.0,156.0,64.0,112.0,79.0,No,Never,Occasionally,150.0,No,No,35.91,0
66,Male,173.8,71.8,130.0,68.0,259.0,153.0,41.0,70.0,88.0,No,Former,Occasionally,52.0,No,No,23.77,0
82,Female,176.4,82.0,135.0,80.0,123.0,78.0,73.0,61.0,110.0,No,Former,Never,244.0,Yes,No,26.35,0
81,Male,166.2,70.1,142.0,80.0,224.0,147.0,35.0,148.0,126.0,Yes,Never,Frequently,233.0,No,Yes,25.38,1
43,Male,176.9,69.9,121.0,74.0,205.0,134.0,50.0,157.0,66.0,No,Never,Occasionally,232.0,No,No,22.34,0
82,Male,186.1,78.6,151.0,106.0,205.0,137.0,61.0,96.0,78.0,No,Never,Occasionally,69.0,No,No,22.69,1
83,Female,159.3,70.4,122.0,90.0,201.0,133.0,57.0,98.0,129.0,Yes,Never,Never,282.0,No,No,27.74,1
24,Male,166.1,62.9,108.0,73.0,147.0,87.0,62.0,144.0,93.0,Yes,Never,Occasionally,89.0,No,No,22.8,0
61,Other,160.2,100.5,132.0,65.0,144.0,101.0,45.0,75.0,109.0,No,Never,Occasionally,135.0,No,No,39.16,0
26,Male,171.5,83.3,102.0,96.0,153.0,72.0,42.0,140.0,80.0,No,Never,Occasionally,163.0,No,No,28.32,0
24,Male,173.2,95.1,107.0,77.0,168.0,113.0,36.0,142.0,126.0,No,Former,Never,93.0,No,No,31.7,0
45,Male,170.5,70.2,130.0,69.0,178.0,124.0,46.0,142.0,112.0,No,Never,Never,278.0,No,No,24.15,0
80,Female,155.2,64.5,133.0,70.0,245.0,163.0,63.0,94.0,98.0,No,Never,Occasionally,0.0,No,No,26.78,1
46,Female,159.9,58.8,118.0,94.0,219.0,105.0,54.0,181.0,114.0,No,Current,Occasionally,100.0,No,No,23.0,1
36,Male,166.9,86.9,108.0,88.0,190.0,104.0,20.0,126.0,97.0,No,Never,Occasionally,122.0,Yes,No,31.2,1
74,Male,184.0,73.5,143.0,67.0,237.0,156.0,26.0,165.0,60.0,No,Former,Occasionally,64.0,No,No,21.71,0
66,Female,163.5,39.1,131.0,85.0,205.0,104.0,70.0,114.0,103.0,No,Current,Occasionally,137.0,No,No,14.63,0
78,Male,173.3,84.5,160.0,92.0,168.0,102.0,63.0,231.0,120.0,No,Current,Frequently,218.0,Yes,No,28.14,0
25,Male,182.8,65.9,121.0,68.0,209.0,108.0,50.0,133.0,79.0,No,Never,Never,98.0,No,No,19.72,0
56,Male,161.1,80.7,136.0,85.0,181.0,107.0,31.0,132.0,72.0,No,Former,Occasionally,77.0,No,No,31.09,1
54,Male,169.1,48.4,103.0,82.0,198.0,113.0,24.0,115.0,114.0,No,Never,Never,29.0,Yes,No,16.93,0
77,Female,153.3,38.0,124.0,72.0,196.0,108.0,53.0,122.0,82.0,No,Never,Occasionally,149.0,No,No,16.17,0
81,Male,179.8,101.0,146.0,81.0,274.0,181.0,47.0,142.0,108.0,No,Current,Occasionally,110.0,No,No,31.24,1
42,Female,159.3,102.3,123.0,85.0,159.0,82.0,73.0,115.0,106.0,No,Never,Frequently,2.0,No,No,40.31,1
21,Male,174.6,75.2,119.0,63.0,252.0,130.0,51.0,252.0,94.0,No,Never,Occasionally,243.0,No,No,24.67,0
53,Female,169.3,81.6,131.0,74.0,145.0,82.0,43.0,104.0,72.0,No,Former,Never,364.0,No,No,28.47,0
34,Female,160.6,67.3,125.0,96.0,217.0,152.0,42.0,268.0,84.0,No,Former,Occasionally,0.0,No,No,26.09,0
30,Male,171.0,66.4,111.0,92.0,155.0,94.0,37.0,168.0,71.0,No,Never,Occasionally,241.0,No,No,22.71,0
67,Male,173.3,83.7,147.0,80.0,205.0,117.0,66.0,79.0,98.0,No,Never,Occasionally,277.0,No,No,27.87,0
21,Male,189.2,92.8,131.0,86.0,186.0,95.0,63.0,87.0,96.0,No,Never,Occasionally,167.0,No,No,25.92,0
63,Male,185.2,80.6,129.0,88.0,183.0,116.0,61.0,160.0,113.0,No,Never,Frequently,45.0,No,No,23.5,0
79,Male,156.2,91.3,153.0,71.0,149.0,80.0,48.0,152.0,107.0,Yes,Current,Occasionally,42.0,No,No,37.42,1
64,Male,148.8,82.3,132.0,86.0,227.0,110.0,36.0,105.0,102.0,No,Never,Frequently,29.0,No,Yes,37.17,0
25,Male,178.9,73.0,120.0,63.0,235.0,127.0,42.0,123.0,119.0,No,Never,Occasionally,192.0,No,No,22.81,0
26,Male,183.5,87.1,99.0,101.0,162.0,88.0,31.0,215.0,147.0,No,Former,Occasionally,147.0,No,No,25.87,0
49,Female,145.7,62.8,112.0,78.0,206.0,93.0,63.0,76.0,80.0,No,Never,Occasionally,346.0,No,No,29.58,0
55,Female,163.6,55.5,132.0,59.0,211.0,155.0,50.0,119.0,97.0,No,Current,Frequently,104.0,No,No,20.74,1
50,Female,157.2,73.3,130.0,62.0,131.0,83.0,57.0,57.0,98.0,No,Former,Occasionally,42.0,No,Yes,29.66,1
40,Male,177.7,77.6,113.0,75.0,137.0,83.0,58.0,232.0,111.0,No,Never,Occasionally,111.0,No,No,24.57,0
40,Female,173.8,74.8,124.0,82.0,196.0,95.0,75.0,75.0,86.0,No,Never,Never,171.0,No,Yes,24.76,0
55,Male,162.6,87.3,152.0,93.0,227.0,126.0,75.0,78.0,129.0,No,Current,Never,106.0,No,No,33.02,0
38,Female,154.4,60.8,113.0,89.0,198.0,129.0,58.0,426.0,109.0,No,Never,Never,0.0,No,No,25.5,0
80,Male,181.4,67.6,137.0,90.0,167.0,100.0,57.0,73.0,85.0,No,Never,Occasionally,108.0,No,No,20.54,1
46,Male,166.7,112.9,122.0,98.0,233.0,139.0,53.0,159.0,83.0,Yes,Current,Occasionally,0.0,No,No,40.63,0
39,Female,178.5,90.6,119.0,66.0,143.0,86.0,47.0,179.0,135.0,No,Never,Never,155.0,Yes,No,28.43,0
50,Female,146.4,50.2,107.0,94.0,169.0,99.0,57.0,147.0,59.0,No,Never,Never,117.0,Yes,No,23.42,0
66,Female,165.0,85.3,123.0,89.0,190.0,113.0,58.0,342.0,117.0,No,Never,Frequently,175.0,No,No,31.33,0
28,Male,175.5,78.7,124.0,71.0,129.0,69.0,41.0,336.0,114.0,No,Former,Occasionally,174.0,No,No,25.55,0
60,Female,163.6,70.0,139.0,80.0,177.0,110.0,35.0,180.0,108.0,No,Former,Occasionally,183.0,Yes,Yes,26.15,1
42,Male,175.3,95.5,131.0,67.0,209.0,115.0,27.0,89.0,109.0,No,Never,Occasionally,0.0,No,No,31.08,0
48,Male,159.3,85.2,109.0,88.0,223.0,128.0,51.0,105.0,95.0,No,Never,Frequently,127.0,No,No,33.57,0
59,Female,171.7,69.1,115.0,87.0,228.0,131.0,69.0,96.0,88.0,No,Former,Occasionally,151.0,No,No,23.44,0
30,Female,152.8,61.7,90.0,81.0,233.0,144.0,53.0,156.0,115.0,No,Current,Never,61.0,Yes,No,26.43,0
84,Male,172.8,88.8,131.0,85.0,233.0,127.0,54.0,147.0,108.0,No,Former,Occasionally,41.0,Yes,No,29.74,0
53,Male,180.8,94.8,132.0,74.0,170.0,97.0,46.0,222.0,90.0,No,Former,Occasionally,54.0,Yes,No,29.0,0
53,Female,171.7,75.1,129.0,95.0,198.0,98.0,64.0,196.0,120.0,No,Current,Never,0.0,Yes,No,25.47,0
81,Female,168.4,53.1,137.0,100.0,297.0,167.0,76.0,80.0,82.0,No,Never,Occasionally,175.0,Yes,Yes,18.72,1
42,Male,180.2,55.7,95.0,85.0,235.0,126.0,47.0,197.0,83.0,No,Never,Occasionally,58.0,No,No,17.15,0
59,Male,164.2,87.2,133.0,79.0,169.0,78.0,23.0,149.0,88.0,No,Never,Occasionally,0.0,No,No,32.34,0
47,Female,152.5,81.7,119.0,77.0,239.0,154.0,57.0,178.0,98.0,No,Current,Occasionally,0.0,No,No,35.13,1
41,Female,181.2,63.1,117.0,72.0,133.0,104.0,45.0,110.0,82.0,No,Never,Occasionally,87.0,No,No,19.22,0
24,Male,172.1,70.7,110.0,94.0,194.0,94.0,47.0,242.0,114.0,No,Never,Never,271.0,No,No,23.87,0
33,Female,151.4,56.2,132.0,89.0,159.0,102.0,48.0,113.0,111.0,No,Never,Occasionally,41.0,Yes,No,24.52,0
33,Male,171.0,93.8,136.0,79.0,169.0,97.0,57.0,104.0,107.0,No,Former,Occasionally,196.0,No,No,32.08,0
63,Male,166.2,77.8,123.0,72.0,173.0,118.0,53.0,186.0,87.0,No,Never,Occasionally,128.0,No,No,28.17,0
27,Male,169.4,89.3,101.0,77.0,202.0,129.0,36.0,142.0,68.0,No,Former,Occasionally,167.0,Yes,No,31.12,1
67,Other,181.0,73.2,123.0,56.0,189.0,92.0,39.0,154.0,74.0,No,Never,Frequently,95.0,No,No,22.34,0
83,Female,168.4,51.4,119.0,93.0,183.0,97.0,53.0,161.0,121.0,No,Current,Occasionally,211.0,Yes,No,18.13,0
73,Male,172.3,70.5,134.0,100.0,275.0,159.0,44.0,166.0,90.0,No,Current,Occasionally,133.0,No,Yes,23.75,1
78,Female,169.1,81.9,131.0,86.0,231.0,146.0,25.0,158.0,97.0,No,Former,Occasionally,0.0,No,Yes,28.64,0
66,Male,163.8,77.3,150.0,73.0,104.0,52.0,68.0,133.0,85.0,No,Never,Never,274.0,No,No,28.81,0
55,Female,155.6,50.4,134.0,80.0,107.0,70.0,68.0,145.0,111.0,No,Former,Never,99.0,No,No,20.82,0
29,Female,165.0,60.8,100.0,78.0,176.0,109.0,69.0,212.0,106.0,No,Never,Frequently,229.0,Yes,No,22.33,0
22,Male,163.6,88.0,121.0,66.0,223.0,158.0,44.0,394.0,89.0,No,Former,Never,226.0,No,No,32.88,0
57,Female,162.8,72.9,136.0,82.0,179.0,124.0,51.0,67.0,82.0,No,Never,Occasionally,0.0,No,No,27.51,1
65,Male,177.6,97.9,124.0,80.0,113.0,66.0,44.0,107.0,100.0,Yes,Never,Never,48.0,Yes,No,31.04,1
31,Female,151.1,68.4,140.0,73.0,159.0,93.0,49.0,224.0,106.0,No,Former,Occasionally,48.0,No,No,29.96,0
41,Male,166.2,71.3,119.0,86.0,169.0,113.0,52.0,274.0,123.0,No,Current,Occasionally,0.0,No,No,25.81,0
64,Female,154.4,38.0,110.0,72.0,235.0,119.0,40.0,177.0,121.0,No,Former,Occasionally,33.0,Yes,No,15.94,1
39,Male,168.9,67.4,127.0,72.0,175.0,106.0,51.0,196.0,111.0,No,Former,Occasionally,128.0,No,No,23.63,0
29,Female,149.0,63.2,125.0,75.0,239.0,91.0,55.0,129.0,95.0,No,Never,Occasionally,178.0,No,No,28.47,0
56,Male,175.2,89.7,100.0,68.0,217.0,142.0,51.0,144.0,100.0,No,Former,Never,216.0,No,No,29.22,0
71,Female,163.4,55.3,109.0,82.0,172.0,92.0,61.0,121.0,90.0,No,Current,Never,275.0,No,No,20.71,0
57,Female,161.0,88.2,153.0,89.0,146.0,78.0,65.0,144.0,105.0,No,Never,Never,360.0,No,No,34.03,0
29,Female,159.8,75.8,132.0,89.0,107.0,65.0,47.0,199.0,87.0,No,Current,Occasionally,52.0,No,No,29.68,0
73,Female,164.2,92.5,135.0,86.0,173.0,95.0,63.0,127.0,125.0,Yes,Former,Frequently,47.0,No,Yes,34.31,1
42,Female,173.6,71.1,128.0,81.0,148.0,94.0,65.0,238.0,104.0,No,Never,Occasionally,179.0,Yes,No,23.59,0
58,Male,172.1,83.1,153.0,85.0,255.0,119.0,27.0,254.0,102.0,No,Never,Occasionally,284.0,No,Yes,28.06,1
38,Female,166.6,49.5,124.0,88.0,156.0,93.0,54.0,150.0,106.0,No,Never,Occasionally,135.0,No,No,17.83,0
59,Other,161.9,46.4,131.0,83.0,130.0,82.0,53.0,173.0,96.0,No,Former,Occasionally,49.0,No,No,17.7,0
61,Male,166.2,110.0,118.0,84.0,187.0,105.0,62.0,48.0,92.0,No,Former,Frequently,166.0,No,No,39.82,0
28,Female,159.1,91.7,108.0,60.0,186.0,82.0,76.0,162.0,131.0,No,Never,Occasionally,200.0,No,No,36.23,0
63,Female,160.5,77.3,154.0,88.0,184.0,123.0,71.0,148.0,91.0,Yes,Never,Frequently,266.0,No,No,30.01,1
73,Male,183.6,76.5,125.0,65.0,240.0,144.0,41.0,79.0,112.0,No,Current,Frequently,82.0,No,No,22.69,1
48,Female,153.1,59.3,146.0,80.0,169.0,96.0,76.0,139.0,93.0,No,Never,Occasionally,207.0,No,No,25.3,0
76,Female,165.4,41.4,121.0,75.0,238.0,165.0,63.0,222.0,95.0,No,Former,Occasionally,317.0,No,No,15.13,0
65,Male,171.6,89.0,117.0,77.0,215.0,127.0,62.0,142.0,100.0,No,Former,Occasionally,156.0,No,No,30.22,0
44,Male,167.7,79.4,123.0,71.0,117.0,72.0,36.0,96.0,97.0,No,Never,Occasionally,177.0,Yes,No,28.23,1
80,Male,185.1,61.9,128.0,51.0,213.0,101.0,29.0,117.0,127.0,No,Current,Occasionally,196.0,No,No,18.07,1
71,Female,163.3,70.9,111.0,72.0,234.0,121.0,44.0,143.0,72.0,No,Never,Occasionally,133.0,No,No,26.59,0
68,Female,158.8,76.0,134.0,76.0,276.0,171.0,50.0,200.0,116.0,No,Current,Occasionally,167.0,No,No,30.14,1
34,Female,167.9,96.8,98.0,82.0,197.0,116.0,64.0,148.0,101.0,No,Former,Occasionally,324.0,No,No,34.34,0
51,Female,149.1,74.8,120.0,82.0,171.0,88.0,66.0,109.0,98.0,No,Former,Occasionally,91.0,No,No,33.65,0
41,Male,170.9,104.5,101.0,80.0,145.0,79.0,46.0,168.0,111.0,No,Never,Occasionally,261.0,Yes,No,35.78,0
60,Male,165.5,61.9,152.0,79.0,159.0,98.0,54.0,92.0,75.0,No,Current,Occasionally,105.0,No,No,22.6,0
51,Female,161.1,65.6,135.0,87.0,203.0,156.0,68.0,75.0,78.0,No,Never,Occasionally,0.0,Yes,Yes,25.28,1
35,Male,165.9,102.8,127.0,76.0,209.0,147.0,43.0,236.0,77.0,No,Never,Occasionally,64.0,No,No,37.35,0
64,Male,175.6,76.0,143.0,86.0,250.0,145.0,61.0,143.0,69.0,No,Never,Frequently,14.0,No,Yes,24.65,1
80,Female,160.3,69.3,110.0,83.0,238.0,161.0,54.0,90.0,86.0,No,Former,Occasionally,163.0,No,No,26.97,0
56,Male,184.5,98.2,136.0,79.0,263.0,133.0,44.0,100.0,112.0,No,Current,Occasionally,80.0,No,No,28.85,1
78,Female,162.3,58.5,127.0,64.0,250.0,98.0,56.0,44.0,73.0,No,Former,Occasionally,160.0,Yes,Yes,22.21,1
44,Male,175.4,45.1,138.0,72.0,163.0,111.0,47.0,79.0,105.0,No,Never,Never,153.0,No,No,14.66,0
65,Female,174.5,38.5,137.0,70.0,152.0,94.0,46.0,92.0,88.0,No,Never,Frequently,219.0,No,No,12.64,0
59,Male,167.1,105.5,121.0,73.0,201.0,125.0,43.0,192.0,70.0,No,Former,Never,101.0,No,No,37.78,0
47,Female,158.8,72.7,142.0,79.0,205.0,142.0,78.0,158.0,98.0,No,Former,Never,232.0,Yes,No,28.83,0
23,Female,182.6,63.6,122.0,52.0,193.0,81.0,64.0,139.0,104.0,No,Never,Occasionally,111.0,No,No,19.07,0
32,Male,166.5,62.8,85.0,83.0,216.0,146.0,53.0,138.0,123.0,No,Never,Occasionally,132.0,No,No,22.65,0
80,Male,165.9,124.2,169.0,88.0,135.0,77.0,66.0,104.0,114.0,No,Never,Occasionally,130.0,No,Yes,45.13,1
69,Female,167.4,75.1,111.0,80.0,197.0,122.0,57.0,82.0,110.0,No,Current,Occasionally,189.0,No,No,26.8,1
71,Female,162.1,96.5,146.0,88.0,243.0,141.0,84.0,116.0,113.0,Yes,Never,Never,112.0,No,Yes,36.72,0
34,Male,177.6,83.2,131.0,59.0,216.0,139.0,55.0,295.0,102.0,No,Never,Occasionally,231.0,No,No,26.38,0
51,Female,165.2,45.4,128.0,78.0,152.0,97.0,78.0,69.0,103.0,No,Current,Frequently,28.0,No,No,16.64,0
52,Male,185.0,85.9,127.0,84.0,243.0,139.0,51.0,133.0,94.0,No,Never,Occasionally,93.0,No,No,25.1,0
23,Female,164.0,52.7,102.0,78.0,235.0,148.0,59.0,61.0,60.0,No,Never,Frequently,197.0,No,No,19.59,0
29,Female,174.2,73.5,124.0,75.0,177.0,77.0,70.0,283.0,66.0,No,Never,Never,125.0,No,No,24.22,0
82,Male,170.2,60.3,146.0,96.0,150.0,92.0,43.0,83.0,96.0,No,Former,Occasionally,134.0,No,No,20.82,1
62,Female,165.5,64.9,140.0,67.0,259.0,156.0,54.0,96.0,103.0,No,Former,Never,278.0,No,Yes,23.69,1
64,Female,170.5,61.5,127.0,101.0,314.0,173.0,55.0,147.0,124.0,No,Current,Occasionally,0.0,Yes,No,21.16,1
42,Female,152.9,52.5,107.0,70.0,164.0,89.0,55.0,145.0,69.0,No,Never,Occasionally,231.0,No,No,22.46,0
64,Female,154.6,72.0,125.0,87.0,184.0,105.0,35.0,261.0,75.0,Yes,Former,Frequently,161.0,No,No,30.12,0
45,Female,161.4,111.2,143.0,87.0,189.0,103.0,52.0,198.0,70.0,No,Never,Never,234.0,No,No,42.69,0
40,Male,160.9,71.6,146.0,71.0,234.0,138.0,66.0,267.0,82.0,No,Former,Occasionally,96.0,No,No,27.66,0
67,Female,152.1,64.6,135.0,88.0,226.0,141.0,70.0,247.0,132.0,No,Former,Occasionally,98.0,Yes,No,27.92,1
19,Male,170.7,75.2,96.0,70.0,206.0,115.0,65.0,226.0,83.0,No,Never,Occasionally,179.0,No,No,25.81,0
54,Female,165.8,79.1,134.0,70.0,150.0,86.0,56.0,57.0,115.0,Yes,Never,Occasionally,251.0,No,No,28.77,0
53,Female,142.6,51.8,127.0,90.0,163.0,119.0,46.0,113.0,87.0,No,Current,Occasionally,51.0,No,No,25.47,0
21,Male,182.5,81.2,102.0,72.0,160.0,95.0,49.0,141.0,106.0,No,Never,Never,283.0,Yes,No,24.38,0
83,Female,164.3,98.7,137.0,88.0,166.0,92.0,55.0,224.0,61.0,No,Former,Never,129.0,Yes,Yes,36.56,0
75,Female,148.9,64.3,142.0,78.0,213.0,117.0,49.0,153.0,91.0,No,Never,Occasionally,169.0,No,No,29.0,1
43,Female,174.9,68.9,145.0,77.0,218.0,116.0,55.0,130.0,81.0,No,Never,Never,160.0,No,No,22.52,0
74,Male,169.4,71.8,159.0,72.0,243.0,116.0,25.0,161.0,87.0,No,Never,Occasionally,33.0,No,Yes,25.02,1
67,Male,185.5,70.6,139.0,79.0,212.0,105.0,45.0,140.0,89.0,No,Former,Never,76.0,No,Yes,20.52,0
47,Male,166.3,94.3,140.0,85.0,151.0,78.0,66.0,305.0,79.0,No,Never,Occasionally,216.0,No,No,34.1,0
30,Female,163.8,60.0,122.0,68.0,199.0,106.0,37.0,86.0,109.0,No,Never,Never,18.0,No,No,22.36,0
34,Female,157.0,77.3,116.0,65.0,186.0,113.0,37.0,98.0,71.0,No,Never,Never,185.0,No,No,31.36,0
34,Male,169.3,49.7,117.0,72.0,212.0,140.0,62.0,283.0,100.0,No,Never,Frequently,211.0,No,No,17.34,0
42,Female,168.3,78.8,122.0,81.0,183.0,110.0,38.0,210.0,83.0,No,Former,Never,146.0,No,No,27.82,0
48,Male,180.2,64.0,118.0,91.0,287.0,194.0,30.0,141.0,72.0,No,Current,Occasionally,307.0,Yes,No,19.71,1
33,Male,175.5,89.3,103.0,93.0,184.0,87.0,44.0,113.0,70.0,No,Never,Frequently,40.0,No,No,28.99,0
80,Male,175.7,77.5,140.0,73.0,262.0,139.0,58.0,265.0,91.0,No,Never,Occasionally,261.0,No,Yes,25.1,0
43,Female,149.8,76.5,161.0,78.0,175.0,85.0,36.0,237.0,71.0,No,Never,Never,351.0,No,No,34.09,1
31,Female,165.2,68.6,128.0,80.0,132.0,93.0,59.0,129.0,109.0,No,Never,Occasionally,36.0,No,No,25.14,0
47,Female,165.4,65.6,118.0,81.0,212.0,104.0,53.0,277.0,99.0,No,Former,Never,182.0,No,No,23.98,0
60,Female,171.5,62.6,119.0,102.0,207.0,135.0,54.0,282.0,80.0,No,Former,Occasionally,180.0,No,No,21.28,0
40,Female,166.8,74.3,116.0,76.0,197.0,120.0,62.0,117.0,112.0,No,Former,Never,138.0,No,No,26.71,0
28,Male,173.4,87.6,109.0,84.0,231.0,154.0,34.0,150.0,100.0,No,Current,Frequently,33.0,No,No,29.13,0
47,Male,174.6,70.9,122.0,74.0,182.0,107.0,37.0,128.0,92.0,No,Never,Frequently,164.0,Yes,No,23.26,1
68,Male,194.3,48.6,138.0,74.0,140.0,83.0,49.0,57.0,71.0,No,Never,Occasionally,159.0,Yes,Yes,12.87,0
85,Female,153.1,56.7,134.0,71.0,188.0,116.0,64.0,114.0,107.0,Yes,Former,Never,176.0,No,Yes,24.19,0
78,Female,174.5,73.8,125.0,90.0,172.0,118.0,57.0,64.0,112.0,No,Never,Occasionally,43.0,Yes,Yes,24.24,1
28,Other,167.5,75.3,85.0,58.0,274.0,184.0,78.0,182.0,102.0,No,Never,Occasionally,180.0,Yes,No,26.84,0
59,Male,169.1,53.6,112.0,70.0,250.0,150.0,44.0,93.0,100.0,No,Former,Occasionally,27.0,No,No,18.74,0
72,Female,168.4,95.0,150.0,99.0,148.0,70.0,67.0,206.0,84.0,Yes,Never,Frequently,69.0,No,No,33.5,0
48,Male,187.7,78.6,126.0,68.0,263.0,166.0,61.0,97.0,90.0,No,Never,Occasionally,105.0,Yes,Yes,22.31,1
22,Male,176.7,101.5,106.0,79.0,184.0,93.0,31.0,43.0,100.0,No,Never,Occasionally,232.0,Yes,No,32.51,0
78,Female,172.1,52.2,131.0,93.0,250.0,122.0,57.0,91.0,99.0,No,Never,Never,173.0,No,No,17.62,0
46,Female,161.1,88.5,105.0,72.0,168.0,96.0,54.0,88.0,70.0,No,Former,Occasionally,106.0,No,No,34.1,0
46,Female,152.3,70.6,109.0,77.0,117.0,59.0,40.0,91.0,135.0,No,Former,Never,116.0,No,No,30.44,0
28,Male,176.5,72.5,100.0,75.0,198.0,124.0,65.0,218.0,113.0,No,Never,Never,184.0,No,No,23.27,0
18,Male,173.2,79.0,120.0,94.0,197.0,128.0,56.0,127.0,75.0,No,Current,Occasionally,228.0,Yes,No,26.33,0
42,Female,164.5,60.6,129.0,70.0,226.0,152.0,50.0,219.0,103.0,No,Current,Occasionally,103.0,No,No,22.39,1
58,Male,182.9,65.7,123.0,79.0,182.0,93.0,53.0,251.0,96.0,No,Never,Frequently,173.0,No,No,19.64,0
23,Female,162.3,58.1,109.0,66.0,195.0,75.0,59.0,83.0,102.0,No,Former,Frequently,205.0,No,No,22.06,0
46,Female,165.1,58.9,112.0,79.0,114.0,55.0,71.0,172.0,81.0,No,Former,Never,250.0,No,No,21.61,0
55,Male,163.2,66.9,128.0,87.0,227.0,141.0,75.0,182.0,75.0,No,Current,Occasionally,151.0,Yes,No,25.12,0
66,Female,148.5,44.6,120.0,93.0,211.0,117.0,69.0,231.0,91.0,No,Never,Occasionally,225.0,No,No,20.22,0
19,Female,156.8,80.8,106.0,77.0,115.0,79.0,73.0,167.0,78.0,No,Never,Occasionally,267.0,No,No,32.86,0
44,Female,168.6,64.3,94.0,74.0,271.0,138.0,57.0,254.0,120.0,No,Never,Occasionally,154.0,Yes,No,22.62,0
85,Female,176.3,79.3,148.0,85.0,181.0,116.0,58.0,257.0,96.0,No,Never,Never,269.0,No,No,25.51,0
48,Female,160.0,68.8,111.0,88.0,218.0,113.0,57.0,174.0,90.0,No,Never,Occasionally,194.0,No,No,26.87,0
45,Male,165.2,62.3,97.0,79.0,253.0,136.0,34.0,303.0,104.0,No,Never,Never,260.0,Yes,No,22.83,0
40,Female,165.7,72.4,135.0,72.0,135.0,88.0,78.0,68.0,98.0,No,Current,Never,169.0,Yes,No,26.37,1
84,Female,152.8,56.1,143.0,103.0,227.0,157.0,42.0,120.0,120.0,No,Never,Occasionally,72.0,No,Yes,24.03,1
49,Male,180.1,60.3,128.0,70.0,145.0,87.0,30.0,102.0,55.0,No,Never,Never,111.0,Yes,No,18.59,0
50,Male,187.4,90.6,114.0,76.0,281.0,199.0,41.0,177.0,58.0,No,Never,Frequently,188.0,No,No,25.8,0
80,Female,160.7,80.7,139.0,84.0,271.0,153.0,53.0,160.0,120.0,No,Never,Never,205.0,No,Yes,31.25,1
48,Female,162.4,40.0,111.0,79.0,185.0,115.0,48.0,275.0,107.0,No,Never,Occasionally,68.0,Yes,No,15.17,0
68,Female,169.4,64.7,118.0,88.0,296.0,156.0,46.0,113.0,85.0,No,Current,Occasionally,388.0,No,No,22.55,0
68,Male,169.9,66.5,115.0,53.0,256.0,175.0,52.0,115.0,60.0,No,Never,Never,113.0,No,No,23.04,1
73,Male,163.2,66.4,143.0,103.0,185.0,107.0,41.0,185.0,122.0,No,Current,Never,287.0,No,No,24.93,0
36,Male,163.7,105.7,126.0,76.0,198.0,103.0,34.0,54.0,102.0,No,Never,Occasionally,0.0,No,No,39.44,0
43,Male,181.7,65.3,117.0,74.0,203.0,112.0,53.0,103.0,103.0,No,Never,Never,147.0,No,No,19.78,0
76,Female,161.2,63.7,161.0,90.0,182.0,101.0,49.0,97.0,83.0,No,Current,Never,99.0,Yes,Yes,24.51,1
83,Female,163.4,68.6,143.0,74.0,179.0,105.0,40.0,169.0,79.0,No,Current,Never,324.0,No,Yes,25.69,1
25,Male,172.8,69.3,91.0,62.0,223.0,133.0,62.0,115.0,89.0,No,Former,Frequently,155.0,Yes,No,23.21,0
21,Male,176.6,68.7,94.0,82.0,250.0,131.0,51.0,128.0,58.0,No,Current,Never,57.0,No,No,22.03,0
52,Female,155.7,73.3,121.0,68.0,137.0,89.0,68.0,141.0,88.0,No,Current,Occasionally,88.0,No,No,30.24,0
26,Female,169.3,85.4,120.0,86.0,177.0,102.0,57.0,96.0,115.0,No,Never,Occasionally,147.0,Yes,No,29.8,0
59,Female,156.9,61.3,100.0,74.0,193.0,101.0,47.0,233.0,105.0,No,Former,Occasionally,96.0,Yes,No,24.9,0
19,Male,161.7,60.7,103.0,86.0,239.0,120.0,46.0,122.0,78.0,No,Never,Frequently,64.0,No,No,23.21,0
21,Male,180.2,101.3,131.0,58.0,241.0,124.0,53.0,129.0,113.0,No,Former,Never,327.0,No,No,31.2,0
51,Female,160.0,59.2,138.0,74.0,170.0,82.0,58.0,111.0,86.0,No,Never,Never,309.0,No,No,23.12,0
64,Female,150.9,66.8,131.0,79.0,194.0,99.0,53.0,165.0,122.0,Yes,Never,Never,241.0,No,No,29.34,0
52,Male,185.1,67.2,139.0,86.0,145.0,85.0,58.0,44.0,112.0,No,Former,Occasionally,26.0,No,No,19.61,0
33,Female,163.5,79.3,123.0,75.0,212.0,112.0,46.0,89.0,115.0,No,Current,Occasionally,294.0,No,No,29.66,0
69,Female,159.5,87.1,147.0,83.0,203.0,116.0,40.0,138.0,113.0,Yes,Current,Frequently,50.0,No,No,34.24,0
81,Male,184.9,75.1,149.0,77.0,204.0,115.0,22.0,177.0,114.0,No,Former,Occasionally,137.0,No,Yes,21.97,1
80,Male,160.8,89.1,145.0,81.0,103.0,68.0,29.0,292.0,101.0,Yes,Never,Never,242.0,No,No,34.46,0
76,Female,150.3,68.5,123.0,86.0,202.0,109.0,72.0,200.0,119.0,Yes,Former,Frequently,262.0,No,No,30.32,0
46,Male,174.0,49.3,110.0,74.0,202.0,104.0,46.0,158.0,69.0,No,Never,Occasionally,115.0,No,No,16.28,0
19,Female,163.6,58.1,105.0,95.0,175.0,89.0,59.0,75.0,71.0,No,Never,Occasionally,154.0,No,No,21.71,0
60,Male,166.4,60.0,113.0,83.0,190.0,102.0,60.0,35.0,85.0,No,Current,Never,0.0,Yes,No,21.67,0
36,Female,159.5,81.0,136.0,72.0,191.0,99.0,73.0,138.0,99.0,No,Never,Occasionally,250.0,Yes,No,31.84,0
28,Female,168.3,56.4,131.0,70.0,211.0,111.0,59.0,81.0,117.0,No,Current,Occasionally,222.0,No,No,19.91,0
67,Male,188.2,59.5,88.0,83.0,212.0,126.0,41.0,82.0,115.0,No,Current,Occasionally,120.0,No,No,16.8,0
81,Other,148.8,71.1,130.0,101.0,226.0,137.0,33.0,190.0,112.0,Yes,Never,Occasionally,200.0,No,No,32.11,0
85,Female,154.4,62.4,126.0,82.0,193.0,112.0,47.0,35.0,81.0,Yes,Current,Frequently,54.0,No,No,26.18,1
41,Male,177.9,76.7,109.0,85.0,228.0,126.0,55.0,246.0,84.0,No,Former,Occasionally,155.0,No,No,24.24,0
26,Male,176.9,89.1,85.0,77.0,183.0,87.0,64.0,74.0,95.0,Yes,Never,Occasionally,106.0,No,No,28.47,0
75,Female,157.6,70.1,152.0,82.0,257.0,122.0,49.0,59.0,116.0,Yes,Never,Occasionally,157.0,Yes,No,28.22,1
52,Male,174.7,74.4,137.0,69.0,143.0,87.0,58.0,137.0,80.0,No,Former,Occasionally,220.0,No,No,24.38,0
70,Male,180.1,73.6,114.0,85.0,257.0,132.0,65.0,101.0,115.0,No,Never,Never,112.0,No,No,22.69,0
67,Male,185.7,65.2,137.0,69.0,219.0,128.0,34.0,283.0,86.0,No,Current,Never,0.0,Yes,No,18.91,0
24,Male,191.1,91.2,116.0,83.0,181.0,87.0,52.0,203.0,104.0,No,Current,Occasionally,98.0,No,No,24.97,0
51,Male,174.5,64.1,124.0,73.0,228.0,143.0,40.0,365.0,113.0,No,Never,Never,0.0,No,No,21.05,0
78,Female,161.8,44.2,143.0,76.0,195.0,123.0,50.0,170.0,81.0,No,Never,Frequently,256.0,No,No,16.88,0
34,Other,155.2,50.3,120.0,72.0,172.0,104.0,43.0,86.0,79.0,No,Never,Never,230.0,No,No,20.88,0
55,Male,169.0,94.3,162.0,84.0,195.0,104.0,47.0,175.0,80.0,No,Never,Occasionally,209.0,No,No,33.02,1
48,Female,160.0,97.6,97.0,77.0,239.0,126.0,57.0,156.0,106.0,No,Never,Never,199.0,No,No,38.12,0
27,Female,166.9,92.4,132.0,66.0,196.0,95.0,45.0,165.0,106.0,No,Current,Occasionally,113.0,No,No,33.17,0
20,Male,168.3,87.2,113.0,80.0,168.0,118.0,37.0,108.0,80.0,No,Never,Never,24.0,No,No,30.79,0
47,Female,167.7,66.0,117.0,89.0,188.0,104.0,54.0,102.0,80.0,No,Never,Occasionally,116.0,No,No,23.47,0
61,Female,168.1,85.8,117.0,82.0,182.0,108.0,38.0,197.0,70.0,No,Former,Frequently,81.0,No,No,30.36,0
64,Male,181.5,108.3,134.0,87.0,161.0,92.0,66.0,143.0,101.0,No,Never,Never,135.0,No,No,32.88,0
30,Male,185.4,84.4,98.0,74.0,245.0,110.0,57.0,159.0,94.0,No,Former,Occasionally,360.0,Yes,No,24.55,0
66,Male,179.2,95.0,138.0,94.0,239.0,137.0,49.0,138.0,87.0,No,Former,Never,180.0,Yes,No,29.58,1
37,Male,170.3,83.4,122.0,84.0,158.0,89.0,35.0,149.0,75.0,No,Never,Occasionally,204.0,No,No,28.76,0
19,Female,161.2,50.0,87.0,69.0,118.0,68.0,80.0,136.0,104.0,No,Current,Occasionally,178.0,No,No,19.24,0
34,Female,150.3,84.1,125.0,73.0,183.0,90.0,54.0,202.0,122.0,No,Never,Never,142.0,Yes,No,37.23,0
70,Male,162.6,84.0,125.0,77.0,192.0,118.0,61.0,135.0,104.0,Yes,Never,Occasionally,207.0,No,No,31.77,1
56,Female,161.1,74.1,111.0,66.0,201.0,108.0,44.0,87.0,104.0,No,Never,Frequently,124.0,No,No,28.55,0
42,Other,170.0,61.1,141.0,89.0,276.0,166.0,16.0,56.0,99.0,No,Current,Frequently,161.0,Yes,No,21.14,0
83,Male,175.2,69.1,146.0,81.0,238.0,119.0,28.0,117.0,95.0,No,Never,Frequently,236.0,No,Yes,22.51,0
46,Female,153.9,76.8,96.0,82.0,210.0,114.0,61.0,164.0,94.0,No,Never,Occasionally,151.0,No,No,32.43,0
79,Female,166.5,55.4,115.0,83.0,205.0,133.0,52.0,110.0,100.0,No,Never,Never,272.0,No,No,19.98,0
29,Female,165.3,81.9,139.0,69.0,125.0,62.0,38.0,203.0,107.0,No,Current,Frequently,66.0,No,No,29.97,0
23,Male,156.6,105.6,124.0,81.0,198.0,142.0,47.0,57.0,109.0,No,Former,Occasionally,25.0,No,No,43.06,0
68,Male,166.2,77.2,139.0,84.0,137.0,60.0,48.0,116.0,84.0,Yes,Current,Occasionally,131.0,No,No,27.95,0
54,Female,162.2,89.4,102.0,72.0,238.0,118.0,55.0,86.0,80.0,Yes,Never,Occasionally,109.0,No,No,33.98,0
31,Female,155.8,61.4,111.0,78.0,168.0,107.0,66.0,150.0,79.0,No,Former,Never,241.0,No,No,25.29,0
70,Male,176.0,67.5,136.0,80.0,159.0,99.0,39.0,106.0,86.0,No,Current,Occasionally,70.0,No,No,21.79,0
47,Other,153.6,49.4,112.0,65.0,162.0,111.0,43.0,192.0,100.0,No,Current,Occasionally,146.0,No,No,20.94,0
25,Female,149.1,93.4,143.0,82.0,167.0,96.0,31.0,318.0,132.0,No,Current,Occasionally,6.0,No,No,42.01,0
24,Male,174.2,75.7,116.0,70.0,123.0,82.0,36.0,94.0,76.0,No,Current,Occasionally,319.0,No,No,24.95,0
65,Male,169.4,57.9,114.0,81.0,272.0,129.0,36.0,69.0,104.0,No,Current,Occasionally,205.0,No,No,20.18,1
35,Female,176.8,62.0,126.0,84.0,122.0,74.0,62.0,160.0,92.0,No,Former,Never,290.0,No,No,19.83,0
52,Female,162.6,77.9,116.0,86.0,209.0,142.0,52.0,131.0,83.0,No,Never,Frequently,139.0,No,No,29.46,0
74,Male,177.8,82.7,154.0,92.0,193.0,123.0,36.0,208.0,102.0,No,Former,Occasionally,253.0,No,No,26.16,0
32,Male,177.9,67.9,111.0,77.0,124.0,75.0,62.0,166.0,82.0,No,Never,Occasionally,199.0,Yes,No,21.45,0
62,Male,159.6,118.9,131.0,75.0,145.0,96.0,53.0,273.0,85.0,Yes,Current,Occasionally,0.0,No,No,46.68,1
22,Male,187.2,94.5,118.0,93.0,141.0,97.0,51.0,79.0,66.0,No,Never,Never,111.0,No,No,26.97,0
63,Female,149.3,63.5,133.0,72.0,222.0,119.0,48.0,258.0,120.0,No,Never,Occasionally,103.0,Yes,No,28.49,0
32,Male,176.5,80.7,120.0,78.0,222.0,145.0,31.0,272.0,87.0,No,Never,Occasionally,207.0,No,No,25.91,0
60,Male,162.2,61.8,121.0,71.0,237.0,122.0,34.0,298.0,95.0,No,Never,Frequently,142.0,Yes,No,23.49,0
82,Female,165.9,67.1,115.0,87.0,188.0,112.0,55.0,172.0,113.0,No,Never,Occasionally,175.0,No,No,24.38,0
26,Female,150.8,96.8,128.0,71.0,166.0,85.0,53.0,328.0,105.0,No,Current,Never,22.0,Yes,No,42.57,0
66,Female,149.7,91.2,149.0,101.0,143.0,76.0,58.0,58.0,91.0,No,Former,Occasionally,260.0,No,No,40.7,0
42,Female,169.8,59.3,148.0,74.0,139.0,91.0,78.0,134.0,116.0,No,Former,Frequently,150.0,No,No,20.57,0
53,Male,183.0,82.3,122.0,80.0,168.0,98.0,31.0,106.0,113.0,No,Never,Occasionally,356.0,Yes,No,24.58,0
47,Male,165.1,83.0,119.0,75.0,209.0,116.0,44.0,104.0,120.0,No,Current,Never,165.0,No,No,30.45,0
60,Male,173.4,93.7,125.0,78.0,238.0,157.0,52.0,143.0,116.0,No,Never,Occasionally,145.0,No,No,31.16,0
69,Male,182.2,69.6,128.0,94.0,175.0,114.0,60.0,81.0,79.0,No,Former,Occasionally,97.0,No,No,20.97,0
42,Male,177.7,38.0,121.0,64.0,163.0,93.0,60.0,95.0,55.0,No,Former,Occasionally,224.0,No,No,12.03,0
77,Male,166.5,71.4,132.0,67.0,99.0,68.0,30.0,175.0,81.0,Yes,Former,Occasionally,103.0,No,No,25.76,0
68,Female,157.9,50.3,138.0,85.0,264.0,149.0,70.0,83.0,82.0,No,Current,Never,101.0,No,No,20.17,0
52,Female,160.7,67.2,125.0,74.0,287.0,148.0,92.0,208.0,67.0,No,Former,Frequently,41.0,No,No,26.02,0
73,Female,140.0,50.1,130.0,71.0,250.0,166.0,42.0,297.0,55.0,Yes,Current,Occasionally,143.0,No,Yes,25.56,0
44,Male,183.1,64.4,113.0,74.0,162.0,71.0,35.0,135.0,105.0,No,Current,Frequently,189.0,Yes,No,19.21,0
28,Male,174.2,81.5,153.0,67.0,210.0,129.0,51.0,85.0,97.0,No,Former,Occasionally,68.0,Yes,No,26.86,0
84,Male,184.6,76.6,134.0,67.0,179.0,121.0,23.0,148.0,94.0,Yes,Never,Occasionally,58.0,No,No,22.48,0
27,Female,158.1,53.0,129.0,80.0,154.0,90.0,43.0,211.0,101.0,No,Former,Occasionally,231.0,No,No,21.2,0
58,Female,166.2,69.4,113.0,98.0,201.0,125.0,68.0,114.0,99.0,No,Former,Occasionally,265.0,No,No,25.12,1
71,Female,159.4,66.8,127.0,86.0,189.0,103.0,57.0,213.0,131.0,Yes,Never,Occasionally,303.0,No,No,26.29,0
34,Male,172.8,59.6,125.0,50.0,187.0,117.0,60.0,112.0,86.0,No,Former,Never,73.0,Yes,No,19.96,0
50,Male,161.7,92.5,142.0,90.0,168.0,84.0,68.0,99.0,68.0,No,Never,Never,266.0,No,No,35.38,0
58,Male,168.9,81.0,135.0,67.0,181.0,74.0,54.0,68.0,98.0,No,Never,Frequently,204.0,No,No,28.39,0
58,Female,157.3,73.6,132.0,69.0,159.0,93.0,79.0,133.0,74.0,No,Never,Occasionally,328.0,No,No,29.75,0
26,Female,148.6,62.9,115.0,100.0,174.0,84.0,39.0,86.0,104.0,No,Current,Occasionally,174.0,No,No,28.48,0
83,Female,171.1,46.6,136.0,95.0,170.0,93.0,63.0,148.0,106.0,No,Never,Never,96.0,No,No,15.92,0
47,Male,185.3,38.4,163.0,91.0,204.0,126.0,23.0,148.0,80.0,No,Current,Occasionally,43.0,No,Yes,11.18,1
55,Male,181.4,91.1,144.0,73.0,205.0,108.0,29.0,169.0,77.0,No,Former,Frequently,72.0,No,No,27.68,1
20,Male,175.6,96.2,107.0,74.0,163.0,83.0,36.0,100.0,86.0,No,Current,Occasionally,321.0,No,No,31.2,0
67,Male,163.5,78.2,142.0,73.0,219.0,133.0,43.0,138.0,96.0,Yes,Never,Frequently,16.0,No,Yes,29.25,1
81,Male,160.2,66.3,123.0,88.0,225.0,126.0,34.0,128.0,94.0,No,Former,Occasionally,54.0,No,No,25.83,1
42,Male,162.3,87.6,127.0,79.0,210.0,132.0,60.0,107.0,72.0,No,Never,Occasionally,171.0,No,No,33.26,0
21,Female,176.6,82.4,142.0,63.0,217.0,128.0,70.0,99.0,92.0,No,Never,Frequently,0.0,No,No,26.42,0
22,Male,179.0,67.7,91.0,77.0,111.0,58.0,54.0,71.0,86.0,No,Never,Occasionally,251.0,No,No,21.13,0
51,Female,159.4,52.8,112.0,78.0,221.0,133.0,42.0,187.0,71.0,No,Former,Never,0.0,No,No,20.78,0
32,Other,159.6,81.9,136.0,71.0,172.0,100.0,36.0,174.0,89.0,No,Never,Frequently,128.0,No,No,32.15,0
66,Female,170.2,59.8,133.0,79.0,178.0,97.0,67.0,139.0,97.0,No,Former,Never,156.0,No,No,20.64,0
19,Male,161.6,66.8,111.0,85.0,195.0,120.0,30.0,269.0,128.0,No,Current,Occasionally,153.0,No,No,25.58,0
85,Female,167.7,62.6,141.0,75.0,145.0,86.0,69.0,120.0,101.0,No,Never,Never,176.0,No,No,22.26,0
27,Male,189.3,72.6,109.0,93.0,207.0,96.0,56.0,140.0,78.0,No,Never,Occasionally,123.0,Yes,No,20.26,1
78,Female,169.1,73.7,138.0,88.0,243.0,152.0,67.0,84.0,88.0,No,Never,Occasionally,104.0,Yes,No,25.77,0
83,Female,171.0,55.8,135.0,92.0,211.0,133.0,63.0,123.0,87.0,No,Former,Occasionally,172.0,No,No,19.08,0
18,Male,181.3,95.4,121.0,83.0,114.0,70.0,61.0,132.0,103.0,No,Never,Never,246.0,Yes,No,29.02,0
53,Female,170.8,39.1,140.0,82.0,246.0,148.0,65.0,113.0,88.0,No,Never,Never,239.0,No,No,13.4,0
42,Male,186.0,58.9,111.0,71.0,189.0,98.0,61.0,79.0,68.0,No,Never,Frequently,246.0,No,No,17.03,0
47,Male,173.8,84.3,125.0,85.0,147.0,76.0,54.0,111.0,86.0,No,Former,Occasionally,35.0,No,No,27.91,0
42,Female,140.0,89.0,118.0,87.0,206.0,119.0,91.0,172.0,123.0,No,Current,Occasionally,57.0,No,No,45.41,0
42,Male,179.0,76.8,111.0,85.0,223.0,161.0,51.0,133.0,134.0,No,Never,Occasionally,201.0,No,No,23.97,0
66,Male,175.5,89.1,143.0,89.0,210.0,125.0,33.0,40.0,76.0,No,Current,Never,106.0,Yes,Yes,28.93,1
28,Male,179.9,83.9,128.0,80.0,209.0,110.0,16.0,74.0,113.0,No,Never,Never,136.0,No,No,25.92,0
31,Female,141.1,42.2,94.0,80.0,203.0,126.0,71.0,110.0,92.0,No,Current,Frequently,176.0,No,No,21.2,0
19,Female,158.0,49.2,89.0,71.0,117.0,49.0,64.0,63.0,102.0,No,Current,Never,179.0,No,No,19.71,0
37,Male,173.8,97.2,111.0,75.0,209.0,127.0,55.0,92.0,70.0,No,Never,Occasionally,103.0,No,No,32.18,0
30,Male,169.6,99.6,116.0,77.0,125.0,62.0,26.0,134.0,92.0,No,Never,Occasionally,155.0,Yes,No,34.63,0
18,Female,161.8,54.9,99.0,85.0,174.0,105.0,49.0,68.0,89.0,No,Never,Never,239.0,Yes,No,20.97,0
40,Male,167.4,67.1,113.0,82.0,187.0,89.0,47.0,248.0,111.0,No,Former,Occasionally,213.0,No,No,23.94,0
57,Other,161.2,74.8,123.0,105.0,152.0,86.0,44.0,132.0,98.0,No,Current,Frequently,239.0,No,No,28.79,1
84,Male,176.5,85.4,141.0,67.0,212.0,117.0,31.0,81.0,81.0,No,Never,Occasionally,0.0,No,No,27.41,0
42,Female,161.7,92.9,115.0,98.0,192.0,106.0,64.0,119.0,88.0,No,Never,Occasionally,278.0,No,No,35.53,0
24,Female,158.4,66.6,149.0,61.0,223.0,142.0,63.0,81.0,111.0,No,Former,Occasionally,151.0,No,No,26.54,0
49,Male,169.6,77.1,118.0,82.0,175.0,96.0,66.0,233.0,111.0,No,Current,Frequently,164.0,No,No,26.8,0
31,Female,159.3,65.3,148.0,65.0,205.0,125.0,34.0,95.0,109.0,No,Current,Occasionally,214.0,No,No,25.73,0
24,Male,178.8,55.8,108.0,75.0,139.0,93.0,57.0,104.0,87.0,No,Current,Occasionally,266.0,Yes,No,17.45,0
22,Male,172.5,60.8,114.0,69.0,166.0,121.0,53.0,74.0,98.0,No,Never,Frequently,200.0,Yes,No,20.43,0
85,Female,142.6,74.9,163.0,88.0,242.0,161.0,65.0,317.0,104.0,No,Current,Occasionally,34.0,No,Yes,36.83,1
44,Male,169.3,81.6,112.0,95.0,137.0,66.0,46.0,93.0,109.0,No,Never,Never,208.0,No,No,28.47,0
58,Female,153.7,62.9,148.0,77.0,124.0,43.0,57.0,313.0,80.0,Yes,Never,Occasionally,130.0,No,No,26.63,0
22,Female,165.8,76.8,119.0,63.0,234.0,117.0,43.0,93.0,79.0,No,Never,Occasionally,72.0,No,No,27.94,0
74,Female,174.6,42.0,139.0,78.0,167.0,104.0,58.0,93.0,69.0,No,Never,Occasionally,225.0,No,No,13.78,0
78,Female,173.8,81.4,131.0,80.0,183.0,103.0,65.0,66.0,76.0,No,Never,Never,82.0,No,No,26.95,0
54,Male,175.2,86.0,145.0,68.0,221.0,137.0,27.0,131.0,81.0,No,Never,Occasionally,171.0,No,No,28.02,0
78,Female,163.1,61.9,152.0,86.0,220.0,133.0,53.0,160.0,88.0,Yes,Never,Never,258.0,No,No,23.27,0
28,Male,166.4,68.3,153.0,72.0,197.0,142.0,28.0,69.0,114.0,No,Former,Frequently,178.0,Yes,No,24.67,0
56,Female,168.6,50.6,119.0,73.0,90.0,51.0,47.0,118.0,74.0,No,Current,Never,297.0,No,No,17.8,0
68,Male,168.1,67.9,113.0,82.0,205.0,98.0,74.0,141.0,75.0,No,Former,Occasionally,6.0,No,No,24.03,0
47,Male,179.6,59.9,123.0,71.0,165.0,105.0,54.0,103.0,66.0,No,Former,Occasionally,130.0,Yes,No,18.57,0
35,Female,169.5,59.6,99.0,75.0,110.0,65.0,56.0,144.0,74.0,No,Never,Occasionally,91.0,No,No,20.74,0
39,Male,179.6,83.6,116.0,81.0,199.0,121.0,43.0,110.0,92.0,No,Never,Occasionally,18.0,No,No,25.92,0
22,Male,158.7,101.4,123.0,82.0,184.0,104.0,35.0,120.0,141.0,No,Never,Frequently,45.0,No,No,40.26,0
47,Male,187.2,99.4,130.0,65.0,174.0,119.0,45.0,51.0,114.0,No,Never,Frequently,145.0,Yes,No,28.36,0
57,Female,151.9,70.4,136.0,101.0,202.0,106.0,59.0,105.0,81.0,No,Former,Occasionally,222.0,No,No,30.51,0
83,Male,181.1,88.8,133.0,67.0,134.0,91.0,50.0,215.0,82.0,No,Former,Occasionally,102.0,Yes,No,27.08,0
61,Male,178.0,74.8,140.0,87.0,223.0,148.0,21.0,67.0,115.0,No,Current,Never,27.0,Yes,No,23.61,1
46,Male,170.3,74.3,119.0,76.0,172.0,103.0,41.0,142.0,84.0,No,Never,Never,120.0,No,No,25.62,0
72,Male,181.9,56.6,130.0,80.0,167.0,82.0,51.0,196.0,90.0,No,Never,Occasionally,284.0,Yes,No,17.11,0
55,Female,167.8,58.2,126.0,88.0,217.0,123.0,68.0,127.0,135.0,No,Never,Never,78.0,No,No,20.67,0
58,Female,166.8,82.4,129.0,64.0,158.0,86.0,57.0,84.0,78.0,No,Current,Frequently,97.0,No,No,29.62,0
39,Male,161.0,91.5,113.0,91.0,187.0,114.0,85.0,70.0,87.0,Yes,Never,Never,353.0,No,No,35.3,0
54,Male,159.5,73.2,146.0,91.0,221.0,126.0,53.0,109.0,89.0,No,Current,Occasionally,75.0,Yes,Yes,28.77,0
82,Female,153.7,55.3,122.0,109.0,203.0,112.0,73.0,202.0,93.0,No,Never,Never,133.0,No,No,23.41,0
63,Male,165.3,79.0,103.0,64.0,204.0,125.0,49.0,88.0,68.0,No,Former,Never,180.0,No,No,28.91,1
70,Female,152.5,59.6,126.0,69.0,132.0,71.0,49.0,162.0,75.0,No,Current,Occasionally,0.0,No,No,25.63,0
80,Female,172.2,55.8,146.0,68.0,219.0,134.0,48.0,74.0,95.0,No,Never,Occasionally,231.0,Yes,No,18.82,0
53,Female,167.0,73.5,127.0,66.0,268.0,150.0,58.0,58.0,92.0,No,Former,Never,41.0,Yes,Yes,26.35,0
18,Female,154.1,85.6,119.0,83.0,136.0,90.0,34.0,107.0,90.0,No,Former,Frequently,164.0,Yes,No,36.05,0
69,Male,173.0,90.0,110.0,75.0,200.0,96.0,48.0,112.0,91.0,Yes,Never,Occasionally,171.0,No,No,30.07,0
79,Female,156.6,68.9,127.0,92.0,275.0,162.0,58.0,134.0,82.0,No,Never,Never,147.0,Yes,Yes,28.1,0
84,Male,181.1,98.2,162.0,88.0,217.0,122.0,66.0,72.0,70.0,No,Current,Never,227.0,No,Yes,29.94,1
52,Female,164.7,61.4,117.0,91.0,205.0,131.0,52.0,212.0,67.0,No,Current,Frequently,99.0,Yes,No,22.64,0
61,Male,176.7,90.6,137.0,86.0,169.0,97.0,65.0,189.0,67.0,No,Never,Occasionally,125.0,Yes,No,29.02,0
59,Female,165.5,44.2,127.0,75.0,217.0,109.0,46.0,114.0,123.0,No,Never,Occasionally,49.0,No,No,16.14,0
28,Male,175.5,66.2,96.0,77.0,136.0,64.0,51.0,65.0,93.0,No,Never,Occasionally,373.0,No,No,21.49,0
82,Male,166.9,86.5,150.0,72.0,214.0,126.0,43.0,56.0,69.0,No,Never,Occasionally,0.0,No,Yes,31.05,1
38,Male,181.5,90.1,98.0,80.0,192.0,118.0,38.0,127.0,71.0,No,Never,Frequently,135.0,No,No,27.35,0
82,Female,158.1,76.4,152.0,101.0,219.0,121.0,89.0,235.0,132.0,Yes,Never,Never,248.0,No,Yes,30.57,1
77,Female,167.4,64.6,133.0,98.0,213.0,115.0,67.0,120.0,106.0,Yes,Never,Frequently,218.0,No,No,23.05,0
22,Male,164.1,86.8,127.0,74.0,250.0,121.0,34.0,68.0,97.0,No,Current,Occasionally,247.0,Yes,No,32.23,0
30,Female,165.8,55.8,110.0,86.0,161.0,73.0,55.0,141.0,86.0,No,Never,Occasionally,272.0,No,No,20.3,0
67,Female,165.9,68.9,121.0,81.0,229.0,95.0,49.0,158.0,93.0,No,Former,Never,314.0,No,No,25.03,0
40,Female,168.5,73.5,135.0,67.0,208.0,133.0,45.0,112.0,96.0,No,Never,Frequently,5.0,No,No,25.89,1
33,Male,175.6,98.3,121.0,91.0,209.0,128.0,33.0,164.0,137.0,No,Never,Occasionally,156.0,No,No,31.88,0
78,Male,169.3,61.2,129.0,90.0,188.0,109.0,47.0,173.0,94.0,No,Never,Occasionally,190.0,No,No,21.35,1
59,Female,158.4,47.1,131.0,95.0,219.0,119.0,63.0,114.0,107.0,Yes,Never,Occasionally,81.0,Yes,No,18.77,0
59,Female,168.9,82.6,126.0,73.0,218.0,123.0,81.0,153.0,88.0,No,Former,Frequently,162.0,No,No,28.95,1
82,Female,167.5,64.0,162.0,97.0,183.0,129.0,44.0,65.0,61.0,No,Never,Occasionally,186.0,No,No,22.81,0
76,Female,154.2,74.1,149.0,73.0,163.0,97.0,73.0,221.0,76.0,Yes,Never,Occasionally,91.0,No,No,31.16,1
19,Male,170.6,91.2,113.0,83.0,229.0,88.0,44.0,187.0,121.0,No,Current,Occasionally,12.0,No,Yes,31.34,0
73,Other,161.2,51.2,122.0,88.0,247.0,154.0,53.0,127.0,76.0,No,Current,Occasionally,247.0,No,Yes,19.7,1
69,Female,162.8,38.9,116.0,93.0,167.0,90.0,73.0,124.0,99.0,No,Never,Frequently,0.0,Yes,No,14.68,0
44,Female,166.9,78.6,123.0,79.0,172.0,95.0,51.0,134.0,98.0,No,Never,Occasionally,114.0,No,No,28.22,0
58,Female,166.5,57.2,150.0,74.0,204.0,123.0,78.0,129.0,116.0,No,Never,Never,169.0,No,No,20.63,1
28,Female,162.2,76.6,105.0,63.0,175.0,82.0,53.0,148.0,82.0,No,Never,Occasionally,282.0,Yes,No,29.12,0
36,Male,175.7,81.8,120.0,67.0,202.0,167.0,28.0,129.0,75.0,No,Current,Occasionally,167.0,Yes,No,26.5,0
85,Female,159.0,50.8,143.0,85.0,180.0,95.0,37.0,87.0,103.0,No,Current,Occasionally,102.0,No,No,20.09,0
60,Female,161.1,68.7,124.0,81.0,157.0,113.0,76.0,413.0,87.0,Yes,Never,Never,0.0,Yes,No,26.47,0
69,Female,155.6,69.2,116.0,73.0,215.0,106.0,104.0,145.0,64.0,Yes,Never,Frequently,253.0,No,No,28.58,1
69,Female,163.8,85.1,124.0,87.0,201.0,135.0,55.0,210.0,127.0,No,Never,Occasionally,0.0,No,Yes,31.72,0
67,Female,159.1,61.7,135.0,72.0,210.0,118.0,45.0,99.0,93.0,No,Never,Frequently,288.0,No,No,24.38,0
38,Female,164.2,51.1,134.0,87.0,250.0,168.0,41.0,151.0,103.0,No,Never,Never,173.0,No,No,18.95,0
84,Male,165.4,95.5,124.0,79.0,268.0,108.0,89.0,87.0,79.0,No,Never,Frequently,143.0,No,Yes,34.91,0
71,Male,160.7,80.2,142.0,81.0,172.0,100.0,62.0,153.0,110.0,No,Never,Occasionally,84.0,No,No,31.06,0
29,Male,175.5,56.2,85.0,83.0,217.0,106.0,49.0,186.0,103.0,No,Former,Occasionally,30.0,Yes,No,18.25,0
54,Female,157.3,65.4,135.0,82.0,165.0,90.0,65.0,46.0,88.0,No,Never,Never,0.0,No,No,26.43,0
63,Female,152.0,74.4,137.0,76.0,188.0,122.0,62.0,136.0,105.0,No,Never,Occasionally,267.0,No,No,32.2,0
81,Female,175.8,82.7,156.0,84.0,159.0,89.0,52.0,75.0,121.0,Yes,Former,Never,93.0,No,No,26.76,1
84,Male,171.2,51.6,136.0,69.0,219.0,142.0,44.0,143.0,114.0,No,Current,Never,111.0,No,No,17.61,1
19,Male,174.4,76.9,109.0,80.0,199.0,146.0,51.0,160.0,78.0,No,Former,Never,141.0,No,No,25.28,0
19,Female,160.7,92.1,109.0,87.0,166.0,106.0,48.0,80.0,86.0,No,Former,Frequently,8.0,Yes,No,35.66,0
42,Male,197.4,86.6,95.0,71.0,180.0,84.0,48.0,195.0,108.0,No,Never,Occasionally,134.0,No,No,22.22,0
43,Female,171.4,59.6,98.0,94.0,168.0,106.0,38.0,65.0,86.0,No,Never,Never,191.0,No,No,20.29,0
25,Male,177.1,76.2,85.0,90.0,126.0,100.0,60.0,270.0,85.0,No,Current,Occasionally,85.0,No,No,24.3,0
46,Male,167.8,88.9,137.0,98.0,178.0,115.0,35.0,88.0,119.0,No,Former,Never,124.0,No,No,31.57,0
19,Male,165.5,93.4,102.0,82.0,230.0,135.0,66.0,146.0,86.0,No,Former,Occasionally,199.0,No,No,34.1,0
24,Male,175.2,73.7,95.0,87.0,126.0,76.0,17.0,97.0,120.0,No,Former,Occasionally,204.0,Yes,No,24.01,0
44,Female,166.3,63.3,105.0,88.0,176.0,111.0,76.0,147.0,114.0,No,Never,Frequently,186.0,No,No,22.89,0
38,Male,185.2,87.1,104.0,80.0,247.0,147.0,54.0,159.0,81.0,No,Never,Never,131.0,No,No,25.39,0
73,Male,172.9,57.9,113.0,72.0,262.0,136.0,41.0,149.0,125.0,No,Current,Never,122.0,No,No,19.37,0
22,Female,171.1,76.2,122.0,75.0,186.0,102.0,60.0,73.0,92.0,No,Never,Never,90.0,No,No,26.03,0
73,Male,169.7,83.1,138.0,73.0,208.0,134.0,46.0,80.0,150.0,Yes,Former,Occasionally,179.0,No,No,28.86,0
36,Male,174.4,77.7,104.0,86.0,178.0,103.0,50.0,84.0,73.0,No,Never,Occasionally,29.0,No,No,25.55,0
26,Female,159.5,63.5,146.0,79.0,195.0,96.0,65.0,391.0,103.0,No,Never,Never,206.0,Yes,No,24.96,0
39,Female,156.7,91.6,125.0,73.0,231.0,146.0,65.0,81.0,85.0,No,Current,Frequently,195.0,Yes,No,37.3,0
26,Female,171.3,78.2,140.0,67.0,191.0,105.0,54.0,122.0,113.0,No,Never,Occasionally,235.0,No,No,26.65,0
47,Male,175.1,70.7,117.0,61.0,274.0,156.0,55.0,182.0,71.0,No,Never,Occasionally,28.0,Yes,No,23.06,0
22,Female,157.7,56.2,95.0,67.0,262.0,150.0,42.0,80.0,97.0,No,Never,Frequently,99.0,Yes,No,22.6,0
63,Male,164.8,65.8,146.0,88.0,212.0,134.0,38.0,181.0,58.0,No,Former,Frequently,147.0,No,Yes,24.23,1
77,Male,166.8,81.3,121.0,74.0,153.0,75.0,45.0,78.0,69.0,No,Never,Occasionally,130.0,No,No,29.22,1
58,Male,175.5,91.8,132.0,96.0,198.0,100.0,49.0,292.0,110.0,No,Never,Never,225.0,No,No,29.8,1
66,Male,173.8,69.0,122.0,88.0,200.0,108.0,31.0,252.0,89.0,No,Current,Never,7.0,No,No,22.84,0
63,Male,184.1,69.8,136.0,89.0,215.0,112.0,46.0,150.0,104.0,No,Former,Occasionally,158.0,No,No,20.59,0
60,Male,172.3,73.4,127.0,92.0,192.0,114.0,56.0,100.0,96.0,No,Current,Occasionally,105.0,Yes,No,24.72,1
22,Male,166.7,69.7,117.0,87.0,167.0,90.0,43.0,87.0,119.0,No,Former,Never,79.0,Yes,No,25.08,1
40,Male,173.4,86.4,117.0,87.0,193.0,122.0,46.0,99.0,110.0,No,Never,Occasionally,307.0,Yes,No,28.74,1
29,Female,163.9,71.0,120.0,63.0,166.0,105.0,42.0,279.0,83.0,No,Never,Occasionally,132.0,No,No,26.43,0
71,Male,168.6,81.0,133.0,82.0,250.0,134.0,55.0,160.0,131.0,No,Never,Occasionally,19.0,Yes,Yes,28.5,1
49,Male,172.0,71.0,122.0,78.0,160.0,104.0,56.0,201.0,101.0,No,Never,Never,190.0,Yes,No,24.0,0
75,Female,166.8,68.4,147.0,110.0,288.0,167.0,61.0,312.0,116.0,No,Current,Occasionally,0.0,No,Yes,24.58,1
40,Female,159.8,64.1,112.0,92.0,235.0,160.0,70.0,96.0,65.0,No,Never,Occasionally,112.0,No,No,25.1,0
27,Female,158.3,101.1,116.0,56.0,157.0,109.0,80.0,91.0,87.0,No,Never,Occasionally,66.0,No,No,40.34,0
36,Male,175.2,69.5,113.0,71.0,205.0,129.0,70.0,171.0,79.0,No,Current,Occasionally,196.0,No,No,22.64,0
30,Male,178.3,65.4,124.0,101.0,271.0,121.0,34.0,93.0,100.0,No,Never,Occasionally,93.0,No,No,20.57,0
66,Female,155.0,65.3,119.0,98.0,204.0,125.0,57.0,80.0,101.0,No,Never,Never,183.0,No,No,27.18,0
34,Male,176.2,88.9,114.0,86.0,276.0,189.0,48.0,38.0,89.0,No,Never,Frequently,243.0,No,No,28.63,0
43,Female,165.3,84.9,101.0,106.0,193.0,114.0,88.0,73.0,116.0,No,Never,Occasionally,265.0,No,No,31.07,0
49,Female,159.3,38.0,136.0,77.0,158.0,84.0,53.0,61.0,102.0,No,Former,Never,194.0,Yes,No,14.97,0
30,Female,156.4,74.7,118.0,65.0,215.0,134.0,63.0,193.0,97.0,No,Never,Occasionally,263.0,No,No,30.54,0
35,Male,176.1,77.8,142.0,82.0,214.0,132.0,48.0,136.0,97.0,No,Current,Never,12.0,No,No,25.09,0
43,Female,161.1,60.5,90.0,73.0,216.0,143.0,70.0,56.0,88.0,No,Current,Occasionally,203.0,No,No,23.31,0
51,Male,179.6,82.0,110.0,74.0,208.0,111.0,56.0,159.0,98.0,No,Former,Occasionally,172.0,Yes,No,25.42,0
48,Male,177.1,74.2,114.0,76.0,229.0,131.0,45.0,166.0,119.0,No,Never,Occasionally,81.0,No,No,23.66,0
33,Male,170.5,58.5,148.0,89.0,135.0,88.0,69.0,89.0,85.0,No,Current,Never,34.0,No,No,20.12,0
62,Female,160.3,48.4,94.0,94.0,198.0,116.0,49.0,141.0,112.0,No,Current,Frequently,213.0,No,No,18.84,0
54,Female,146.6,79.7,140.0,97.0,229.0,157.0,31.0,123.0,114.0,No,Former,Never,267.0,No,No,37.08,0
81,Female,167.6,50.6,154.0,86.0,203.0,88.0,74.0,68.0,116.0,No,Never,Never,163.0,No,No,18.01,0
57,Male,163.3,90.3,130.0,69.0,235.0,96.0,50.0,134.0,123.0,No,Never,Frequently,112.0,No,No,33.86,0
33,Female,162.8,49.6,125.0,79.0,140.0,89.0,68.0,94.0,75.0,No,Never,Frequently,305.0,No,No,18.71,0
33,Female,161.5,54.3,126.0,76.0,194.0,122.0,55.0,127.0,72.0,No,Never,Occasionally,258.0,No,No,20.82,0
46,Female,151.5,98.3,126.0,95.0,183.0,113.0,42.0,140.0,91.0,No,Former,Occasionally,288.0,Yes,No,42.83,0
33,Male,177.5,87.4,119.0,70.0,277.0,178.0,44.0,130.0,70.0,No,Never,Never,156.0,No,No,27.74,0
35,Male,165.2,93.7,133.0,67.0,163.0,110.0,56.0,156.0,101.0,No,Never,Occasionally,133.0,No,No,34.33,0
51,Female,160.5,82.9,133.0,67.0,126.0,86.0,62.0,86.0,97.0,No,Never,Frequently,29.0,No,No,32.18,0
29,Female,156.0,64.1,144.0,90.0,168.0,108.0,72.0,113.0,88.0,No,Never,Occasionally,47.0,No,No,26.34,0
57,Female,167.4,88.9,124.0,80.0,258.0,162.0,71.0,212.0,103.0,No,Never,Never,60.0,No,Yes,31.72,1
53,Female,147.5,82.9,139.0,102.0,225.0,149.0,49.0,87.0,71.0,Yes,Current,Occasionally,190.0,No,No,38.1,1
76,Male,175.2,76.0,131.0,84.0,173.0,106.0,51.0,90.0,96.0,No,Never,Occasionally,253.0,No,No,24.76,0
73,Male,177.9,77.7,142.0,90.0,252.0,171.0,50.0,134.0,76.0,No,Former,Never,171.0,No,No,24.55,0
63,Male,173.8,87.8,143.0,75.0,216.0,145.0,54.0,131.0,119.0,Yes,Never,Never,44.0,Yes,No,29.07,0
67,Male,187.4,94.1,126.0,65.0,162.0,102.0,64.0,63.0,74.0,No,Former,Frequently,133.0,Yes,No,26.79,0
74,Female,161.4,93.6,120.0,85.0,187.0,97.0,62.0,275.0,96.0,No,Current,Occasionally,150.0,Yes,No,35.93,0
27,Female,159.4,53.3,116.0,90.0,180.0,123.0,39.0,91.0,81.0,No,Never,Occasionally,199.0,Yes,No,20.98,0
43,Female,169.3,95.7,116.0,85.0,141.0,101.0,35.0,70.0,91.0,No,Current,Occasionally,33.0,No,No,33.39,0
40,Male,179.5,91.4,115.0,77.0,98.0,57.0,27.0,202.0,91.0,Yes,Current,Occasionally,120.0,No,No,28.37,0
50,Female,159.9,54.5,108.0,82.0,176.0,97.0,47.0,187.0,105.0,No,Never,Occasionally,300.0,No,No,21.32,0
66,Female,161.2,42.5,134.0,81.0,208.0,116.0,53.0,214.0,104.0,No,Former,Frequently,207.0,No,No,16.36,0
38,Female,182.7,52.7,130.0,79.0,185.0,98.0,54.0,189.0,122.0,No,Never,Frequently,206.0,No,No,15.79,0
79,Male,177.0,85.0,154.0,95.0,176.0,107.0,29.0,123.0,85.0,No,Current,Never,194.0,No,No,27.13,0
26,Male,171.2,84.4,99.0,70.0,145.0,85.0,63.0,125.0,92.0,No,Never,Never,273.0,No,No,28.8,0
59,Male,166.7,47.0,106.0,68.0,142.0,87.0,57.0,236.0,99.0,No,Former,Never,0.0,No,No,16.91,0
82,Female,146.9,46.8,135.0,100.0,218.0,106.0,58.0,73.0,80.0,No,Former,Occasionally,121.0,No,No,21.69,0
33,Female,167.5,64.7,124.0,90.0,238.0,151.0,62.0,86.0,102.0,No,Former,Occasionally,156.0,No,No,23.06,0
36,Female,155.9,57.5,108.0,81.0,196.0,119.0,47.0,77.0,97.0,No,Current,Never,197.0,No,No,23.66,0
60,Male,162.3,83.6,126.0,96.0,153.0,68.0,39.0,218.0,78.0,No,Former,Occasionally,54.0,No,No,31.74,0
50,Male,163.7,90.5,122.0,99.0,180.0,106.0,51.0,134.0,80.0,No,Never,Occasionally,111.0,No,No,33.77,0
83,Female,174.6,59.0,155.0,65.0,153.0,104.0,69.0,151.0,127.0,No,Never,Occasionally,0.0,No,No,19.35,0
48,Male,171.6,88.5,126.0,66.0,149.0,96.0,68.0,283.0,97.0,No,Current,Occasionally,0.0,No,No,30.05,1
54,Female,161.6,74.4,145.0,91.0,220.0,154.0,63.0,121.0,97.0,No,Former,Occasionally,223.0,No,No,28.49,0
75,Female,169.3,60.9,140.0,71.0,156.0,95.0,63.0,83.0,106.0,No,Never,Occasionally,0.0,No,No,21.25,0
48,Male,168.6,90.2,115.0,88.0,167.0,96.0,44.0,273.0,95.0,No,Never,Never,127.0,No,No,31.73,0
58,Female,156.0,47.1,88.0,75.0,230.0,172.0,60.0,222.0,102.0,No,Never,Occasionally,62.0,No,No,19.35,0
40,Other,170.6,89.3,115.0,91.0,208.0,113.0,41.0,156.0,96.0,No,Never,Never,256.0,No,No,30.68,0
19,Female,148.1,59.1,144.0,81.0,111.0,68.0,58.0,142.0,88.0,No,Never,Occasionally,0.0,No,No,26.94,0
40,Male,180.5,88.9,99.0,91.0,182.0,126.0,33.0,78.0,110.0,No,Former,Never,274.0,No,No,27.29,0
52,Female,155.2,73.8,127.0,79.0,171.0,106.0,57.0,50.0,142.0,No,Former,Never,173.0,No,No,30.64,0
23,Male,174.8,64.4,104.0,73.0,172.0,108.0,59.0,252.0,132.0,No,Former,Occasionally,42.0,No,No,21.08,0
83,Female,156.4,79.4,130.0,78.0,282.0,141.0,46.0,90.0,111.0,Yes,Never,Occasionally,0.0,No,No,32.46,1
34,Male,177.4,77.4,111.0,75.0,174.0,106.0,29.0,239.0,79.0,No,Former,Never,174.0,Yes,No,24.59,0
56,Male,178.5,101.3,136.0,56.0,222.0,107.0,55.0,115.0,95.0,No,Never,Occasionally,53.0,No,No,31.79,0
63,Female,170.7,94.3,124.0,85.0,203.0,105.0,83.0,100.0,86.0,No,Current,Occasionally,0.0,No,No,32.36,0
44,Female,157.2,59.3,150.0,75.0,212.0,130.0,85.0,131.0,110.0,No,Never,Occasionally,152.0,No,No,24.0,0
27,Male,173.7,87.6,98.0,66.0,214.0,133.0,68.0,92.0,122.0,No,Former,Occasionally,282.0,No,No,29.03,0
75,Female,165.3,64.8,166.0,83.0,217.0,110.0,73.0,165.0,95.0,No,Former,Occasionally,4.0,No,Yes,23.72,1
73,Female,155.9,59.4,153.0,89.0,189.0,78.0,59.0,151.0,90.0,No,Never,Never,169.0,No,No,24.44,1
44,Male,175.5,87.3,137.0,61.0,156.0,79.0,56.0,131.0,85.0,No,Former,Occasionally,247.0,No,No,28.34,0
72,Female,169.7,64.0,128.0,73.0,214.0,118.0,44.0,188.0,101.0,No,Never,Never,143.0,No,No,22.22,0
26,Male,175.8,93.2,155.0,58.0,187.0,99.0,41.0,148.0,135.0,No,Current,Never,43.0,No,No,30.16,1
49,Female,184.7,66.9,106.0,92.0,207.0,136.0,70.0,151.0,112.0,No,Never,Occasionally,226.0,No,No,19.61,1
62,Male,167.3,61.2,133.0,86.0,241.0,153.0,50.0,71.0,126.0,No,Never,Occasionally,199.0,No,No,21.87,0
37,Male,171.5,73.8,106.0,75.0,181.0,102.0,59.0,112.0,75.0,No,Current,Occasionally,93.0,No,No,25.09,0
76,Female,161.0,69.3,117.0,63.0,200.0,117.0,50.0,101.0,91.0,No,Current,Never,368.0,Yes,No,26.74,1
51,Male,174.8,112.3,115.0,87.0,143.0,70.0,62.0,85.0,96.0,No,Never,Occasionally,25.0,No,No,36.75,0
65,Male,176.2,74.1,128.0,66.0,205.0,122.0,58.0,194.0,79.0,No,Current,Occasionally,285.0,No,Yes,23.87,0
52,Male,163.6,84.7,115.0,89.0,215.0,121.0,31.0,73.0,94.0,No,Current,Never,0.0,Yes,No,31.65,1
21,Female,162.8,87.8,119.0,81.0,158.0,84.0,67.0,89.0,122.0,No,Former,Occasionally,44.0,No,No,33.13,0
65,Female,159.4,78.1,149.0,84.0,215.0,98.0,30.0,159.0,69.0,No,Never,Occasionally,163.0,No,Yes,30.74,1
35,Female,149.4,39.9,134.0,66.0,179.0,93.0,60.0,166.0,68.0,No,Never,Never,228.0,No,No,17.88,0
48,Female,170.7,87.1,126.0,86.0,201.0,141.0,44.0,89.0,117.0,No,Never,Never,33.0,No,No,29.89,0
81,Female,176.4,49.5,130.0,83.0,166.0,114.0,53.0,235.0,108.0,Yes,Current,Frequently,123.0,Yes,No,15.91,0
63,Male,181.3,95.5,132.0,89.0,203.0,115.0,52.0,134.0,72.0,No,Never,Never,104.0,Yes,No,29.05,0
62,Male,167.8,70.6,145.0,69.0,210.0,144.0,47.0,235.0,90.0,No,Former,Never,119.0,Yes,No,25.07,1
19,Male,179.3,70.8,85.0,49.0,153.0,102.0,62.0,128.0,92.0,No,Never,Frequently,213.0,Yes,No,22.02,0
54,Male,173.9,55.2,120.0,90.0,190.0,116.0,59.0,164.0,92.0,No,Former,Occasionally,22.0,No,Yes,18.25,1
82,Female,157.2,58.7,148.0,98.0,251.0,179.0,48.0,112.0,104.0,No,Never,Never,107.0,No,Yes,23.75,1
51,Female,148.9,68.7,138.0,64.0,180.0,95.0,60.0,75.0,92.0,No,Never,Occasionally,245.0,No,No,30.99,1
60,Female,149.4,62.6,106.0,90.0,161.0,85.0,56.0,123.0,79.0,Yes,Never,Occasionally,177.0,No,No,28.05,0
27,Male,179.7,88.4,102.0,99.0,172.0,90.0,34.0,181.0,93.0,No,Never,Frequently,141.0,No,No,27.38,0
34,Female,158.0,56.1,115.0,79.0,213.0,113.0,40.0,132.0,84.0,No,Never,Occasionally,148.0,No,No,22.47,0
22,Female,162.6,86.4,123.0,77.0,187.0,83.0,63.0,186.0,89.0,No,Never,Never,193.0,No,No,32.68,0
59,Female,163.8,45.9,85.0,83.0,213.0,149.0,59.0,53.0,120.0,No,Never,Occasionally,120.0,No,No,17.11,0
79,Male,156.7,90.1,147.0,89.0,194.0,102.0,48.0,90.0,119.0,No,Never,Never,76.0,No,No,36.69,0
81,Female,154.1,74.5,145.0,97.0,228.0,160.0,38.0,201.0,94.0,Yes,Never,Frequently,245.0,No,Yes,31.37,1
41,Female,180.0,77.9,121.0,49.0,129.0,73.0,63.0,99.0,86.0,No,Never,Occasionally,219.0,No,No,24.04,0
71,Other,150.3,61.8,133.0,74.0,229.0,169.0,58.0,185.0,101.0,Yes,Never,Never,151.0,No,Yes,27.36,1
72,Female,153.6,68.4,149.0,90.0,145.0,89.0,75.0,175.0,71.0,No,Never,Frequently,293.0,No,No,28.99,0
64,Male,165.0,70.8,135.0,80.0,220.0,144.0,39.0,125.0,83.0,No,Never,Occasionally,89.0,No,No,26.01,0
37,Female,171.8,61.5,116.0,66.0,178.0,109.0,59.0,170.0,72.0,No,Never,Occasionally,222.0,No,No,20.84,0
35,Male,165.1,77.5,124.0,74.0,178.0,72.0,26.0,174.0,111.0,No,Former,Occasionally,95.0,No,No,28.43,0
53,Female,155.5,53.1,134.0,73.0,248.0,141.0,81.0,146.0,89.0,No,Never,Occasionally,85.0,No,No,21.96,0
65,Male,185.6,61.3,85.0,81.0,219.0,161.0,51.0,214.0,90.0,No,Current,Occasionally,202.0,Yes,No,17.8,1
34,Male,183.6,71.0,138.0,93.0,151.0,85.0,46.0,106.0,87.0,No,Former,Occasionally,14.0,No,No,21.06,0
18,Female,156.6,58.6,133.0,67.0,198.0,106.0,63.0,111.0,105.0,No,Never,Frequently,215.0,No,No,23.9,0
29,Male,171.6,93.2,125.0,69.0,163.0,90.0,54.0,187.0,134.0,No,Never,Occasionally,169.0,No,No,31.65,0
32,Male,160.8,77.2,104.0,72.0,278.0,142.0,39.0,100.0,71.0,No,Former,Never,65.0,No,No,29.86,0
22,Male,178.3,64.7,85.0,74.0,133.0,90.0,58.0,154.0,109.0,No,Never,Occasionally,214.0,No,No,20.35,0
49,Male,178.2,48.2,104.0,89.0,235.0,120.0,72.0,181.0,58.0,No,Former,Frequently,236.0,No,No,15.18,0
66,Female,156.3,56.8,142.0,77.0,199.0,127.0,59.0,175.0,106.0,No,Never,Occasionally,202.0,No,Yes,23.25,0
24,Female,157.5,59.7,98.0,71.0,176.0,94.0,59.0,234.0,66.0,No,Never,Never,75.0,No,No,24.07,0
85,Male,164.6,99.9,129.0,96.0,212.0,141.0,62.0,296.0,102.0,No,Never,Occasionally,0.0,Yes,No,36.87,1
30,Male,163.8,60.8,92.0,62.0,241.0,140.0,53.0,149.0,76.0,No,Never,Occasionally,0.0,No,No,22.66,0
85,Female,160.1,63.2,119.0,87.0,172.0,108.0,33.0,198.0,77.0,No,Former,Occasionally,325.0,Yes,No,24.66,0
84,Male,183.0,73.7,141.0,78.0,137.0,70.0,61.0,156.0,78.0,Yes,Never,Occasionally,263.0,No,No,22.01,0
45,Male,176.2,66.0,100.0,83.0,154.0,99.0,49.0,393.0,110.0,No,Never,Never,174.0,No,No,21.26,0
28,Male,180.9,48.4,104.0,62.0,158.0,89.0,67.0,134.0,76.0,No,Current,Occasionally,74.0,No,No,14.79,0
51,Female,160.2,74.0,115.0,97.0,207.0,100.0,80.0,139.0,116.0,No,Current,Never,126.0,No,No,28.83,0
53,Female,165.2,58.1,130.0,82.0,213.0,124.0,52.0,120.0,81.0,No,Current,Never,241.0,No,No,21.29,0
32,Female,163.1,74.5,87.0,58.0,219.0,142.0,69.0,453.0,67.0,No,Never,Never,125.0,No,No,28.01,0
26,Male,172.1,75.0,129.0,65.0,192.0,109.0,47.0,88.0,79.0,No,Never,Occasionally,105.0,No,No,25.32,0
32,Male,167.1,60.4,104.0,83.0,227.0,128.0,33.0,107.0,69.0,No,Never,Never,234.0,No,No,21.63,0
19,Male,182.2,79.8,137.0,72.0,158.0,86.0,48.0,41.0,72.0,No,Never,Never,114.0,No,No,24.04,0
50,Female,161.6,72.0,93.0,62.0,223.0,81.0,55.0,93.0,91.0,No,Former,Occasionally,182.0,No,No,27.57,0
25,Female,170.7,57.4,122.0,71.0,116.0,73.0,55.0,110.0,117.0,No,Former,Occasionally,279.0,No,No,19.7,0
45,Male,163.3,78.1,134.0,86.0,239.0,131.0,60.0,123.0,65.0,No,Current,Never,228.0,No,Yes,29.29,0
42,Female,175.3,51.6,114.0,73.0,165.0,102.0,56.0,130.0,70.0,No,Never,Occasionally,185.0,No,No,16.79,0
55,Female,145.6,66.0,160.0,117.0,182.0,84.0,63.0,175.0,69.0,No,Never,Frequently,84.0,Yes,Yes,31.13,1
84,Female,149.1,53.0,152.0,88.0,145.0,78.0,86.0,195.0,120.0,No,Never,Occasionally,247.0,No,No,23.84,0
47,Male,162.2,83.5,130.0,88.0,182.0,132.0,69.0,153.0,113.0,No,Never,Occasionally,152.0,Yes,No,31.74,0
67,Male,173.0,78.1,122.0,99.0,199.0,120.0,33.0,102.0,94.0,No,Never,Frequently,30.0,Yes,No,26.1,0
56,Male,185.2,83.9,143.0,77.0,215.0,114.0,44.0,179.0,128.0,No,Former,Never,354.0,Yes,No,24.46,0
69,Male,177.1,70.2,136.0,85.0,179.0,108.0,40.0,129.0,90.0,Yes,Former,Never,8.0,No,No,22.38,0
27,Male,173.5,85.0,120.0,75.0,175.0,118.0,77.0,201.0,123.0,No,Current,Frequently,248.0,No,No,28.24,1
41,Female,162.7,82.5,123.0,79.0,146.0,96.0,72.0,67.0,64.0,No,Never,Frequently,9.0,No,No,31.17,0
79,Female,158.8,51.7,118.0,90.0,181.0,113.0,51.0,368.0,81.0,No,Never,Occasionally,128.0,Yes,No,20.5,1
48,Male,173.9,63.4,159.0,66.0,179.0,106.0,23.0,66.0,118.0,No,Former,Never,167.0,No,No,20.96,0
69,Female,155.7,77.2,106.0,97.0,155.0,103.0,54.0,71.0,112.0,Yes,Never,Never,159.0,No,No,31.84,0
67,Male,180.0,68.0,123.0,75.0,196.0,96.0,47.0,172.0,113.0,No,Never,Never,98.0,No,No,20.99,0
38,Male,175.5,109.9,90.0,91.0,181.0,122.0,43.0,189.0,99.0,No,Never,Occasionally,171.0,No,No,35.68,0
64,Male,167.1,45.3,124.0,92.0,190.0,105.0,61.0,228.0,111.0,No,Current,Occasionally,265.0,No,No,16.22,1
59,Female,154.0,59.0,124.0,71.0,191.0,104.0,49.0,171.0,62.0,No,Current,Occasionally,233.0,No,No,24.88,0
80,Female,160.3,72.0,130.0,65.0,149.0,58.0,61.0,95.0,94.0,Yes,Former,Frequently,119.0,Yes,No,28.02,1
76,Female,165.2,66.4,118.0,89.0,289.0,167.0,74.0,180.0,87.0,No,Never,Never,280.0,No,No,24.33,0
35,Male,176.3,90.8,123.0,87.0,176.0,94.0,50.0,55.0,113.0,No,Never,Never,48.0,No,No,29.21,0
50,Female,169.0,62.8,115.0,93.0,200.0,127.0,56.0,90.0,112.0,No,Never,Frequently,149.0,Yes,No,21.99,0
62,Female,159.5,75.9,138.0,87.0,232.0,100.0,65.0,163.0,93.0,Yes,Never,Occasionally,41.0,No,Yes,29.83,0
48,Male,173.8,92.4,122.0,82.0,224.0,145.0,27.0,278.0,87.0,No,Current,Never,121.0,No,No,30.59,0
38,Male,168.6,67.0,125.0,69.0,229.0,141.0,57.0,141.0,124.0,No,Never,Never,51.0,No,No,23.57,0
48,Female,170.8,55.6,118.0,89.0,153.0,92.0,68.0,139.0,97.0,No,Former,Frequently,125.0,Yes,No,19.06,0
70,Female,173.4,80.9,132.0,80.0,230.0,151.0,40.0,221.0,98.0,No,Former,Occasionally,151.0,No,No,26.91,0
84,Female,169.9,74.6,122.0,94.0,202.0,105.0,57.0,102.0,94.0,No,Current,Occasionally,415.0,No,No,25.84,0
84,Female,154.4,72.0,149.0,75.0,232.0,130.0,33.0,81.0,130.0,No,Current,Never,125.0,No,Yes,30.2,0
42,Female,166.9,79.1,116.0,80.0,208.0,126.0,48.0,103.0,143.0,No,Never,Never,114.0,Yes,No,28.4,1
53,Other,165.2,76.2,120.0,93.0,257.0,158.0,34.0,249.0,112.0,No,Current,Occasionally,323.0,No,No,27.92,0
57,Female,150.4,59.3,147.0,64.0,178.0,116.0,92.0,134.0,149.0,No,Never,Occasionally,224.0,No,No,26.22,0
26,Female,157.7,59.9,111.0,73.0,171.0,89.0,63.0,64.0,82.0,No,Current,Occasionally,214.0,No,No,24.09,0
28,Male,176.8,82.0,122.0,84.0,193.0,106.0,35.0,210.0,112.0,No,Former,Occasionally,0.0,No,Yes,26.23,0
20,Female,161.6,78.6,100.0,73.0,211.0,100.0,29.0,92.0,92.0,No,Never,Occasionally,4.0,Yes,No,30.1,0
42,Male,180.3,68.1,129.0,79.0,209.0,136.0,35.0,90.0,100.0,No,Current,Frequently,173.0,No,No,20.95,0
19,Male,165.3,67.7,93.0,92.0,173.0,104.0,62.0,125.0,85.0,Yes,Former,Occasionally,0.0,Yes,No,24.78,0
74,Female,161.5,43.3,131.0,85.0,265.0,197.0,65.0,119.0,111.0,No,Current,Never,44.0,No,No,16.6,1
69,Male,177.3,90.7,111.0,78.0,230.0,112.0,62.0,145.0,117.0,No,Never,Occasionally,67.0,No,No,28.85,0
47,Male,165.2,49.1,117.0,84.0,157.0,98.0,58.0,180.0,60.0,No,Never,Occasionally,114.0,Yes,No,17.99,0
53,Female,167.6,97.6,113.0,85.0,195.0,123.0,68.0,99.0,110.0,No,Never,Occasionally,102.0,No,No,34.75,0
74,Female,159.4,56.6,149.0,82.0,195.0,127.0,63.0,181.0,133.0,No,Never,Occasionally,225.0,No,No,22.28,0
21,Male,184.2,76.4,114.0,66.0,111.0,68.0,46.0,164.0,59.0,No,Never,Occasionally,120.0,No,No,22.52,0
63,Male,172.0,72.7,120.0,91.0,171.0,101.0,58.0,133.0,95.0,No,Former,Frequently,89.0,No,No,24.57,0
54,Female,168.7,56.4,115.0,73.0,108.0,74.0,73.0,250.0,102.0,No,Current,Occasionally,198.0,No,No,19.82,0
55,Female,159.7,77.3,130.0,80.0,147.0,62.0,59.0,147.0,109.0,No,Former,Never,53.0,Yes,No,30.31,0
81,Female,159.6,88.8,148.0,92.0,221.0,138.0,68.0,94.0,118.0,No,Current,Never,160.0,No,Yes,34.86,1
65,Male,188.8,93.8,160.0,70.0,124.0,84.0,40.0,90.0,108.0,No,Former,Occasionally,266.0,Yes,No,26.31,0
59,Female,155.9,64.5,154.0,73.0,204.0,110.0,50.0,189.0,105.0,No,Never,Never,86.0,No,No,26.54,0
45,Male,175.8,60.9,95.0,66.0,211.0,123.0,20.0,214.0,77.0,No,Never,Occasionally,216.0,Yes,No,19.71,0
65,Male,164.7,56.8,129.0,82.0,167.0,92.0,44.0,260.0,73.0,No,Former,Never,203.0,Yes,No,20.94,0
40,Male,166.3,101.6,118.0,75.0,105.0,49.0,39.0,58.0,79.0,No,Never,Occasionally,153.0,No,No,36.74,0
23,Male,179.8,86.6,110.0,81.0,210.0,114.0,62.0,153.0,103.0,No,Never,Occasionally,384.0,No,No,26.79,0
43,Male,190.4,68.3,102.0,88.0,209.0,95.0,27.0,136.0,105.0,No,Current,Frequently,141.0,Yes,No,18.84,0
61,Female,140.6,49.1,140.0,84.0,200.0,127.0,69.0,200.0,104.0,No,Never,Frequently,180.0,No,Yes,24.84,0
70,Male,175.6,89.5,129.0,81.0,225.0,147.0,47.0,119.0,81.0,No,Never,Occasionally,242.0,No,Yes,29.03,1
49,Female,170.1,52.1,140.0,61.0,198.0,97.0,56.0,72.0,70.0,No,Former,Occasionally,0.0,Yes,No,18.01,1
19,Male,159.7,43.8,98.0,54.0,219.0,137.0,62.0,211.0,115.0,No,Current,Occasionally,120.0,No,No,17.17,0
20,Male,174.5,95.5,135.0,71.0,178.0,105.0,42.0,147.0,84.0,No,Former,Occasionally,255.0,No,No,31.36,0
34,Female,173.3,61.6,112.0,66.0,138.0,105.0,46.0,115.0,74.0,No,Current,Never,102.0,No,No,20.51,0
77,Male,183.3,84.0,144.0,81.0,203.0,107.0,55.0,175.0,93.0,No,Current,Occasionally,143.0,Yes,Yes,25.0,1
39,Female,163.4,76.2,136.0,60.0,212.0,123.0,46.0,79.0,92.0,No,Former,Never,323.0,No,No,28.54,0
52,Female,157.3,64.5,159.0,74.0,226.0,106.0,45.0,194.0,93.0,No,Never,Never,159.0,No,No,26.07,0
19,Male,162.8,58.8,111.0,95.0,222.0,121.0,66.0,57.0,97.0,No,Current,Occasionally,58.0,No,No,22.19,0
21,Female,168.2,56.2,129.0,82.0,123.0,61.0,65.0,91.0,103.0,No,Never,Never,162.0,No,No,19.86,0
81,Female,163.6,102.5,143.0,83.0,265.0,133.0,69.0,153.0,100.0,Yes,Former,Never,140.0,No,Yes,38.3,1
71,Female,162.8,62.6,140.0,75.0,275.0,145.0,66.0,155.0,77.0,No,Former,Occasionally,126.0,No,Yes,23.62,0
25,Female,166.7,60.5,106.0,61.0,216.0,151.0,44.0,79.0,117.0,No,Never,Never,238.0,Yes,No,21.77,0
77,Male,159.9,77.2,129.0,57.0,158.0,70.0,27.0,107.0,83.0,No,Never,Occasionally,329.0,No,No,30.19,1
46,Male,176.1,78.8,142.0,81.0,215.0,118.0,51.0,58.0,61.0,No,Former,Occasionally,80.0,No,No,25.41,0
53,Male,174.0,80.4,132.0,75.0,155.0,84.0,24.0,115.0,130.0,No,Never,Occasionally,290.0,No,No,26.56,0
42,Female,156.5,52.7,125.0,77.0,189.0,113.0,54.0,101.0,124.0,No,Former,Occasionally,231.0,No,No,21.52,0
45,Other,160.9,63.2,118.0,73.0,214.0,136.0,49.0,102.0,103.0,No,Former,Occasionally,6.0,Yes,No,24.41,1
63,Female,163.2,61.3,131.0,97.0,242.0,158.0,76.0,333.0,88.0,No,Never,Occasionally,29.0,Yes,No,23.02,0
60,Female,153.8,79.9,98.0,88.0,183.0,118.0,60.0,149.0,77.0,No,Never,Never,214.0,No,No,33.78,0
42,Female,155.8,73.6,149.0,72.0,204.0,114.0,73.0,97.0,81.0,No,Never,Occasionally,199.0,No,No,30.32,0
74,Female,169.4,57.4,165.0,79.0,235.0,177.0,38.0,59.0,107.0,No,Never,Occasionally,164.0,No,Yes,20.0,1
54,Male,179.4,127.8,150.0,78.0,192.0,132.0,45.0,222.0,117.0,No,Never,Occasionally,153.0,Yes,No,39.71,0
19,Male,170.6,90.1,110.0,71.0,211.0,123.0,41.0,215.0,81.0,No,Current,Occasionally,107.0,Yes,No,30.96,0
75,Male,169.0,67.0,146.0,70.0,128.0,72.0,45.0,241.0,109.0,No,Former,Occasionally,9.0,No,No,23.46,0
36,Female,179.7,73.9,117.0,71.0,134.0,86.0,59.0,100.0,87.0,No,Never,Frequently,34.0,No,No,22.88,0
78,Female,168.3,99.3,132.0,104.0,219.0,151.0,73.0,161.0,103.0,No,Current,Frequently,40.0,Yes,No,35.06,0
57,Male,170.0,69.8,139.0,60.0,236.0,92.0,35.0,73.0,115.0,No,Never,Occasionally,206.0,No,No,24.15,0
36,Male,189.6,74.5,110.0,50.0,269.0,157.0,82.0,90.0,99.0,No,Never,Occasionally,170.0,No,No,20.72,0
70,Male,169.1,84.1,130.0,96.0,232.0,117.0,27.0,119.0,74.0,No,Never,Occasionally,174.0,No,No,29.41,0
50,Male,172.8,63.4,123.0,74.0,137.0,89.0,71.0,107.0,112.0,No,Current,Never,189.0,No,No,21.23,0
26,Female,154.6,58.1,119.0,74.0,134.0,88.0,44.0,102.0,123.0,No,Never,Never,173.0,No,No,24.31,0
79,Male,176.1,60.9,132.0,69.0,232.0,161.0,49.0,106.0,64.0,No,Never,Occasionally,168.0,No,No,19.64,0
25,Other,174.5,77.3,115.0,79.0,118.0,80.0,38.0,224.0,86.0,No,Never,Occasionally,110.0,No,No,25.39,0
77,Male,187.6,66.2,150.0,68.0,200.0,102.0,48.0,164.0,60.0,No,Never,Occasionally,94.0,No,No,18.81,0
41,Male,164.3,74.8,135.0,74.0,238.0,133.0,39.0,125.0,120.0,No,Never,Never,272.0,No,No,27.71,0
77,Male,169.8,48.8,149.0,74.0,212.0,116.0,75.0,78.0,112.0,No,Never,Frequently,192.0,No,Yes,16.93,0
68,Male,171.0,65.7,141.0,84.0,257.0,110.0,75.0,176.0,133.0,No,Never,Never,197.0,No,No,22.47,0
18,Male,169.6,71.3,123.0,99.0,173.0,104.0,64.0,291.0,113.0,No,Former,Never,239.0,No,No,24.79,0
73,Male,159.0,65.3,115.0,94.0,142.0,73.0,67.0,179.0,112.0,No,Never,Never,189.0,No,No,25.83,0
29,Male,198.3,60.4,117.0,77.0,161.0,86.0,55.0,162.0,84.0,No,Never,Never,133.0,No,No,15.36,0
79,Female,159.5,38.0,130.0,108.0,183.0,121.0,81.0,137.0,98.0,No,Former,Frequently,170.0,No,No,14.94,0
46,Female,154.6,61.8,146.0,78.0,188.0,93.0,50.0,116.0,91.0,No,Current,Occasionally,1.0,No,No,25.86,0
72,Male,160.1,60.5,117.0,86.0,225.0,136.0,49.0,202.0,97.0,No,Never,Occasionally,133.0,No,No,23.6,0
27,Female,148.9,59.7,97.0,70.0,217.0,152.0,50.0,167.0,76.0,No,Never,Never,118.0,No,No,26.93,0
45,Male,179.6,104.6,131.0,71.0,164.0,69.0,41.0,90.0,111.0,No,Never,Occasionally,143.0,Yes,No,32.43,0
26,Female,158.9,65.7,124.0,81.0,192.0,106.0,55.0,69.0,75.0,No,Never,Occasionally,361.0,No,No,26.02,0
27,Male,171.9,73.9,129.0,81.0,215.0,105.0,28.0,185.0,114.0,No,Current,Never,191.0,Yes,No,25.01,0
32,Female,161.3,77.7,128.0,76.0,171.0,96.0,77.0,106.0,107.0,No,Former,Occasionally,141.0,Yes,No,29.86,0
49,Male,167.3,91.7,122.0,87.0,189.0,128.0,66.0,265.0,127.0,No,Never,Occasionally,156.0,No,No,32.76,0
47,Female,155.6,67.0,155.0,83.0,205.0,132.0,69.0,192.0,117.0,No,Former,Occasionally,63.0,Yes,No,27.67,0
27,Male,169.2,38.0,100.0,52.0,206.0,110.0,40.0,161.0,55.0,No,Former,Never,266.0,No,No,13.27,0
44,Other,158.8,82.5,108.0,73.0,215.0,111.0,49.0,140.0,98.0,No,Current,Occasionally,53.0,Yes,No,32.72,0
54,Male,166.1,64.7,93.0,85.0,206.0,103.0,60.0,178.0,79.0,No,Former,Occasionally,268.0,No,No,23.45,0
65,Male,182.2,43.3,121.0,73.0,262.0,156.0,72.0,80.0,108.0,No,Never,Never,153.0,Yes,No,13.04,0
51,Female,171.6,71.1,128.0,80.0,209.0,135.0,71.0,114.0,93.0,No,Never,Occasionally,379.0,Yes,Yes,24.15,0
18,Male,173.5,92.1,85.0,59.0,190.0,94.0,48.0,191.0,105.0,No,Never,Occasionally,274.0,No,No,30.6,0
33,Male,180.0,74.0,138.0,65.0,174.0,88.0,24.0,85.0,80.0,No,Never,Never,129.0,No,No,22.84,0
41,Male,181.1,84.4,140.0,80.0,241.0,131.0,49.0,111.0,100.0,No,Current,Occasionally,203.0,No,No,25.73,0
43,Female,157.0,72.5,132.0,88.0,222.0,114.0,57.0,83.0,74.0,No,Current,Occasionally,165.0,No,No,29.41,0
69,Male,183.4,94.6,142.0,82.0,244.0,171.0,37.0,104.0,112.0,No,Never,Never,271.0,Yes,No,28.12,0
43,Female,157.0,74.4,102.0,93.0,153.0,77.0,58.0,214.0,110.0,No,Former,Occasionally,221.0,No,No,30.18,0
23,Female,150.2,59.1,112.0,82.0,212.0,128.0,60.0,90.0,93.0,Yes,Former,Frequently,4.0,Yes,No,26.2,1
71,Female,159.0,80.0,145.0,94.0,121.0,72.0,47.0,114.0,119.0,Yes,Current,Never,295.0,No,No,31.64,0
54,Female,167.1,73.3,89.0,65.0,239.0,131.0,46.0,174.0,109.0,Yes,Never,Occasionally,196.0,No,No,26.25,0
30,Female,164.6,76.8,118.0,69.0,131.0,89.0,42.0,84.0,89.0,No,Former,Occasionally,94.0,Yes,No,28.35,0
54,Male,174.1,92.5,109.0,85.0,209.0,112.0,55.0,95.0,99.0,No,Current,Occasionally,114.0,No,No,30.52,0
60,Male,171.1,72.5,127.0,74.0,205.0,133.0,37.0,155.0,111.0,No,Never,Occasionally,147.0,No,No,24.76,0
49,Male,174.4,99.1,103.0,88.0,132.0,82.0,51.0,154.0,100.0,No,Current,Occasionally,0.0,No,No,32.58,0
36,Female,169.9,58.8,107.0,72.0,267.0,166.0,54.0,71.0,68.0,No,Former,Occasionally,137.0,No,No,20.37,0
74,Female,160.8,61.5,145.0,92.0,110.0,65.0,45.0,73.0,108.0,Yes,Never,Occasionally,122.0,No,No,23.78,0
55,Male,168.7,88.3,124.0,89.0,256.0,167.0,41.0,141.0,72.0,No,Never,Never,129.0,No,No,31.03,0
62,Male,184.4,73.2,138.0,94.0,203.0,119.0,47.0,172.0,112.0,No,Never,Occasionally,202.0,No,No,21.53,0
70,Female,171.7,67.5,136.0,78.0,201.0,137.0,74.0,227.0,82.0,No,Former,Occasionally,268.0,No,No,22.9,0
34,Male,170.4,93.5,111.0,85.0,192.0,111.0,33.0,111.0,101.0,No,Current,Occasionally,178.0,No,No,32.2,0
50,Female,159.5,54.9,112.0,82.0,206.0,157.0,63.0,152.0,99.0,No,Former,Frequently,138.0,Yes,No,21.58,0
40,Female,164.9,61.5,121.0,68.0,225.0,122.0,62.0,158.0,75.0,No,Never,Occasionally,268.0,No,No,22.62,0
23,Female,152.7,53.1,106.0,74.0,147.0,91.0,44.0,128.0,82.0,No,Never,Never,61.0,No,No,22.77,0
82,Male,170.7,86.2,129.0,87.0,191.0,110.0,43.0,100.0,58.0,No,Never,Frequently,74.0,Yes,No,29.58,1
85,Female,168.7,78.2,150.0,86.0,244.0,158.0,52.0,104.0,87.0,Yes,Never,Occasionally,33.0,Yes,Yes,27.48,1
49,Female,173.5,38.0,133.0,61.0,158.0,84.0,60.0,131.0,64.0,No,Never,Frequently,161.0,No,No,12.62,0
42,Male,174.3,73.0,122.0,96.0,179.0,100.0,48.0,41.0,108.0,No,Never,Occasionally,86.0,No,No,24.03,0
41,Male,178.3,87.7,147.0,92.0,215.0,132.0,26.0,78.0,100.0,No,Never,Occasionally,182.0,No,Yes,27.59,1
65,Male,178.0,75.0,121.0,59.0,237.0,181.0,41.0,63.0,84.0,No,Former,Never,33.0,No,No,23.67,0
75,Male,182.8,73.1,132.0,82.0,238.0,153.0,26.0,187.0,95.0,No,Current,Occasionally,306.0,No,Yes,21.88,1
29,Female,165.1,53.4,129.0,74.0,165.0,102.0,49.0,132.0,122.0,No,Never,Never,165.0,No,No,19.59,0
83,Female,162.4,79.1,155.0,66.0,229.0,125.0,68.0,132.0,113.0,No,Never,Frequently,177.0,No,Yes,29.99,1
62,Female,149.5,78.9,140.0,103.0,147.0,79.0,59.0,166.0,107.0,No,Never,Never,223.0,No,No,35.3,0
77,Male,167.4,84.8,151.0,55.0,214.0,115.0,25.0,127.0,69.0,No,Never,Occasionally,248.0,No,Yes,30.26,1
35,Male,165.7,54.0,114.0,66.0,167.0,94.0,20.0,316.0,91.0,No,Never,Occasionally,236.0,No,No,19.67,0
19,Male,162.7,71.6,105.0,82.0,228.0,136.0,59.0,147.0,114.0,No,Current,Occasionally,237.0,No,No,27.05,0
34,Female,155.1,75.6,97.0,85.0,210.0,112.0,48.0,194.0,101.0,No,Former,Frequently,114.0,No,No,31.43,0
51,Male,168.2,71.2,127.0,73.0,169.0,103.0,47.0,93.0,95.0,No,Never,Frequently,294.0,Yes,No,25.17,0
57,Female,168.3,46.6,116.0,98.0,184.0,118.0,64.0,93.0,69.0,No,Never,Never,214.0,No,No,16.45,0
52,Male,166.2,74.7,118.0,78.0,219.0,107.0,17.0,98.0,124.0,No,Former,Occasionally,0.0,No,No,27.04,0
81,Male,161.9,113.0,128.0,82.0,217.0,135.0,59.0,65.0,76.0,Yes,Current,Occasionally,109.0,No,No,43.11,1
66,Female,148.7,60.4,119.0,83.0,150.0,74.0,40.0,123.0,90.0,No,Never,Occasionally,312.0,No,No,27.32,0
30,Female,167.9,70.8,114.0,80.0,183.0,113.0,74.0,277.0,101.0,No,Never,Never,186.0,Yes,No,25.11,0
71,Female,165.4,81.3,119.0,57.0,213.0,106.0,65.0,73.0,111.0,No,Current,Occasionally,122.0,No,No,29.72,0
18,Female,153.6,50.0,85.0,59.0,207.0,88.0,60.0,208.0,131.0,No,Never,Occasionally,266.0,No,No,21.19,0
60,Male,165.5,79.7,104.0,74.0,192.0,90.0,41.0,84.0,97.0,No,Never,Occasionally,191.0,No,No,29.1,0
28,Female,156.4,71.8,98.0,71.0,235.0,148.0,51.0,124.0,110.0,No,Former,Never,0.0,No,No,29.35,0
36,Male,171.5,89.8,100.0,78.0,184.0,123.0,27.0,241.0,86.0,No,Current,Never,72.0,Yes,No,30.53,0
43,Female,173.6,71.8,120.0,88.0,166.0,99.0,66.0,106.0,97.0,No,Former,Occasionally,205.0,Yes,No,23.82,0
60,Male,160.0,85.7,142.0,91.0,218.0,85.0,46.0,154.0,88.0,No,Never,Occasionally,137.0,Yes,No,33.48,0
66,Female,162.8,50.4,108.0,69.0,254.0,149.0,50.0,253.0,113.0,No,Never,Occasionally,109.0,No,Yes,19.02,0
46,Female,167.7,58.3,139.0,90.0,163.0,85.0,55.0,257.0,102.0,No,Current,Occasionally,0.0,Yes,No,20.73,0
79,Female,163.3,59.3,130.0,86.0,245.0,131.0,69.0,178.0,87.0,No,Former,Occasionally,194.0,No,No,22.24,0
46,Female,153.8,61.9,134.0,77.0,138.0,87.0,51.0,82.0,91.0,No,Never,Occasionally,145.0,Yes,No,26.17,0
19,Male,169.2,78.8,98.0,81.0,154.0,85.0,45.0,129.0,67.0,No,Never,Occasionally,136.0,No,No,27.52,0
28,Male,175.2,51.6,107.0,81.0,262.0,132.0,36.0,252.0,111.0,No,Current,Occasionally,294.0,No,No,16.81,0
80,Male,169.9,100.2,169.0,92.0,219.0,114.0,60.0,247.0,109.0,No,Never,Never,265.0,Yes,Yes,34.71,1
75,Female,166.7,63.9,140.0,88.0,223.0,156.0,91.0,579.0,87.0,No,Never,Frequently,24.0,No,No,22.99,1
30,Female,163.2,55.3,126.0,84.0,174.0,105.0,54.0,205.0,103.0,No,Never,Frequently,131.0,No,Yes,20.76,1
71,Female,164.4,66.9,117.0,71.0,233.0,146.0,69.0,135.0,85.0,No,Current,Occasionally,28.0,No,No,24.75,0
34,Male,170.3,72.9,113.0,83.0,190.0,121.0,48.0,78.0,66.0,No,Never,Occasionally,155.0,Yes,No,25.14,0
54,Female,165.9,75.0,127.0,73.0,226.0,105.0,67.0,129.0,114.0,No,Current,Occasionally,92.0,No,No,27.25,0
57,Female,168.7,68.9,144.0,69.0,209.0,107.0,76.0,106.0,59.0,No,Never,Occasionally,178.0,Yes,Yes,24.21,1
61,Female,160.7,58.6,96.0,70.0,209.0,151.0,57.0,173.0,76.0,No,Former,Frequently,236.0,Yes,No,22.69,0
60,Female,148.3,84.4,156.0,93.0,181.0,94.0,43.0,96.0,107.0,No,Never,Occasionally,239.0,Yes,No,38.38,1
68,Male,177.5,78.4,123.0,77.0,266.0,197.0,60.0,79.0,64.0,No,Current,Occasionally,284.0,No,Yes,24.88,1
42,Female,167.0,71.6,101.0,82.0,136.0,96.0,48.0,124.0,85.0,No,Never,Occasionally,150.0,No,No,25.67,0
23,Female,154.4,60.2,119.0,69.0,158.0,93.0,77.0,176.0,107.0,No,Never,Occasionally,144.0,No,No,25.25,0
66,Male,177.4,83.4,119.0,74.0,164.0,117.0,59.0,165.0,86.0,No,Never,Occasionally,0.0,Yes,No,26.5,1
85,Male,183.9,100.7,143.0,81.0,232.0,118.0,52.0,194.0,113.0,Yes,Never,Never,50.0,Yes,Yes,29.78,1
66,Male,163.3,71.3,135.0,92.0,168.0,85.0,62.0,162.0,97.0,No,Never,Occasionally,220.0,No,No,26.74,0
79,Male,173.2,76.4,161.0,85.0,222.0,150.0,22.0,82.0,88.0,No,Never,Frequently,345.0,No,No,25.47,0
32,Male,184.6,98.9,121.0,81.0,279.0,142.0,40.0,319.0,80.0,No,Never,Occasionally,99.0,No,No,29.02,1
82,Female,165.0,62.9,123.0,82.0,196.0,122.0,49.0,56.0,80.0,No,Former,Frequently,334.0,Yes,No,23.1,0
50,Male,170.7,102.0,132.0,89.0,193.0,127.0,43.0,63.0,118.0,No,Never,Occasionally,219.0,Yes,No,35.01,0
54,Male,172.8,62.4,157.0,71.0,216.0,85.0,55.0,179.0,82.0,Yes,Former,Occasionally,184.0,No,Yes,20.9,1
47,Male,177.9,74.1,131.0,60.0,202.0,111.0,37.0,107.0,88.0,No,Current,Occasionally,192.0,No,No,23.41,1
31,Male,180.5,61.0,118.0,93.0,154.0,104.0,39.0,246.0,74.0,No,Never,Never,97.0,No,No,18.72,0
58,Female,154.5,38.0,98.0,94.0,176.0,90.0,55.0,93.0,82.0,No,Current,Occasionally,227.0,No,No,15.92,0
28,Female,158.9,56.5,110.0,74.0,189.0,126.0,71.0,113.0,120.0,No,Current,Never,147.0,No,No,22.38,0
58,Female,166.0,47.1,126.0,71.0,123.0,78.0,64.0,124.0,77.0,No,Never,Never,233.0,No,No,17.09,0
50,Male,157.1,81.0,105.0,86.0,149.0,101.0,31.0,164.0,109.0,Yes,Never,Never,270.0,No,No,32.82,0
31,Female,182.0,66.8,111.0,99.0,179.0,101.0,70.0,159.0,78.0,No,Current,Never,126.0,Yes,No,20.17,0
83,Female,177.5,98.4,128.0,81.0,270.0,119.0,59.0,362.0,101.0,No,Never,Occasionally,29.0,No,No,31.23,0
57,Female,176.9,88.1,139.0,102.0,251.0,135.0,25.0,197.0,96.0,Yes,Current,Never,146.0,No,No,28.15,0
67,Male,179.2,71.9,111.0,92.0,233.0,124.0,47.0,138.0,90.0,No,Former,Occasionally,384.0,No,No,22.39,0
66,Female,163.5,80.1,116.0,92.0,266.0,98.0,49.0,159.0,110.0,No,Current,Occasionally,15.0,No,No,29.96,1
57,Female,152.3,53.1,105.0,72.0,216.0,107.0,70.0,103.0,79.0,No,Never,Occasionally,331.0,No,No,22.89,0
56,Male,184.1,68.8,117.0,79.0,184.0,103.0,60.0,159.0,60.0,No,Never,Occasionally,165.0,No,No,20.3,0
48,Male,170.3,88.5,111.0,63.0,231.0,129.0,52.0,85.0,77.0,Yes,Former,Never,257.0,No,No,30.52,0
85,Female,160.5,69.4,122.0,82.0,250.0,162.0,63.0,188.0,81.0,No,Never,Occasionally,135.0,Yes,No,26.94,1
61,Male,178.4,65.5,122.0,71.0,207.0,84.0,58.0,226.0,109.0,No,Former,Occasionally,176.0,No,No,20.58,0
24,Female,157.5,59.4,134.0,66.0,243.0,149.0,58.0,186.0,92.0,No,Never,Occasionally,188.0,No,No,23.95,0
67,Female,169.2,78.9,152.0,78.0,202.0,129.0,75.0,137.0,83.0,No,Former,Frequently,311.0,No,Yes,27.56,1
48,Male,187.7,81.7,130.0,76.0,181.0,110.0,57.0,148.0,116.0,No,Current,Never,106.0,No,No,23.19,0
55,Female,169.8,38.0,107.0,79.0,215.0,108.0,55.0,61.0,118.0,No,Former,Occasionally,224.0,No,No,13.18,0
54,Female,153.7,66.5,143.0,82.0,205.0,104.0,56.0,179.0,112.0,No,Current,Never,0.0,No,No,28.15,1
24,Female,164.8,59.8,99.0,65.0,262.0,134.0,39.0,71.0,77.0,No,Never,Occasionally,301.0,No,No,22.02,0
73,Male,189.5,77.0,135.0,83.0,178.0,113.0,47.0,163.0,127.0,No,Never,Occasionally,228.0,No,No,21.44,0
65,Female,164.1,79.6,145.0,61.0,242.0,142.0,41.0,94.0,133.0,No,Former,Occasionally,151.0,No,Yes,29.56,1
66,Female,149.2,74.1,130.0,87.0,173.0,88.0,43.0,144.0,99.0,Yes,Former,Frequently,199.0,No,No,33.29,0
76,Female,168.4,66.6,159.0,87.0,166.0,91.0,57.0,153.0,107.0,No,Current,Occasionally,332.0,Yes,No,23.48,1
85,Male,187.9,76.3,134.0,84.0,301.0,167.0,31.0,205.0,84.0,No,Former,Occasionally,5.0,No,No,21.61,1
77,Female,153.0,64.3,176.0,82.0,214.0,124.0,54.0,191.0,97.0,Yes,Former,Never,188.0,No,Yes,27.47,1
25,Female,161.2,55.8,85.0,64.0,162.0,74.0,37.0,85.0,92.0,No,Never,Never,199.0,No,No,21.47,0
55,Male,183.2,79.9,120.0,77.0,162.0,122.0,52.0,159.0,110.0,No,Former,Frequently,155.0,No,No,23.81,0
57,Female,161.9,51.3,111.0,85.0,252.0,119.0,60.0,75.0,116.0,No,Current,Occasionally,97.0,No,No,19.57,0
18,Male,182.8,81.7,129.0,70.0,152.0,99.0,39.0,86.0,67.0,No,Former,Occasionally,231.0,No,No,24.45,0
59,Female,171.5,57.3,116.0,88.0,205.0,122.0,75.0,118.0,91.0,No,Never,Never,47.0,No,No,19.48,0
41,Female,159.5,84.7,139.0,77.0,179.0,125.0,51.0,86.0,89.0,No,Never,Occasionally,293.0,No,No,33.29,0
70,Female,153.4,53.1,133.0,85.0,197.0,127.0,46.0,216.0,55.0,No,Former,Occasionally,107.0,No,No,22.57,0
45,Male,171.4,84.0,140.0,66.0,196.0,97.0,41.0,142.0,62.0,No,Never,Frequently,166.0,Yes,No,28.59,0
72,Male,176.6,64.6,140.0,74.0,230.0,138.0,61.0,92.0,125.0,No,Former,Occasionally,156.0,No,No,20.71,0
29,Male,171.2,58.5,134.0,91.0,166.0,103.0,35.0,159.0,63.0,No,Never,Frequently,78.0,No,No,19.96,0
33,Female,156.1,55.6,109.0,95.0,246.0,167.0,62.0,136.0,81.0,No,Former,Frequently,251.0,No,Yes,22.82,0
44,Female,174.5,87.7,118.0,86.0,152.0,107.0,52.0,52.0,77.0,No,Never,Occasionally,95.0,No,No,28.8,0
36,Male,172.5,95.0,124.0,89.0,148.0,89.0,43.0,284.0,94.0,No,Former,Never,202.0,No,No,31.93,0
70,Female,150.8,64.4,132.0,76.0,199.0,119.0,35.0,172.0,130.0,No,Never,Never,245.0,No,No,28.32,0
74,Female,167.9,73.7,145.0,68.0,171.0,92.0,54.0,90.0,107.0,No,Former,Occasionally,154.0,Yes,No,26.14,0
40,Male,179.2,75.7,141.0,84.0,139.0,76.0,45.0,77.0,90.0,No,Never,Occasionally,83.0,No,No,23.57,1
39,Male,168.0,103.7,109.0,83.0,221.0,125.0,42.0,120.0,120.0,No,Never,Occasionally,67.0,No,No,36.74,0
19,Male,173.1,68.9,114.0,79.0,219.0,138.0,30.0,201.0,118.0,No,Never,Occasionally,90.0,No,No,22.99,0
30,Other,156.8,68.6,85.0,73.0,187.0,101.0,49.0,71.0,68.0,No,Never,Never,259.0,No,No,27.9,0
75,Female,167.3,60.9,127.0,89.0,194.0,101.0,61.0,161.0,111.0,No,Current,Occasionally,53.0,No,Yes,21.76,0
24,Female,152.6,94.3,129.0,85.0,135.0,79.0,62.0,159.0,75.0,No,Never,Occasionally,80.0,No,No,40.5,0
69,Male,169.1,89.5,137.0,82.0,220.0,115.0,51.0,197.0,90.0,No,Never,Never,136.0,No,Yes,31.3,1
28,Male,171.2,95.1,123.0,75.0,189.0,97.0,43.0,110.0,95.0,No,Never,Frequently,0.0,Yes,No,32.45,0
59,Female,159.8,66.5,139.0,81.0,192.0,124.0,43.0,130.0,106.0,No,Never,Never,220.0,No,No,26.04,0
32,Male,173.2,63.9,85.0,71.0,160.0,123.0,76.0,57.0,69.0,No,Never,Frequently,218.0,No,No,21.3,0
85,Female,168.8,67.8,111.0,93.0,245.0,135.0,90.0,101.0,112.0,No,Never,Frequently,77.0,No,No,23.79,1
74,Female,159.4,84.4,135.0,82.0,210.0,118.0,25.0,240.0,94.0,No,Current,Occasionally,157.0,Yes,No,33.22,1
30,Male,175.0,79.0,134.0,75.0,181.0,84.0,26.0,85.0,95.0,No,Former,Frequently,61.0,Yes,No,25.8,0
32,Male,171.1,77.6,120.0,72.0,147.0,68.0,29.0,103.0,96.0,No,Former,Occasionally,103.0,No,No,26.51,0
54,Female,147.2,56.0,125.0,76.0,201.0,123.0,77.0,62.0,101.0,No,Current,Never,262.0,No,No,25.84,0
53,Male,169.7,86.3,142.0,71.0,230.0,140.0,43.0,326.0,90.0,No,Former,Never,208.0,No,No,29.97,1
54,Female,159.2,71.7,137.0,87.0,236.0,141.0,58.0,324.0,80.0,No,Current,Occasionally,151.0,Yes,No,28.29,0
41,Other,153.6,59.1,119.0,81.0,270.0,161.0,39.0,127.0,86.0,No,Never,Occasionally,387.0,No,No,25.05,0
72,Female,162.2,66.6,142.0,90.0,214.0,153.0,42.0,196.0,106.0,No,Never,Occasionally,274.0,No,No,25.31,0
68,Female,162.1,76.0,120.0,85.0,236.0,141.0,41.0,109.0,102.0,No,Former,Occasionally,150.0,Yes,No,28.92,1
18,Female,168.9,50.9,113.0,79.0,207.0,105.0,47.0,141.0,62.0,No,Never,Never,99.0,No,No,17.84,0
19,Male,174.5,82.0,123.0,89.0,214.0,111.0,39.0,159.0,114.0,No,Current,Occasionally,127.0,No,No,26.93,0
54,Female,167.6,69.1,146.0,81.0,162.0,77.0,37.0,72.0,112.0,No,Never,Occasionally,187.0,No,No,24.6,0
26,Female,156.4,61.7,120.0,88.0,200.0,106.0,34.0,174.0,114.0,No,Current,Frequently,348.0,No,No,25.22,0
47,Female,148.9,64.0,127.0,94.0,147.0,88.0,51.0,326.0,72.0,No,Former,Occasionally,307.0,No,No,28.87,0
64,Female,155.7,64.6,121.0,93.0,203.0,122.0,44.0,70.0,76.0,No,Current,Occasionally,227.0,No,No,26.65,0
24,Male,175.3,83.1,104.0,82.0,259.0,134.0,58.0,50.0,124.0,No,Never,Frequently,19.0,No,No,27.04,0
43,Male,184.7,88.2,114.0,77.0,207.0,125.0,26.0,162.0,110.0,No,Never,Occasionally,126.0,No,No,25.85,0
18,Female,154.7,68.7,112.0,63.0,187.0,91.0,48.0,132.0,99.0,No,Never,Never,190.0,No,No,28.71,0
65,Female,160.8,63.0,154.0,78.0,216.0,161.0,38.0,111.0,72.0,No,Former,Occasionally,198.0,Yes,No,24.37,0
53,Female,167.2,64.2,125.0,91.0,195.0,121.0,64.0,155.0,123.0,No,Never,Occasionally,325.0,Yes,No,22.96,0
73,Female,166.1,47.0,120.0,75.0,211.0,94.0,58.0,88.0,55.0,No,Current,Never,117.0,No,No,17.04,0
33,Male,180.9,78.6,100.0,92.0,174.0,103.0,47.0,109.0,62.0,No,Former,Never,129.0,Yes,No,24.02,0
76,Female,159.8,87.6,160.0,92.0,261.0,172.0,53.0,150.0,61.0,Yes,Current,Occasionally,213.0,No,No,34.3,1
24,Female,172.9,62.5,102.0,75.0,130.0,59.0,59.0,62.0,143.0,No,Current,Occasionally,132.0,No,No,20.91,0
73,Male,176.7,67.1,135.0,71.0,177.0,96.0,49.0,173.0,75.0,No,Never,Never,77.0,No,No,21.49,0
73,Female,160.2,71.8,145.0,62.0,209.0,140.0,37.0,62.0,86.0,No,Never,Never,50.0,No,No,27.98,0
85,Male,175.1,71.7,112.0,80.0,226.0,139.0,43.0,121.0,113.0,Yes,Never,Occasionally,110.0,No,Yes,23.39,1
40,Male,161.7,104.7,94.0,72.0,145.0,95.0,52.0,109.0,130.0,No,Never,Frequently,92.0,No,No,40.04,0
20,Male,172.6,58.8,112.0,97.0,266.0,186.0,61.0,129.0,80.0,No,Never,Occasionally,167.0,No,No,19.74,0
52,Male,173.6,65.0,125.0,68.0,172.0,89.0,40.0,131.0,92.0,No,Never,Never,147.0,No,No,21.57,1
72,Female,158.6,62.4,125.0,72.0,226.0,129.0,64.0,159.0,108.0,No,Never,Occasionally,157.0,No,No,24.81,0
24,Female,171.9,73.1,118.0,78.0,189.0,152.0,50.0,112.0,93.0,No,Former,Occasionally,162.0,Yes,No,24.74,0
43,Male,167.8,77.5,144.0,102.0,220.0,132.0,54.0,110.0,123.0,No,Former,Occasionally,84.0,No,No,27.52,0
