Age,Gender,Smoking_Status,Cigarettes_Per_Day,Years_Of_Smoking,Secondhand_Smoke_Exposure,Workplace_Exposure,Asbestos_Exposure,Radon_Exposure,Air_Pollution_Exposure,Chronic_Lung_Disease,Family_History_Lung_Cancer,Previous_Cancer_History,Previous_Chest_Radiation,Persistent_Cough,Shortness_Of_Breath,Chest_Pain,Pack_Years,LungCancer
48,Male,Former,15.0,21.0,No,None,No,Unknown,Medium,No,No,No,No,No,No,No,15.75,0
32,Female,Current,4.0,6.0,No,None,No,No,Medium,Yes,No,No,No,No,No,No,1.2,0
51,Male,Former,30.0,23.0,No,None,No,No,Low,No,No,No,No,No,No,No,34.5,0
65,Male,Never,0.0,0.0,Yes,None,No,No,Medium,No,No,No,No,No,Yes,No,0.0,0
77,Female,Former,13.0,24.0,No,High,Yes,No,Medium,No,No,No,No,Yes,No,Yes,15.6,1
34,Male,Former,21.0,1.0,Yes,None,No,No,High,No,No,No,No,No,No,No,1.05,0
52,Female,Current,2.0,13.0,No,Low,No,No,High,No,No,No,No,No,No,No,1.3,0
62,Female,Never,0.0,0.0,No,None,No,No,High,No,No,No,No,No,No,No,0.0,0
60,Female,Current,18.0,24.0,No,None,No,Unknown,Medium,No,No,No,No,No,No,Yes,21.6,0
40,Male,Never,0.0,0.0,No,None,No,No,Low,No,No,No,No,No,No,No,0.0,0
27,Female,Never,0.0,0.0,No,None,No,No,Low,No,No,No,No,No,No,No,0.0,0
39,Female,Current,19.0,5.0,No,Low,No,No,High,No,No,No,No,No,No,No,4.75,0
54,Female,Never,0.0,0.0,No,None,No,No,Medium,No,No,No,Yes,No,No,No,0.0,0
78,Female,Current,1.0,28.0,No,Low,No,No,High,No,No,No,No,No,Yes,No,1.4,0
22,Male,Never,0.0,0.0,No,High,Yes,No,Medium,No,No,No,No,No,No,No,0.0,0
46,Female,Never,0.0,0.0,No,None,No,No,Low,No,No,No,No,No,No,No,0.0,0
28,Male,Former,16.0,11.0,No,None,No,No,Medium,No,No,No,No,No,No,No,8.8,0
68,Female,Never,0.0,0.0,No,None,No,No,Low,No,No,No,No,No,No,No,0.0,1
67,Female,Never,0.0,0.0,No,None,No,No,Medium,No,Yes,No,No,No,No,No,0.0,0
65,Female,Current,17.0,26.0,Yes,None,No,Unknown,High,No,No,No,No,Yes,No,No,22.1,1
82,Female,Current,11.0,15.0,No,None,No,Unknown,Medium,No,Yes,No,No,No,No,No,8.25,0
85,Female,Former,9.0,40.0,No,None,No,No,Low,No,No,No,No,No,No,No,18.0,0
52,Male,Never,0.0,0.0,No,None,No,No,Medium,No,No,No,No,No,No,No,0.0,0
67,Male,Current,26.0,21.0,No,Low,No,No,Medium,No,No,No,No,No,No,No,27.3,0
63,Male,Former,1.0,39.0,No,Low,No,Unknown,High,No,No,No,No,No,No,No,1.95,0
75,Male,Never,0.0,0.0,No,None,No,Unknown,High,No,No,No,No,No,No,No,0.0,0
19,Female,Never,0.0,0.0,No,None,No,No,High,No,Yes,No,No,No,No,Yes,0.0,0
60,Male,Never,0.0,0.0,No,Low,No,No,Low,No,No,No,No,No,No,No,0.0,0
19,Female,Never,0.0,0.0,No,None,No,No,Low,No,No,No,No,No,No,No,0.0,0
73,Male,Current,12.0,31.0,No,None,No,No,Medium,Yes,No,No,No,No,No,No,18.6,0
76,Female,Never,0.0,0.0,No,None,No,No,Medium,No,No,No,No,No,No,No,0.0,0
69,Female,Never,0.0,0.0,No,None,No,Yes,High,No,No,No,No,No,No,No,0.0,0
36,Male,Current,1.0,4.0,No,High,No,Unknown,Medium,No,No,No,No,No,Yes,No,0.2,0
53,Female,Current,1.0,9.0,No,None,No,Unknown,Medium,No,No,No,No,Yes,No,No,0.45,0
59,Male,Never,0.0,0.0,No,None,No,Unknown,Medium,No,No,No,No,Yes,No,No,0.0,0
24,Male,Former,10.0,9.0,Yes,Low,No,Yes,Medium,No,No,No,No,No,No,No,4.5,0
59,Female,Never,0.0,0.0,Yes,Low,No,Yes,Low,No,Yes,No,No,No,No,No,0.0,0
36,Male,Current,21.0,4.0,Yes,High,No,No,Medium,Yes,No,No,No,Yes,No,No,4.2,0
73,Female,Former,17.0,33.0,No,Low,No,Yes,Medium,No,No,No,No,No,No,No,28.05,1
44,Female,Never,0.0,0.0,No,None,Yes,No,Medium,No,No,No,No,Yes,No,No,0.0,0
77,Female,Current,6.0,29.0,No,None,No,No,Medium,No,No,No,No,No,No,No,8.7,0
75,Male,Never,0.0,0.0,No,Low,No,No,Medium,No,No,No,No,Yes,Yes,No,0.0,0
64,Male,Current,23.0,22.0,No,None,No,No,High,Yes,No,No,No,Yes,No,No,25.3,0
45,Female,Former,27.0,14.0,Yes,Low,No,No,Medium,No,No,No,No,No,No,No,18.9,0
70,Female,Never,0.0,0.0,No,None,No,No,High,Yes,No,No,No,Yes,No,No,0.0,0
33,Female,Never,0.0,0.0,No,None,No,No,Low,No,No,No,No,No,No,No,0.0,0
65,Male,Never,0.0,0.0,Yes,None,No,No,Medium,No,No,Yes,No,No,No,No,0.0,0
34,Male,Never,0.0,0.0,Yes,None,No,No,Medium,No,No,No,No,No,No,No,0.0,0
80,Female,Former,5.0,40.0,No,Low,No,Yes,Medium,No,No,No,No,No,No,No,10.0,0
83,Female,Never,0.0,0.0,No,None,No,Yes,Medium,No,No,No,Yes,No,No,No,0.0,0
65,Male,Never,0.0,0.0,No,Low,No,Yes,Low,No,No,No,No,No,No,No,0.0,0
78,Female,Current,6.0,42.0,No,None,No,No,Medium,No,No,No,No,No,No,No,12.6,1
35,Female,Current,10.0,7.0,No,Low,Yes,Yes,Low,No,No,No,No,No,No,No,3.5,0
40,Female,Never,0.0,0.0,Yes,None,No,No,High,No,No,No,No,No,No,No,0.0,0
69,Female,Never,0.0,0.0,No,None,No,Yes,High,No,No,No,No,No,No,No,0.0,0
80,Other,Former,13.0,33.0,No,None,No,No,Medium,No,Yes,No,No,No,No,No,21.45,1
57,Male,Never,0.0,0.0,No,None,No,No,Medium,No,No,No,No,No,No,No,0.0,0
18,Female,Never,0.0,0.0,No,None,No,Unknown,High,No,No,No,No,No,No,No,0.0,0
59,Male,Current,15.0,15.0,No,None,No,No,Low,No,No,No,No,No,Yes,No,11.25,0
29,Female,Current,14.0,1.0,No,None,No,Unknown,Medium,No,No,No,No,No,No,No,0.7,0
59,Female,Former,12.0,19.0,No,Low,No,No,Medium,No,No,No,No,No,No,No,11.4,1
78,Female,Current,7.0,28.0,No,None,No,Unknown,Low,No,Yes,No,No,No,No,No,9.8,0
55,Female,Never,0.0,0.0,No,None,No,No,High,Yes,No,No,No,No,No,No,0.0,0
77,Female,Never,0.0,0.0,No,None,No,No,Medium,No,No,No,No,No,No,No,0.0,0
19,Female,Former,9.0,1.0,No,None,No,Yes,Medium,No,No,No,No,No,No,No,0.45,0
77,Male,Current,11.0,28.0,No,None,No,No,Medium,No,No,No,No,No,No,No,15.4,0
43,Female,Former,2.0,15.0,Yes,None,No,Unknown,Low,No,No,No,No,No,No,No,1.5,0
82,Female,Former,11.0,38.0,No,None,No,No,Low,No,No,No,Yes,No,No,No,20.9,0
49,Female,Never,0.0,0.0,No,None,No,Yes,Low,No,Yes,No,No,No,No,No,0.0,0
73,Female,Current,13.0,25.0,No,Low,No,No,Low,No,No,No,No,No,No,No,16.25,0
45,Male,Former,1.0,26.0,No,None,No,No,Low,No,No,No,No,No,No,No,1.3,0
83,Female,Current,4.0,45.0,No,None,No,Unknown,Medium,No,No,No,No,No,Yes,No,9.0,0
79,Female,Never,0.0,0.0,No,Low,No,No,Low,No,No,No,No,No,No,Yes,0.0,0
43,Female,Former,11.0,9.0,No,None,No,Unknown,Medium,No,No,No,No,No,Yes,No,4.95,1
46,Male,Former,24.0,1.0,No,None,No,No,High,No,No,No,No,No,No,No,1.2,0
77,Male,Never,0.0,0.0,No,Low,No,Unknown,Medium,No,No,No,No,No,Yes,No,0.0,0
62,Female,Former,31.0,30.0,No,None,No,Unknown,Medium,No,Yes,No,No,No,No,No,46.5,1
20,Female,Never,0.0,0.0,Yes,None,No,No,Medium,No,No,No,No,No,No,No,0.0,0
48,Female,Former,10.0,28.0,Yes,Low,No,No,Medium,No,No,No,No,No,No,No,14.0,0
81,Male,Never,0.0,0.0,Yes,High,Yes,Yes,Low,No,No,No,No,No,No,No,0.0,0
67,Female,Never,0.0,0.0,No,None,No,Unknown,Medium,No,No,No,No,No,No,No,0.0,0
38,Female,Never,0.0,0.0,No,None,No,No,High,No,No,No,No,No,No,No,0.0,0
48,Female,Never,0.0,0.0,No,None,No,Yes,Medium,Yes,No,No,No,Yes,No,No,0.0,0
65,Male,Current,10.0,39.0,No,None,No,Unknown,Medium,No,No,No,No,No,No,Yes,19.5,0
82,Female,Former,3.0,27.0,No,None,No,No,Medium,No,No,No,No,No,No,No,4.05,0
72,Male,Current,10.0,24.0,No,None,No,Unknown,High,No,No,No,No,No,Yes,No,12.0,0
65,Male,Current,17.0,20.0,No,None,Yes,No,High,No,No,No,No,No,No,No,17.0,0
41,Female,Never,0.0,0.0,No,None,No,No,Medium,No,No,No,No,No,No,No,0.0,0
38,Female,Former,11.0,19.0,No,None,No,No,Medium,No,No,No,No,No,No,No,10.45,0
68,Male,Current,6.0,27.0,No,None,No,No,Medium,No,No,No,No,No,No,No,8.1,0
66,Male,Never,0.0,0.0,No,None,No,No,High,No,No,No,No,No,No,No,0.0,0
63,Male,Current,9.0,6.0,No,High,No,No,High,Yes,No,No,No,No,No,No,2.7,0
22,Male,Never,0.0,0.0,Yes,None,No,No,Medium,Yes,No,No,No,No,No,No,0.0,0
84,Other,Former,1.0,39.0,Yes,None,No,No,Low,Yes,No,No,No,No,Yes,No,1.95,0
57,Female,Never,0.0,0.0,No,Low,No,No,Medium,No,Yes,No,No,Yes,Yes,No,0.0,1
46,Male,Never,0.0,0.0,No,Low,Yes,No,Medium,No,No,No,No,No,No,No,0.0,0
20,Male,Former,15.0,11.0,Yes,Low,Yes,Yes,High,Yes,No,No,No,No,No,No,8.25,0
80,Female,Never,0.0,0.0,No,None,No,Unknown,Medium,Yes,No,No,No,No,No,No,0.0,0
56,Male,Current,19.0,24.0,No,None,No,Unknown,Medium,No,No,No,No,No,No,No,22.8,0
67,Female,Former,9.0,19.0,No,None,No,No,Medium,No,No,No,No,No,No,No,8.55,1
49,Male,Never,0.0,0.0,No,None,No,No,Medium,No,Yes,No,No,No,No,No,0.0,0
58,Other,Current,3.0,9.0,Yes,None,No,Unknown,High,No,No,No,No,No,Yes,No,1.35,0
49,Male,Former,10.0,8.0,No,High,Yes,Unknown,Medium,No,No,No,No,No,No,No,4.0,0
32,Male,Current,15.0,1.0,No,Low,No,No,Low,No,No,No,No,No,No,No,0.75,0
30,Female,Former,12.0,1.0,No,None,No,No,High,No,No,No,No,No,No,No,0.6,0
29,Female,Never,0.0,0.0,Yes,None,No,Unknown,High,No,No,No,No,No,No,No,0.0,0
58,Male,Never,0.0,0.0,Yes,None,No,Unknown,Medium,No,No,No,No,No,No,No,0.0,0
50,Male,Never,0.0,0.0,Yes,High,No,Unknown,Low,No,No,No,No,Yes,No,No,0.0,0
26,Male,Never,0.0,0.0,No,None,No,Yes,Medium,No,No,No,No,No,No,No,0.0,0
33,Female,Never,0.0,0.0,No,None,No,No,Low,No,No,No,No,No,No,No,0.0,0
38,Other,Never,0.0,0.0,Yes,None,No,Yes,High,No,No,No,No,No,No,No,0.0,0
65,Female,Former,1.0,25.0,No,None,No,No,Medium,No,No,No,No,No,No,No,1.25,0
33,Female,Never,0.0,0.0,Yes,Low,Yes,No,Medium,No,No,No,No,No,No,No,0.0,0
64,Male,Current,16.0,31.0,No,None,No,Unknown,Medium,Yes,No,No,No,Yes,No,No,24.8,0
83,Female,Never,0.0,0.0,Yes,Low,No,Yes,High,No,No,No,No,No,Yes,No,0.0,1
36,Male,Current,13.0,1.0,No,Low,No,Unknown,Medium,No,No,No,No,No,No,No,0.65,0
27,Male,Current,19.0,10.0,Yes,Low,No,No,Low,No,No,No,No,No,No,No,9.5,0
38,Female,Former,9.0,24.0,No,None,No,No,Medium,No,No,No,No,No,No,No,10.8,0
26,Female,Never,0.0,0.0,No,None,No,Yes,Medium,No,No,No,No,No,No,No,0.0,0
32,Male,Current,1.0,1.0,No,None,No,Unknown,Medium,No,No,No,No,No,No,No,0.05,0
37,Male,Former,10.0,1.0,No,None,No,No,Medium,No,No,No,No,No,No,No,0.5,0
33,Female,Never,0.0,0.0,No,High,No,Yes,Medium,No,No,No,No,No,No,No,0.0,0
56,Male,Current,21.0,16.0,Yes,Low,No,Unknown,Low,No,No,No,No,No,No,No,16.8,0
74,Male,Never,0.0,0.0,Yes,None,No,Unknown,Low,No,No,No,No,No,Yes,Yes,0.0,0
70,Male,Current,1.0,21.0,No,None,No,Unknown,Medium,No,No,No,No,No,No,No,1.05,0
20,Male,Never,0.0,0.0,No,High,No,No,Medium,No,Yes,No,No,No,No,No,0.0,0
62,Male,Current,11.0,16.0,Yes,None,Yes,No,Medium,No,No,No,No,No,No,No,8.8,1
84,Male,Never,0.0,0.0,No,Low,No,No,Medium,Yes,No,No,No,No,No,No,0.0,0
74,Female,Never,0.0,0.0,No,None,No,No,Medium,No,No,No,No,No,No,No,0.0,0
21,Male,Former,21.0,1.0,No,Low,No,No,Low,No,No,No,No,No,No,No,1.05,0
62,Other,Never,0.0,0.0,No,None,No,Yes,High,No,Yes,Yes,No,No,No,No,0.0,0
35,Female,Never,0.0,0.0,No,Low,Yes,Unknown,Medium,No,No,No,No,Yes,No,No,0.0,0
82,Female,Never,0.0,0.0,No,Low,No,Yes,High,No,Yes,No,No,No,No,No,0.0,0
43,Female,Current,14.0,21.0,No,Low,No,No,Low,No,No,No,No,No,No,No,14.7,0
37,Female,Former,20.0,1.0,No,None,No,Yes,Low,No,No,No,No,No,No,No,1.0,0
35,Male,Never,0.0,0.0,No,None,No,Yes,High,No,No,No,No,No,No,No,0.0,0
80,Female,Never,0.0,0.0,No,None,No,Unknown,Medium,No,No,No,No,No,No,No,0.0,0
32,Female,Never,0.0,0.0,No,None,Yes,No,Medium,No,No,No,No,No,No,No,0.0,0
43,Female,Never,0.0,0.0,No,Low,No,No,Medium,No,No,No,No,No,No,No,0.0,0
27,Male,Former,28.0,1.0,No,None,No,Unknown,High,No,No,No,No,No,Yes,No,1.4,0
55,Male,Current,1.0,22.0,Yes,None,No,No,Low,No,No,No,No,No,No,No,1.1,0
30,Male,Former,12.0,1.0,No,None,No,Unknown,Low,Yes,No,No,No,No,No,No,0.6,0
25,Male,Former,20.0,1.0,No,None,No,Unknown,Medium,No,No,No,No,No,No,No,1.0,0
49,Other,Never,0.0,0.0,No,None,No,Yes,Low,Yes,No,No,No,No,No,No,0.0,0
76,Male,Former,1.0,10.0,Yes,None,No,No,Medium,No,No,No,No,No,No,No,0.5,1
20,Female,Current,19.0,1.0,No,High,Yes,Unknown,Medium,Yes,No,No,No,No,Yes,No,0.95,0
81,Female,Never,0.0,0.0,No,None,No,Unknown,High,No,Yes,No,No,Yes,No,No,0.0,0
28,Male,Never,0.0,0.0,Yes,High,No,No,Low,No,No,No,No,Yes,No,No,0.0,0
73,Female,Former,17.0,49.0,No,None,No,No,High,No,No,No,No,No,No,No,41.65,1
69,Female,Never,0.0,0.0,No,Low,No,Yes,Low,No,No,No,No,No,No,No,0.0,0
57,Male,Current,1.0,15.0,No,None,No,No,Low,No,No,No,No,Yes,Yes,No,0.75,0
55,Male,Former,13.0,18.0,No,None,No,No,Medium,Yes,No,No,No,No,No,No,11.7,0
19,Female,Current,17.0,1.0,No,Low,No,No,Medium,No,Yes,No,No,No,Yes,No,0.85,0
85,Male,Former,22.0,46.0,No,High,No,No,Medium,No,No,No,No,No,No,No,50.6,0
20,Female,Never,0.0,0.0,No,High,No,No,Medium,No,No,No,No,No,No,No,0.0,0
47,Male,Current,4.0,2.0,No,High,Yes,No,Low,No,No,No,No,No,No,No,0.4,0
53,Female,Never,0.0,0.0,No,None,No,Unknown,Medium,No,No,No,No,No,No,No,0.0,0
65,Female,Former,21.0,26.0,No,Low,No,No,Low,Yes,No,No,No,Yes,No,No,27.3,1
33,Female,Former,13.0,1.0,No,None,No,No,Medium,Yes,No,No,No,No,Yes,Yes,0.65,0
26,Female,Current,18.0,9.0,No,Low,No,No,Medium,No,No,No,No,No,No,No,8.1,0
27,Female,Former,17.0,10.0,No,None,No,Yes,Medium,No,No,No,Yes,No,No,No,8.5,0
74,Female,Never,0.0,0.0,No,None,No,Unknown,High,No,No,No,No,No,No,No,0.0,0
40,Female,Current,13.0,1.0,No,None,No,Unknown,High,No,No,Yes,No,No,No,No,0.65,0
40,Male,Never,0.0,0.0,Yes,Low,No,No,Medium,No,No,No,No,No,No,Yes,0.0,0
83,Male,Current,2.0,28.0,No,None,No,No,Medium,No,No,No,No,Yes,No,No,2.8,0
59,Male,Current,12.0,29.0,No,Low,No,Yes,High,No,No,No,No,No,No,No,17.4,1
20,Male,Never,0.0,0.0,No,None,No,Yes,Low,No,No,No,No,No,Yes,No,0.0,0
42,Male,Former,26.0,1.0,No,Low,No,No,Medium,No,No,No,No,No,No,No,1.3,1
75,Male,Never,0.0,0.0,No,None,No,No,Medium,No,No,No,No,No,No,No,0.0,0
63,Female,Former,16.0,20.0,No,None,No,Yes,Medium,No,Yes,No,No,No,No,No,16.0,1
47,Female,Current,1.0,1.0,No,None,No,No,Low,No,No,No,No,No,No,No,0.05,0
61,Female,Former,8.0,33.0,No,None,No,No,Medium,No,No,No,No,No,No,No,13.2,0
64,Female,Current,2.0,31.0,No,Low,No,Unknown,High,Yes,No,No,No,No,No,No,3.1,0
27,Male,Former,6.0,1.0,No,None,No,No,Low,No,No,No,No,No,No,No,0.3,1
74,Male,Current,10.0,19.0,No,None,No,No,High,No,No,No,No,No,No,No,9.5,0
27,Female,Former,5.0,8.0,No,None,No,No,Medium,No,No,No,No,No,No,No,2.0,0
81,Male,Former,1.0,24.0,No,None,No,No,Medium,Yes,No,No,No,No,No,No,1.2,0
79,Male,Never,0.0,0.0,No,None,No,Unknown,Medium,No,No,No,No,No,No,No,0.0,0
46,Male,Never,0.0,0.0,Yes,None,Yes,No,High,No,No,No,No,No,No,No,0.0,0
72,Male,Current,15.0,24.0,Yes,None,No,Unknown,High,No,No,No,No,No,No,No,18.0,1
31,Female,Never,0.0,0.0,No,None,No,Unknown,Low,No,No,No,No,No,No,No,0.0,0
21,Female,Current,14.0,10.0,No,Low,No,No,Medium,No,No,Yes,No,No,No,No,7.0,0
84,Female,Never,0.0,0.0,No,None,No,No,Medium,No,No,No,No,No,No,No,0.0,0
49,Male,Never,0.0,0.0,No,None,No,Unknown,Medium,No,Yes,No,No,Yes,No,No,0.0,0
75,Male,Current,11.0,19.0,Yes,None,No,Unknown,Medium,No,No,No,No,No,Yes,No,10.45,0
65,Female,Current,4.0,40.0,No,None,No,No,Medium,No,No,No,No,No,Yes,No,8.0,0
18,Male,Former,2.0,9.0,No,None,No,No,Low,No,No,No,No,No,No,No,0.9,0
38,Male,Never,0.0,0.0,No,None,No,No,Low,No,No,No,No,No,No,No,0.0,0
66,Male,Never,0.0,0.0,No,None,No,No,Low,No,No,No,No,No,No,No,0.0,0
59,Male,Former,8.0,14.0,No,None,No,No,Medium,No,No,No,No,No,Yes,No,5.6,0
70,Female,Never,0.0,0.0,No,High,Yes,No,Low,No,No,No,No,No,No,No,0.0,0
81,Female,Never,0.0,0.0,No,None,No,No,High,No,No,No,No,No,No,Yes,0.0,0
36,Male,Never,0.0,0.0,No,None,No,No,Medium,No,No,No,No,No,No,No,0.0,0
75,Female,Never,0.0,0.0,Yes,None,No,No,Low,Yes,No,No,No,No,No,No,0.0,0
82,Female,Current,19.0,50.0,No,None,No,Yes,High,No,No,No,No,No,No,No,47.5,1
83,Male,Never,0.0,0.0,No,Low,No,No,Low,No,No,No,No,Yes,No,No,0.0,0
58,Female,Current,1.0,29.0,Yes,None,No,No,Low,No,No,No,No,Yes,No,No,1.45,0
39,Female,Current,14.0,5.0,No,None,No,No,Medium,No,No,No,No,No,No,No,3.5,0
30,Female,Former,11.0,25.0,No,None,No,No,High,No,No,No,No,No,No,No,13.75,0
56,Male,Never,0.0,0.0,No,None,No,No,Low,No,No,No,No,No,No,No,0.0,0
25,Male,Current,5.0,1.0,No,None,No,Yes,Medium,Yes,No,No,No,No,Yes,No,0.25,0
23,Male,Current,7.0,6.0,No,None,No,No,Medium,No,No,Yes,No,No,No,No,2.1,0
34,Female,Current,17.0,8.0,No,None,No,No,Medium,No,No,No,No,No,No,No,6.8,0
47,Male,Never,0.0,0.0,Yes,None,No,Unknown,Medium,No,No,No,No,No,No,No,0.0,0
51,Male,Never,0.0,0.0,Yes,None,No,No,Medium,No,No,No,No,No,No,No,0.0,0
25,Male,Never,0.0,0.0,No,Low,No,No,Low,No,No,No,No,No,No,No,0.0,0
71,Male,Current,8.0,37.0,No,None,No,Yes,Medium,No,No,No,No,No,No,No,14.8,1
74,Male,Current,7.0,47.0,No,None,No,Unknown,High,No,No,No,No,No,No,No,16.45,0
70,Female,Former,4.0,6.0,No,None,No,Unknown,High,No,No,No,No,No,No,No,1.2,0
54,Female,Former,12.0,20.0,No,None,No,No,Low,No,No,No,No,No,No,No,12.0,1
34,Female,Current,5.0,1.0,No,Low,No,Unknown,High,No,No,No,No,No,No,No,0.25,0
83,Female,Never,0.0,0.0,No,None,No,No,Low,Yes,No,No,No,No,No,No,0.0,0
18,Female,Current,1.0,1.0,No,None,No,No,Low,No,No,No,No,Yes,No,No,0.05,0
58,Male,Never,0.0,0.0,No,Low,No,No,High,No,No,Yes,No,No,No,No,0.0,0
78,Other,Never,0.0,0.0,No,None,No,No,Low,No,No,No,No,No,No,No,0.0,0
80,Female,Never,0.0,0.0,No,None,No,No,Medium,No,No,No,No,No,No,No,0.0,0
79,Male,Current,12.0,24.0,No,Low,No,No,Low,No,No,No,No,Yes,No,No,14.4,1
66,Female,Current,17.0,17.0,No,None,No,Unknown,Low,No,No,No,No,No,No,No,14.45,1
71,Male,Never,0.0,0.0,No,None,No,Yes,High,No,No,No,No,No,No,No,0.0,0
80,Female,Former,6.0,39.0,No,None,No,No,Low,No,No,No,No,No,No,No,11.7,1
69,Female,Never,0.0,0.0,No,None,Yes,No,Medium,No,No,No,No,No,No,No,0.0,0
24,Male,Current,24.0,6.0,No,High,No,No,Medium,No,No,No,No,No,No,No,7.2,0
45,Male,Never,0.0,0.0,No,None,Yes,No,High,No,No,No,No,No,No,No,0.0,0
83,Female,Former,1.0,29.0,Yes,None,No,Unknown,High,Yes,No,No,No,No,No,No,1.45,1
66,Male,Current,22.0,36.0,No,Low,No,No,Medium,No,No,No,No,No,No,No,39.6,0
60,Male,Former,12.0,2.0,No,Low,No,No,Medium,No,No,No,No,No,No,No,1.2,0
74,Male,Never,0.0,0.0,No,Low,No,No,Medium,No,No,No,No,No,Yes,No,0.0,0
35,Male,Never,0.0,0.0,No,None,Yes,Yes,Medium,No,No,No,No,No,No,No,0.0,0
62,Female,Former,21.0,8.0,No,None,No,No,Low,Yes,No,No,No,No,Yes,No,8.4,0
20,Male,Current,15.0,1.0,Yes,None,No,No,High,No,No,No,No,No,No,No,0.75,1
44,Male,Former,5.0,2.0,No,None,No,Yes,Low,Yes,No,No,No,No,No,No,0.5,0
23,Female,Former,17.0,1.0,No,None,No,No,Low,No,No,No,No,No,No,No,0.85,0
28,Male,Current,5.0,1.0,Yes,None,No,No,High,No,Yes,No,No,No,No,No,0.25,0
37,Female,Former,4.0,21.0,No,None,No,No,Medium,No,No,No,No,No,No,No,4.2,0
29,Female,Current,6.0,5.0,No,Low,No,No,High,No,No,Yes,No,No,No,No,1.5,0
66,Female,Never,0.0,0.0,No,None,No,Unknown,Medium,No,No,No,No,No,No,No,0.0,0
21,Male,Never,0.0,0.0,Yes,None,No,No,Low,No,No,No,No,No,No,No,0.0,0
37,Female,Former,4.0,15.0,No,None,No,Unknown,Low,No,No,No,No,No,No,No,3.0,0
26,Male,Current,18.0,8.0,No,None,No,Yes,Medium,No,No,No,No,No,No,No,7.2,0
25,Female,Current,1.0,1.0,No,Low,No,Yes,High,No,No,No,No,No,No,No,0.05,0
19,Male,Never,0.0,0.0,No,None,No,No,Medium,Yes,No,No,No,No,Yes,No,0.0,0
81,Male,Current,1.0,60.0,No,None,Yes,No,High,No,No,No,No,No,No,No,3.0,0
43,Female,Current,6.0,20.0,No,Low,No,Unknown,Medium,No,No,No,No,No,No,No,6.0,1
25,Male,Current,6.0,1.0,No,Low,No,Yes,High,No,No,No,No,No,No,No,0.3,0
82,Male,Former,6.0,44.0,No,Low,No,Unknown,Low,No,No,No,No,No,No,No,13.2,0
46,Female,Former,10.0,28.0,No,None,No,Unknown,Medium,No,No,No,No,No,No,No,14.0,0
57,Female,Former,9.0,26.0,No,Low,No,Unknown,Medium,Yes,No,No,No,No,No,No,11.7,0
80,Female,Current,1.0,36.0,No,None,No,Unknown,Medium,Yes,No,No,No,No,No,Yes,1.8,0
64,Female,Current,5.0,21.0,No,None,No,No,Medium,No,No,No,No,No,No,No,5.25,0
28,Male,Never,0.0,0.0,No,None,No,No,Low,No,No,No,No,No,No,No,0.0,0
55,Male,Current,20.0,2.0,No,None,No,No,Low,No,No,No,No,No,No,No,2.0,0
51,Female,Never,0.0,0.0,No,None,No,No,Low,No,No,No,No,No,No,No,0.0,0
25,Female,Never,0.0,0.0,No,None,No,No,Medium,No,No,No,No,No,No,No,0.0,0
78,Female,Never,0.0,0.0,No,Low,No,No,High,No,No,No,No,No,Yes,No,0.0,0
21,Female,Never,0.0,0.0,Yes,High,Yes,No,Medium,No,No,No,No,No,No,No,0.0,0
48,Female,Former,1.0,1.0,No,Low,No,No,Medium,No,No,No,No,No,No,No,0.05,0
57,Male,Current,21.0,30.0,No,High,No,No,Low,No,No,No,No,No,No,No,31.5,0
20,Male,Current,29.0,13.0,No,None,No,Unknown,Low,No,No,No,No,No,No,Yes,18.85,0
56,Male,Current,30.0,26.0,No,None,No,Yes,Low,No,No,No,No,Yes,No,No,39.0,0
82,Female,Never,0.0,0.0,Yes,None,No,No,Medium,No,No,No,No,No,No,No,0.0,0
20,Female,Former,25.0,5.0,No,Low,No,Unknown,High,No,No,No,No,No,No,No,6.25,0
38,Female,Former,4.0,12.0,No,None,No,Unknown,Low,No,No,No,No,No,No,No,2.4,0
23,Female,Current,9.0,1.0,Yes,None,No,Yes,High,No,No,No,No,No,No,No,0.45,0
76,Female,Current,14.0,29.0,No,None,No,Yes,Medium,No,No,No,No,No,No,No,20.3,0
19,Female,Never,0.0,0.0,Yes,High,No,Unknown,High,No,No,No,No,No,No,No,0.0,0
27,Male,Never,0.0,0.0,Yes,None,No,Yes,High,No,No,No,No,No,No,No,0.0,0
71,Female,Current,17.0,46.0,No,High,No,No,Medium,No,No,No,No,Yes,No,No,39.1,1
47,Male,Former,5.0,6.0,No,None,No,Yes,Low,Yes,No,No,No,No,No,No,1.5,1
50,Female,Never,0.0,0.0,No,None,No,No,Medium,No,No,No,No,No,No,No,0.0,0
29,Male,Former,9.0,10.0,No,None,No,No,High,No,No,No,No,No,No,No,4.5,0
21,Male,Never,0.0,0.0,No,None,No,No,Medium,No,No,Yes,No,No,No,No,0.0,0
49,Female,Never,0.0,0.0,No,None,No,No,Medium,No,No,Yes,No,No,No,No,0.0,0
23,Female,Current,28.0,1.0,No,None,No,Unknown,Medium,No,Yes,No,No,No,No,No,1.4,0
27,Female,Never,0.0,0.0,No,None,No,Yes,Low,No,No,No,No,Yes,No,No,0.0,0
56,Female,Never,0.0,0.0,No,None,No,Yes,Low,No,No,Yes,No,No,No,No,0.0,0
56,Male,Never,0.0,0.0,No,None,Yes,No,Medium,No,No,No,No,No,No,No,0.0,0
74,Male,Former,32.0,26.0,No,High,Yes,Unknown,High,No,No,No,No,No,No,No,41.6,0
37,Female,Former,17.0,4.0,No,None,No,No,High,No,Yes,No,No,Yes,No,No,3.4,0
43,Male,Former,20.0,1.0,No,None,No,No,Medium,Yes,No,No,No,No,No,Yes,1.0,0
83,Male,Never,0.0,0.0,No,High,No,No,Low,No,No,No,No,No,No,No,0.0,0
33,Female,Current,15.0,1.0,Yes,None,No,Yes,Medium,No,Yes,No,No,No,No,No,0.75,0
70,Other,Never,0.0,0.0,No,None,No,Unknown,High,No,No,No,No,No,No,No,0.0,0
48,Male,Never,0.0,0.0,No,Low,No,No,High,No,No,No,No,No,No,No,0.0,0
56,Female,Never,0.0,0.0,No,High,No,No,Medium,No,No,No,No,No,No,No,0.0,0
84,Female,Never,0.0,0.0,No,None,No,Unknown,Medium,No,No,No,No,No,No,No,0.0,0
32,Female,Current,2.0,18.0,No,None,No,Unknown,High,No,No,No,No,Yes,No,No,1.8,0
56,Female,Former,19.0,20.0,No,High,No,No,Low,No,No,No,No,No,Yes,No,19.0,0
28,Male,Never,0.0,0.0,No,Low,Yes,No,High,No,No,No,No,No,No,No,0.0,0
70,Male,Current,7.0,23.0,No,None,No,No,Low,Yes,No,No,No,No,Yes,No,8.05,0
23,Male,Never,0.0,0.0,No,None,No,Yes,Low,No,No,Yes,No,No,No,No,0.0,0
38,Male,Current,11.0,12.0,No,High,Yes,No,Low,No,No,No,No,No,No,No,6.6,0
74,Female,Never,0.0,0.0,No,None,No,Unknown,Low,No,Yes,No,No,No,No,No,0.0,0
67,Male,Never,0.0,0.0,Yes,None,No,No,Medium,No,No,No,No,No,No,No,0.0,0
24,Female,Current,4.0,1.0,No,Low,No,No,Medium,No,No,No,No,No,No,No,0.2,0
72,Male,Never,0.0,0.0,No,Low,No,No,Medium,No,No,No,No,No,Yes,No,0.0,0
85,Female,Former,10.0,32.0,Yes,Low,No,Yes,Medium,No,No,No,No,Yes,No,No,16.0,1
41,Female,Never,0.0,0.0,No,High,Yes,No,Low,No,No,No,No,No,No,Yes,0.0,0
52,Female,Never,0.0,0.0,No,None,No,Unknown,Medium,No,No,No,No,No,No,No,0.0,0
33,Male,Never,0.0,0.0,No,None,No,Unknown,High,Yes,No,No,No,No,No,No,0.0,0
64,Male,Never,0.0,0.0,No,Low,No,Unknown,High,No,No,No,No,No,No,No,0.0,0
78,Male,Former,3.0,18.0,No,Low,No,No,Medium,No,No,No,No,No,No,No,2.7,0
42,Female,Never,0.0,0.0,No,None,No,No,Low,No,No,No,No,No,No,No,0.0,0
79,Male,Current,4.0,40.0,No,None,No,No,Medium,No,No,No,No,No,Yes,No,8.0,0
47,Male,Former,1.0,16.0,No,None,No,Unknown,Low,No,No,No,No,No,No,No,0.8,0
55,Male,Former,7.0,7.0,No,None,No,No,Medium,No,No,No,No,No,No,No,2.45,0
58,Female,Never,0.0,0.0,Yes,None,No,No,Medium,No,No,No,No,No,No,No,0.0,0
63,Male,Current,13.0,14.0,No,None,No,No,High,No,No,No,No,No,No,No,9.1,0
80,Male,Never,0.0,0.0,Yes,None,No,No,Medium,No,No,No,No,No,No,No,0.0,0
69,Male,Former,11.0,22.0,No,None,No,No,Low,No,Yes,No,No,No,No,No,12.1,0
81,Male,Never,0.0,0.0,No,None,No,Unknown,Medium,Yes,No,No,No,No,Yes,No,0.0,0
66,Female,Former,10.0,30.0,No,None,No,No,Low,No,No,No,No,No,No,No,15.0,0
56,Female,Current,6.0,6.0,No,None,No,No,Medium,No,No,No,No,Yes,No,No,1.8,0
82,Female,Never,0.0,0.0,No,Low,No,No,Medium,No,No,No,No,No,No,No,0.0,0
48,Female,Never,0.0,0.0,No,None,No,No,Medium,No,No,No,No,No,Yes,No,0.0,0
50,Male,Current,11.0,8.0,No,High,No,No,Medium,Yes,No,No,No,No,No,No,4.4,0
55,Female,Current,13.0,10.0,No,Low,No,Yes,Medium,No,Yes,No,No,No,No,No,6.5,0
73,Male,Never,0.0,0.0,No,None,No,No,Medium,No,No,No,No,No,No,Yes,0.0,0
81,Female,Never,0.0,0.0,Yes,None,No,Unknown,Medium,No,No,No,No,No,No,No,0.0,0
48,Male,Never,0.0,0.0,No,None,No,No,Medium,No,No,No,No,No,No,No,0.0,0
46,Female,Former,27.0,16.0,No,Low,No,Yes,High,No,No,No,No,No,Yes,No,21.6,0
74,Female,Never,0.0,0.0,No,High,Yes,No,Low,No,No,No,No,No,No,No,0.0,0
84,Female,Never,0.0,0.0,No,None,No,Unknown,High,Yes,No,No,No,Yes,No,No,0.0,0
85,Female,Former,8.0,29.0,No,High,Yes,No,Medium,No,No,No,No,No,No,No,11.6,0
40,Female,Never,0.0,0.0,No,None,No,No,High,No,No,No,No,No,Yes,No,0.0,0
72,Male,Never,0.0,0.0,Yes,None,No,No,High,No,No,No,No,No,No,No,0.0,0
57,Male,Former,15.0,6.0,Yes,Low,No,Yes,Medium,No,No,No,No,No,No,No,4.5,0
37,Female,Never,0.0,0.0,No,High,No,No,Medium,No,No,No,No,No,No,No,0.0,0
19,Female,Current,12.0,8.0,No,None,No,No,Medium,No,No,No,No,No,No,No,4.8,0
42,Male,Current,20.0,12.0,No,None,No,Yes,High,No,No,No,No,No,No,No,12.0,0
38,Male,Never,0.0,0.0,No,None,No,Unknown,High,Yes,No,No,No,No,No,No,0.0,0
30,Male,Never,0.0,0.0,Yes,None,No,Unknown,High,No,No,No,No,No,No,No,0.0,0
37,Female,Never,0.0,0.0,No,None,No,Yes,Medium,No,No,No,No,No,No,No,0.0,0
59,Male,Former,10.0,31.0,No,None,No,Unknown,Medium,No,No,No,No,No,No,No,15.5,1
39,Male,Former,22.0,19.0,No,None,No,Unknown,Medium,No,No,No,No,No,No,No,20.9,0
41,Female,Never,0.0,0.0,No,None,No,No,High,No,No,No,No,No,No,No,0.0,0
46,Male,Never,0.0,0.0,No,Low,No,No,High,Yes,No,No,No,No,No,No,0.0,0
79,Female,Never,0.0,0.0,Yes,High,No,Yes,Medium,No,No,No,No,No,No,No,0.0,0
30,Male,Never,0.0,0.0,No,None,No,No,Low,No,No,No,No,No,No,No,0.0,0
69,Male,Current,9.0,27.0,No,High,No,No,Medium,No,No,No,No,No,No,No,12.15,0
20,Female,Former,13.0,2.0,No,High,No,No,Low,No,No,No,No,No,No,Yes,1.3,0
51,Male,Never,0.0,0.0,No,Low,No,Yes,Low,No,No,No,No,No,No,Yes,0.0,0
53,Male,Never,0.0,0.0,No,None,No,No,High,No,No,No,No,No,No,No,0.0,0
52,Male,Former,19.0,6.0,No,None,No,No,Low,Yes,No,No,No,Yes,No,No,5.7,0
52,Female,Former,20.0,23.0,Yes,None,No,Unknown,Medium,No,No,Yes,No,No,No,No,23.0,0
27,Male,Never,0.0,0.0,No,None,No,Unknown,High,No,No,No,No,No,No,No,0.0,0
83,Female,Never,0.0,0.0,No,Low,No,No,Low,No,No,No,No,No,No,No,0.0,0
68,Female,Current,1.0,45.0,Yes,Low,No,No,High,No,No,No,No,Yes,No,No,2.25,0
29,Female,Never,0.0,0.0,No,None,No,No,Medium,No,No,No,No,No,No,No,0.0,0
69,Male,Former,6.0,35.0,Yes,Low,No,No,Medium,Yes,No,No,No,No,No,No,10.5,0
71,Female,Former,16.0,16.0,No,Low,No,No,Medium,No,No,No,No,No,No,No,12.8,0
21,Male,Current,13.0,9.0,No,High,No,Unknown,Medium,No,Yes,No,No,No,Yes,No,5.85,0
30,Male,Never,0.0,0.0,No,None,No,No,Low,No,No,No,No,No,No,No,0.0,0
57,Male,Former,6.0,1.0,No,None,No,No,Low,Yes,No,No,No,No,No,No,0.3,0
61,Male,Former,20.0,15.0,Yes,None,No,Unknown,Medium,No,No,No,No,No,No,No,15.0,0
65,Female,Never,0.0,0.0,No,None,No,No,High,No,No,No,No,No,No,No,0.0,0
56,Male,Never,0.0,0.0,Yes,Low,No,Unknown,High,No,No,No,No,No,No,Yes,0.0,0
72,Female,Never,0.0,0.0,No,Low,No,Unknown,Medium,No,Yes,No,No,No,No,No,0.0,0
65,Male,Never,0.0,0.0,No,None,No,No,Medium,No,No,No,No,Yes,No,No,0.0,0
80,Female,Never,0.0,0.0,No,None,No,No,Medium,No,No,No,No,No,No,No,0.0,0
51,Female,Never,0.0,0.0,No,None,No,Yes,High,No,No,Yes,No,No,No,No,0.0,0
41,Male,Never,0.0,0.0,No,High,No,No,High,No,No,No,No,No,No,No,0.0,0
85,Female,Former,2.0,42.0,No,None,No,Unknown,Medium,No,No,No,No,No,No,No,4.2,0
49,Male,Current,20.0,19.0,No,Low,No,No,Medium,No,Yes,No,No,No,No,Yes,19.0,0
55,Female,Current,18.0,36.0,No,Low,No,Yes,Low,No,No,No,No,No,Yes,No,32.4,1
23,Female,Never,0.0,0.0,Yes,Low,No,No,Low,No,No,No,No,No,No,No,0.0,0
28,Male,Former,13.0,18.0,No,None,No,No,Low,No,No,No,No,No,No,No,11.7,0
59,Female,Current,6.0,2.0,No,None,No,No,Medium,No,Yes,No,No,No,No,No,0.6,0
68,Female,Never,0.0,0.0,Yes,Low,No,No,Medium,No,No,No,Yes,Yes,No,No,0.0,0
70,Female,Current,10.0,21.0,No,None,No,Unknown,Medium,No,No,No,No,No,No,No,10.5,1
71,Male,Current,10.0,25.0,No,None,No,Unknown,Low,No,No,No,No,No,No,No,12.5,0
33,Male,Current,21.0,15.0,No,Low,No,No,Low,Yes,No,No,No,No,No,No,15.75,0
69,Male,Never,0.0,0.0,Yes,High,No,No,Medium,No,No,No,No,No,No,No,0.0,0
68,Female,Never,0.0,0.0,No,None,No,No,Low,No,No,No,No,Yes,No,No,0.0,0
22,Female,Never,0.0,0.0,No,None,No,Unknown,Medium,No,No,No,No,No,No,No,0.0,0
33,Male,Never,0.0,0.0,No,High,No,No,Low,No,No,No,No,No,No,No,0.0,0
35,Male,Never,0.0,0.0,No,None,No,No,Medium,No,No,Yes,No,Yes,No,No,0.0,0
57,Male,Current,13.0,27.0,No,High,No,No,Low,No,No,No,No,No,No,No,17.55,0
29,Female,Never,0.0,0.0,No,None,No,No,Medium,No,No,No,No,No,No,No,0.0,0
40,Male,Current,2.0,5.0,No,Low,No,No,Medium,No,No,No,No,No,No,No,0.5,0
64,Male,Never,0.0,0.0,No,None,No,No,High,No,Yes,No,No,No,No,No,0.0,0
42,Male,Current,6.0,3.0,No,None,No,Unknown,Medium,No,No,No,No,No,No,No,0.9,0
77,Male,Current,23.0,27.0,No,Low,No,No,Low,No,No,No,No,No,No,No,31.05,0
50,Male,Never,0.0,0.0,No,None,No,Yes,Medium,No,Yes,No,No,No,No,No,0.0,0
27,Male,Current,16.0,12.0,No,Low,No,No,Medium,No,No,No,No,Yes,No,No,9.6,0
57,Male,Former,11.0,3.0,No,None,No,Yes,Medium,Yes,No,No,No,No,No,No,1.65,0
79,Male,Never,0.0,0.0,No,Low,Yes,Unknown,Medium,No,No,No,No,Yes,No,No,0.0,0
82,Female,Never,0.0,0.0,No,None,No,No,Medium,No,No,No,No,No,No,No,0.0,0
82,Male,Never,0.0,0.0,No,Low,No,Unknown,Low,No,No,No,No,No,Yes,No,0.0,0
19,Male,Former,1.0,1.0,No,None,No,Unknown,Low,No,No,No,No,No,No,No,0.05,0
46,Female,Never,0.0,0.0,No,None,No,Unknown,Medium,No,No,No,No,No,Yes,No,0.0,0
39,Male,Current,17.0,18.0,Yes,None,No,Unknown,Medium,No,No,No,No,No,No,No,15.3,0
46,Male,Never,0.0,0.0,No,None,No,No,Medium,No,No,No,No,No,Yes,No,0.0,0
83,Male,Former,16.0,28.0,No,Low,No,No,Low,No,No,No,No,No,No,No,22.4,0
67,Male,Never,0.0,0.0,No,Low,No,No,Medium,No,No,No,No,No,No,No,0.0,0
45,Male,Former,6.0,17.0,Yes,None,Yes,No,Low,No,No,No,No,Yes,No,No,5.1,1
33,Other,Former,1.0,7.0,Yes,None,No,No,Medium,No,No,No,No,No,No,No,0.35,0
83,Female,Current,20.0,52.0,No,None,No,Yes,Low,No,No,No,No,No,No,Yes,52.0,0
50,Male,Never,0.0,0.0,No,Low,No,No,Low,No,No,No,No,No,No,No,0.0,0
81,Male,Former,13.0,41.0,No,None,No,No,High,No,No,No,No,No,Yes,Yes,26.65,0
47,Male,Never,0.0,0.0,No,Low,No,Unknown,High,No,No,No,No,Yes,No,No,0.0,0
77,Female,Current,21.0,39.0,No,None,No,Unknown,Medium,No,No,No,No,Yes,No,No,40.95,0
40,Male,Former,17.0,3.0,No,None,No,Unknown,Medium,No,No,No,No,No,No,No,2.55,0
62,Female,Current,11.0,36.0,Yes,None,No,No,Medium,No,No,No,No,No,No,No,19.8,1
49,Male,Never,0.0,0.0,No,Low,No,Unknown,Medium,No,No,No,No,No,No,No,0.0,0
63,Male,Current,6.0,31.0,No,None,No,No,Medium,Yes,No,No,No,No,Yes,No,9.3,0
79,Male,Current,13.0,41.0,No,None,No,No,Medium,No,No,No,No,No,No,No,26.65,1
83,Male,Former,15.0,18.0,Yes,None,No,No,Low,No,No,No,No,Yes,No,No,13.5,0
73,Female,Never,0.0,0.0,No,Low,No,No,Medium,No,No,No,No,No,Yes,No,0.0,0
60,Male,Current,7.0,15.0,No,None,No,No,Medium,No,No,No,No,No,No,No,5.25,0
39,Female,Current,14.0,1.0,No,None,No,No,Medium,Yes,No,No,No,No,No,No,0.7,0
18,Female,Current,1.0,13.0,No,Low,No,No,Low,No,No,No,No,No,No,No,0.65,0
35,Female,Never,0.0,0.0,No,Low,Yes,No,Low,Yes,No,No,No,No,No,No,0.0,0
76,Female,Former,32.0,37.0,No,None,No,No,Medium,No,No,No,No,No,No,No,59.2,1
76,Female,Former,18.0,45.0,Yes,Low,No,Unknown,Medium,No,No,No,No,No,No,No,40.5,1
37,Female,Never,0.0,0.0,Yes,None,No,No,Low,No,No,No,No,No,No,No,0.0,0
29,Male,Current,8.0,15.0,Yes,Low,No,No,High,No,No,No,No,Yes,No,No,6.0,0
81,Female,Current,9.0,40.0,No,High,No,No,Medium,No,No,No,No,No,No,No,18.0,0
39,Male,Never,0.0,0.0,No,None,No,No,Medium,No,No,No,No,No,No,No,0.0,0
50,Female,Former,19.0,9.0,Yes,Low,No,No,High,No,No,No,No,No,No,No,8.55,0
23,Female,Never,0.0,0.0,No,High,Yes,No,Low,No,Yes,No,Yes,No,No,No,0.0,0
26,Female,Never,0.0,0.0,No,None,No,No,High,No,No,No,No,No,No,No,0.0,0
31,Male,Former,7.0,7.0,No,Low,No,No,Medium,No,No,No,No,No,No,No,2.45,0
61,Female,Current,10.0,20.0,No,None,No,Unknown,High,Yes,No,No,No,No,No,No,10.0,0
73,Female,Current,4.0,27.0,No,None,No,No,Medium,No,No,No,No,No,Yes,No,5.4,0
57,Female,Former,1.0,16.0,No,None,No,No,Medium,No,No,No,No,No,Yes,No,0.8,0
84,Other,Never,0.0,0.0,Yes,Low,No,No,Medium,No,No,No,No,No,No,No,0.0,0
77,Female,Former,5.0,22.0,No,Low,No,Unknown,Medium,No,No,No,No,No,Yes,No,5.5,0
69,Female,Current,23.0,30.0,No,None,No,No,Low,No,No,No,No,Yes,No,No,34.5,1
73,Female,Never,0.0,0.0,No,Low,No,No,High,Yes,No,No,No,No,No,No,0.0,0
72,Male,Former,15.0,41.0,No,None,No,No,Low,Yes,No,No,No,No,Yes,No,30.75,0
67,Male,Never,0.0,0.0,No,None,No,Unknown,High,No,No,No,No,No,No,No,0.0,0
19,Female,Former,1.0,1.0,No,None,No,Unknown,High,No,No,No,No,No,No,No,0.05,1
85,Female,Current,7.0,23.0,No,None,No,No,Low,No,No,No,No,No,No,No,8.05,0
20,Male,Current,4.0,1.0,Yes,None,No,No,Medium,No,No,No,Yes,No,No,Yes,0.2,0
19,Female,Never,0.0,0.0,No,None,No,No,Medium,No,No,No,No,No,No,No,0.0,0
77,Female,Former,11.0,39.0,Yes,None,No,No,Medium,No,No,No,Yes,No,Yes,No,21.45,0
38,Female,Never,0.0,0.0,No,None,No,Unknown,High,Yes,No,No,No,No,No,No,0.0,0
19,Male,Never,0.0,0.0,No,None,No,No,Low,No,No,Yes,No,No,No,No,0.0,0
55,Male,Never,0.0,0.0,No,Low,No,Unknown,High,No,No,No,No,No,No,No,0.0,0
78,Male,Never,0.0,0.0,No,None,Yes,No,High,No,No,No,No,No,No,No,0.0,0
55,Male,Never,0.0,0.0,No,Low,No,No,High,No,No,No,No,No,No,No,0.0,0
42,Female,Current,19.0,7.0,No,None,No,No,High,No,No,No,No,No,Yes,No,6.65,0
69,Male,Never,0.0,0.0,No,Low,No,No,Low,No,No,No,No,No,No,No,0.0,0
56,Male,Never,0.0,0.0,No,Low,No,No,Low,No,No,No,No,No,No,No,0.0,0
27,Female,Current,2.0,1.0,No,None,No,No,Medium,Yes,No,No,No,No,No,No,0.1,0
44,Male,Former,11.0,4.0,No,Low,No,No,Low,No,No,No,No,No,No,No,2.2,0
73,Male,Former,12.0,29.0,No,Low,Yes,No,Medium,Yes,Yes,No,No,No,No,No,17.4,1
60,Other,Never,0.0,0.0,No,None,No,Yes,High,No,No,No,No,No,No,No,0.0,1
51,Other,Never,0.0,0.0,No,Low,No,No,High,No,No,No,No,No,No,No,0.0,0
37,Male,Current,1.0,39.0,No,None,No,Unknown,Low,No,No,No,No,No,No,No,1.95,0
66,Male,Former,8.0,24.0,No,None,No,Yes,High,No,No,No,No,No,No,No,9.6,0
25,Other,Former,8.0,1.0,No,None,No,No,High,No,No,No,No,No,No,No,0.4,0
28,Female,Never,0.0,0.0,No,None,No,No,High,No,No,No,Yes,No,No,No,0.0,0
32,Male,Never,0.0,0.0,No,None,No,No,Medium,No,No,No,No,No,No,Yes,0.0,0
42,Male,Former,8.0,2.0,No,None,No,No,Low,Yes,Yes,No,No,No,No,No,0.8,0
84,Female,Current,19.0,28.0,No,None,No,Unknown,Low,No,No,No,No,No,No,No,26.6,1
71,Female,Never,0.0,0.0,No,None,No,No,High,No,No,No,No,No,No,No,0.0,0
58,Other,Current,15.0,17.0,No,None,No,No,Medium,No,No,No,No,No,No,No,12.75,0
72,Female,Never,0.0,0.0,Yes,None,No,Yes,Medium,No,No,No,No,No,No,No,0.0,0
62,Female,Never,0.0,0.0,No,None,No,No,Medium,No,No,No,No,No,No,No,0.0,0
39,Female,Current,13.0,11.0,Yes,Low,No,No,Medium,No,No,Yes,No,No,No,No,7.15,0
51,Male,Current,7.0,18.0,No,Low,No,No,Medium,No,No,No,No,Yes,No,No,6.3,0
55,Female,Former,32.0,18.0,No,None,No,No,Low,No,No,No,No,No,No,No,28.8,0
75,Male,Current,7.0,27.0,No,None,No,No,Medium,No,No,No,Yes,Yes,Yes,No,9.45,0
26,Female,Never,0.0,0.0,No,None,No,Unknown,Medium,No,No,No,No,No,No,No,0.0,0
51,Female,Former,21.0,9.0,No,High,Yes,Unknown,Medium,No,No,No,No,No,No,No,9.45,0
74,Female,Current,21.0,36.0,Yes,None,No,No,Low,No,No,No,No,No,No,No,37.8,0
51,Male,Never,0.0,0.0,No,None,No,No,Low,No,No,No,No,No,No,No,0.0,0
33,Female,Current,1.0,13.0,No,None,No,No,Medium,Yes,No,No,No,No,No,No,0.65,0
72,Female,Never,0.0,0.0,Yes,None,No,No,High,No,No,No,No,No,No,No,0.0,0
82,Female,Current,17.0,28.0,No,Low,No,No,Medium,No,No,No,No,No,No,No,23.8,0
52,Female,Current,6.0,31.0,No,None,No,Unknown,Medium,No,Yes,No,No,No,No,No,9.3,0
43,Female,Current,19.0,1.0,Yes,None,No,No,Low,Yes,No,Yes,No,No,No,No,0.95,1
38,Female,Current,13.0,1.0,No,None,No,Unknown,Low,No,No,No,No,Yes,No,No,0.65,0
47,Male,Former,11.0,21.0,No,Low,No,Yes,Low,No,No,No,No,No,No,No,11.55,0
52,Male,Current,15.0,19.0,No,None,No,No,Low,No,No,No,No,No,No,No,14.25,0
44,Male,Never,0.0,0.0,Yes,None,No,Unknown,High,No,No,No,No,No,No,No,0.0,0
56,Male,Never,0.0,0.0,Yes,Low,No,No,Low,No,No,No,No,No,No,Yes,0.0,0
43,Male,Never,0.0,0.0,No,Low,No,Unknown,Medium,No,No,No,No,No,Yes,No,0.0,0
76,Male,Never,0.0,0.0,No,None,No,No,Medium,No,No,No,No,No,No,No,0.0,0
74,Male,Former,26.0,33.0,Yes,Low,No,Unknown,Medium,No,No,No,No,No,No,No,42.9,1
20,Female,Former,16.0,1.0,No,None,No,No,Medium,No,No,No,No,No,No,Yes,0.8,0
46,Female,Never,0.0,0.0,No,None,No,Unknown,Medium,No,No,No,No,No,No,No,0.0,0
58,Male,Former,14.0,27.0,No,None,No,Unknown,Low,No,Yes,No,No,No,No,No,18.9,0
44,Male,Former,11.0,15.0,No,Low,No,No,High,No,No,No,No,No,No,No,8.25,0
37,Male,Former,10.0,10.0,No,High,Yes,No,High,No,No,No,No,No,No,No,5.0,1
44,Male,Former,1.0,2.0,No,Low,Yes,Unknown,Medium,Yes,No,No,No,No,No,No,0.1,0
55,Female,Former,11.0,20.0,No,None,No,No,Medium,No,No,No,No,No,No,No,11.0,0
35,Male,Never,0.0,0.0,No,None,No,No,Medium,Yes,No,No,No,No,Yes,No,0.0,0
52,Male,Current,20.0,16.0,No,None,No,Yes,Medium,No,Yes,No,No,No,No,No,16.0,1
39,Female,Current,13.0,11.0,No,Low,No,Yes,Medium,No,No,No,No,No,No,No,7.15,0
29,Male,Former,8.0,17.0,Yes,None,No,No,High,No,No,No,No,No,No,No,6.8,0
63,Female,Never,0.0,0.0,No,None,No,Yes,Low,No,No,No,No,No,No,No,0.0,0
67,Male,Never,0.0,0.0,No,None,No,Unknown,Low,No,No,No,No,No,No,No,0.0,0
76,Female,Never,0.0,0.0,No,None,No,No,Low,No,No,No,No,No,No,Yes,0.0,0
45,Female,Never,0.0,0.0,No,Low,No,No,Medium,No,No,No,No,Yes,No,No,0.0,0
75,Male,Former,10.0,23.0,No,None,No,Unknown,Medium,No,No,No,No,No,No,No,11.5,0
77,Female,Current,5.0,34.0,No,Low,No,No,High,No,No,No,No,No,Yes,No,8.5,0
19,Female,Current,1.0,4.0,No,High,No,No,Medium,No,No,No,No,Yes,No,No,0.2,0
19,Female,Never,0.0,0.0,No,High,No,No,Medium,No,No,No,No,No,No,No,0.0,0
24,Male,Former,17.0,1.0,Yes,None,No,No,Low,Yes,Yes,No,No,No,No,No,0.85,1
60,Male,Never,0.0,0.0,No,None,No,No,Low,No,No,No,No,No,No,No,0.0,0
71,Male,Current,11.0,47.0,No,None,No,No,Medium,No,No,Yes,No,No,No,No,25.85,0
51,Other,Current,5.0,12.0,No,None,No,Yes,Low,No,No,No,No,No,No,No,3.0,0
62,Male,Never,0.0,0.0,No,None,No,Unknown,Medium,No,No,No,No,No,No,No,0.0,0
62,Female,Former,13.0,31.0,Yes,None,No,Unknown,Low,No,No,No,No,No,No,No,20.15,1
36,Female,Current,15.0,8.0,No,None,No,No,Medium,No,No,No,No,No,No,No,6.0,0
73,Female,Former,8.0,41.0,No,None,Yes,Unknown,Low,Yes,No,No,No,Yes,No,No,16.4,1
22,Male,Current,12.0,1.0,Yes,None,No,No,Medium,No,No,No,No,No,No,No,0.6,0
25,Female,Never,0.0,0.0,Yes,Low,No,No,High,No,No,No,No,No,No,No,0.0,0
47,Female,Never,0.0,0.0,Yes,Low,No,Unknown,Low,No,No,No,No,No,No,No,0.0,0
37,Male,Never,0.0,0.0,No,None,No,Yes,Medium,No,No,No,No,No,No,No,0.0,0
37,Male,Never,0.0,0.0,Yes,Low,No,No,Medium,No,No,No,No,No,No,No,0.0,0
62,Male,Never,0.0,0.0,Yes,None,No,No,High,No,No,No,No,No,No,No,0.0,0
61,Other,Never,0.0,0.0,No,None,No,No,Medium,No,No,No,No,No,No,No,0.0,0
65,Male,Never,0.0,0.0,Yes,Low,No,Yes,Medium,No,No,No,No,No,No,No,0.0,0
27,Female,Former,12.0,9.0,No,None,No,No,Low,No,No,No,No,No,No,Yes,5.4,0
75,Male,Never,0.0,0.0,No,None,No,No,Medium,No,Yes,No,No,No,No,Yes,0.0,0
20,Female,Former,18.0,5.0,No,None,No,Yes,High,No,No,No,No,Yes,No,No,4.5,0
40,Female,Never,0.0,0.0,No,High,No,Unknown,High,No,No,No,No,No,No,No,0.0,0
51,Female,Never,0.0,0.0,No,None,No,Unknown,Medium,No,No,No,No,No,No,No,0.0,1
49,Male,Never,0.0,0.0,No,None,No,No,Medium,No,No,No,No,No,No,No,0.0,0
51,Female,Former,15.0,9.0,No,Low,No,No,Medium,No,No,No,No,No,No,No,6.75,0
36,Female,Former,12.0,6.0,Yes,Low,No,No,Medium,No,No,Yes,No,No,No,No,3.6,0
42,Other,Never,0.0,0.0,No,None,No,No,High,No,No,No,No,No,No,No,0.0,0
31,Male,Never,0.0,0.0,Yes,None,No,Unknown,Low,No,No,No,No,No,No,No,0.0,0
57,Male,Current,17.0,33.0,No,None,No,No,High,No,No,No,No,No,Yes,No,28.05,0
73,Female,Never,0.0,0.0,No,Low,No,No,Low,No,No,No,No,No,No,No,0.0,0
37,Male,Never,0.0,0.0,No,None,No,No,Low,No,No,No,No,No,No,No,0.0,0
51,Male,Former,19.0,1.0,No,High,Yes,No,Medium,No,No,No,No,No,Yes,No,0.95,0
22,Female,Never,0.0,0.0,No,High,No,No,High,Yes,No,No,No,No,Yes,No,0.0,0
60,Male,Current,5.0,13.0,No,Low,No,No,Low,No,No,No,No,No,No,No,3.25,0
52,Female,Never,0.0,0.0,No,None,No,No,Low,No,No,No,No,No,Yes,No,0.0,0
20,Male,Former,13.0,2.0,No,None,No,Unknown,High,No,No,No,No,No,No,No,1.3,0
44,Female,Never,0.0,0.0,No,High,No,Unknown,Low,No,No,No,No,No,No,No,0.0,0
55,Female,Never,0.0,0.0,Yes,None,No,Yes,Medium,No,Yes,No,No,No,No,No,0.0,0
68,Female,Never,0.0,0.0,No,Low,No,No,Medium,No,No,No,No,No,No,No,0.0,0
61,Male,Former,2.0,18.0,No,None,No,No,Medium,No,No,No,No,No,No,No,1.8,0
76,Male,Former,13.0,24.0,Yes,None,No,No,Low,No,No,No,No,No,No,No,15.6,0
46,Female,Never,0.0,0.0,No,None,No,No,Medium,No,No,No,No,No,No,No,0.0,0
25,Male,Never,0.0,0.0,No,None,No,Unknown,Medium,No,No,No,No,No,No,No,0.0,0
70,Female,Current,10.0,33.0,No,None,No,No,Medium,No,No,No,No,No,No,No,16.5,1
60,Male,Never,0.0,0.0,No,None,No,No,Medium,No,No,No,Yes,No,Yes,No,0.0,0
20,Male,Current,16.0,1.0,No,Low,Yes,Unknown,Medium,No,No,No,No,No,No,No,0.8,0
74,Male,Current,7.0,20.0,No,None,No,No,Medium,No,Yes,No,No,No,No,No,7.0,0
58,Female,Never,0.0,0.0,No,None,No,No,High,No,No,No,No,No,No,No,0.0,0
28,Male,Never,0.0,0.0,No,Low,No,Yes,Medium,No,No,No,No,No,No,No,0.0,0
77,Male,Never,0.0,0.0,No,Low,No,No,Medium,No,Yes,No,No,Yes,No,No,0.0,1
79,Male,Never,0.0,0.0,Yes,Low,Yes,Unknown,Medium,No,No,No,No,No,No,Yes,0.0,1
33,Male,Never,0.0,0.0,No,None,No,No,Low,No,No,No,No,No,No,No,0.0,0
42,Male,Never,0.0,0.0,No,None,No,Yes,Low,No,No,No,No,No,No,No,0.0,0
48,Female,Current,20.0,20.0,No,High,No,No,Medium,No,No,No,No,No,No,No,20.0,0
66,Female,Never,0.0,0.0,No,None,No,Unknown,Medium,No,No,No,No,No,No,No,0.0,0
32,Female,Former,4.0,14.0,No,None,No,Unknown,High,No,No,No,No,No,No,No,2.8,0
50,Male,Current,15.0,7.0,No,None,No,Yes,Medium,No,No,No,No,Yes,No,No,5.25,1
47,Male,Current,24.0,7.0,No,None,No,No,High,No,No,No,No,No,No,No,8.4,1
78,Male,Former,19.0,37.0,No,None,No,No,High,No,No,Yes,No,No,No,No,35.15,1
28,Male,Current,17.0,18.0,No,None,No,No,Medium,No,No,No,No,No,No,No,15.3,0
59,Female,Former,17.0,24.0,No,None,No,Unknown,High,No,No,No,No,No,No,No,20.4,1
50,Female,Former,37.0,12.0,No,None,No,No,Low,No,No,No,No,No,No,No,22.2,0
18,Female,Current,18.0,2.0,Yes,None,No,Unknown,Medium,No,No,No,No,No,No,No,1.8,0
39,Male,Never,0.0,0.0,No,None,No,Yes,Medium,No,No,No,No,No,No,No,0.0,0
82,Female,Former,2.0,33.0,No,None,No,No,Low,Yes,No,No,No,No,Yes,No,3.3,1
76,Male,Never,0.0,0.0,No,None,No,Unknown,Low,No,No,No,No,No,No,No,0.0,0
43,Female,Never,0.0,0.0,Yes,None,No,No,Medium,No,No,No,No,No,No,No,0.0,0
23,Male,Current,2.0,3.0,No,Low,No,No,High,No,No,No,No,No,No,No,0.3,0
19,Female,Former,11.0,3.0,No,Low,No,Yes,Medium,No,No,No,No,No,No,No,1.65,0
80,Male,Former,1.0,26.0,No,None,No,No,High,No,No,No,No,No,No,No,1.3,0
71,Male,Never,0.0,0.0,Yes,Low,No,Yes,Medium,No,No,No,No,No,No,No,0.0,0
61,Male,Former,1.0,8.0,Yes,None,No,No,Low,Yes,No,No,No,No,No,No,0.4,0
68,Female,Never,0.0,0.0,No,None,No,No,Medium,No,No,No,No,No,No,No,0.0,0
24,Female,Never,0.0,0.0,No,Low,No,No,Low,No,No,No,No,Yes,No,No,0.0,0
73,Male,Current,25.0,36.0,No,High,No,Yes,High,No,No,No,No,No,No,No,45.0,0
65,Female,Never,0.0,0.0,No,High,No,Yes,High,Yes,No,No,No,No,Yes,No,0.0,0
82,Female,Never,0.0,0.0,No,None,No,Unknown,Low,No,No,No,No,No,No,No,0.0,0
74,Female,Current,11.0,36.0,No,None,Yes,No,Medium,Yes,No,No,No,Yes,No,No,19.8,0
63,Male,Current,16.0,20.0,No,None,No,No,Medium,No,No,No,No,No,No,No,16.0,1
57,Female,Never,0.0,0.0,No,None,No,No,Medium,No,No,No,No,No,No,No,0.0,0
22,Female,Never,0.0,0.0,No,None,No,No,Low,No,No,Yes,No,No,Yes,No,0.0,0
18,Male,Former,23.0,17.0,No,Low,No,No,High,No,No,No,No,No,No,No,19.55,0
41,Male,Current,6.0,5.0,No,Low,No,No,Medium,No,No,No,No,No,No,No,1.5,0
28,Male,Current,13.0,1.0,No,None,No,Yes,Low,No,No,No,No,Yes,No,No,0.65,0
51,Male,Never,0.0,0.0,No,None,Yes,No,High,No,No,No,No,No,No,No,0.0,0
81,Male,Current,1.0,35.0,No,None,No,No,Medium,No,No,No,No,No,No,No,1.75,0
75,Female,Former,15.0,14.0,No,None,No,Unknown,Low,No,No,No,No,No,No,No,10.5,0
75,Male,Former,8.0,45.0,No,None,Yes,Unknown,High,Yes,Yes,No,No,No,No,No,18.0,0
30,Male,Never,0.0,0.0,No,None,No,Unknown,Low,No,Yes,No,No,No,Yes,No,0.0,0
79,Female,Former,12.0,14.0,Yes,None,No,No,Low,No,No,No,No,No,No,No,8.4,0
80,Male,Former,16.0,37.0,No,Low,No,No,Medium,No,No,No,No,No,No,No,29.6,0
60,Male,Never,0.0,0.0,No,Low,No,No,Medium,No,Yes,No,No,No,No,No,0.0,0
52,Female,Former,13.0,17.0,No,None,No,No,Low,No,No,No,No,No,Yes,No,11.05,0
73,Female,Never,0.0,0.0,No,Low,No,No,Medium,No,No,No,No,Yes,No,No,0.0,0
37,Female,Never,0.0,0.0,No,None,No,No,High,No,No,No,No,No,No,Yes,0.0,0
41,Female,Never,0.0,0.0,No,Low,Yes,No,Medium,No,No,No,No,No,No,No,0.0,1
83,Male,Former,5.0,29.0,No,None,No,No,Medium,No,No,No,No,No,No,No,7.25,0
61,Female,Former,7.0,11.0,Yes,High,No,No,High,Yes,No,No,No,No,No,No,3.85,0
47,Female,Never,0.0,0.0,No,High,Yes,Unknown,Low,No,No,No,No,No,No,No,0.0,0
21,Male,Never,0.0,0.0,No,Low,No,Unknown,Low,No,No,No,No,No,No,No,0.0,0
60,Male,Current,13.0,2.0,No,None,No,Unknown,Low,No,No,No,No,No,No,No,1.3,1
44,Male,Former,16.0,1.0,No,None,No,Yes,High,No,No,Yes,No,No,No,No,0.8,0
72,Female,Current,25.0,33.0,Yes,None,No,Yes,High,No,No,No,No,Yes,No,No,41.25,1
25,Male,Former,19.0,2.0,No,Low,No,Yes,Low,No,No,No,No,Yes,Yes,No,1.9,0
37,Male,Former,1.0,2.0,No,High,Yes,Unknown,Medium,No,Yes,No,No,No,Yes,No,0.1,0
53,Male,Former,26.0,19.0,No,Low,No,Yes,Low,No,No,No,No,No,No,No,24.7,0
19,Male,Never,0.0,0.0,Yes,None,No,No,Medium,No,No,No,No,No,No,No,0.0,0
64,Female,Former,9.0,10.0,No,None,No,No,Low,No,No,No,No,No,No,No,4.5,0
78,Male,Never,0.0,0.0,Yes,None,No,No,Low,No,No,No,No,No,No,No,0.0,0
82,Male,Current,17.0,28.0,No,Low,Yes,No,Low,No,No,No,No,Yes,Yes,No,23.8,1
49,Female,Never,0.0,0.0,No,Low,No,Unknown,Medium,No,No,Yes,No,No,No,No,0.0,0
65,Male,Former,7.0,30.0,Yes,Low,No,Unknown,Low,Yes,No,No,No,Yes,No,No,10.5,0
73,Female,Former,17.0,42.0,No,None,No,No,High,No,No,Yes,No,No,No,No,35.7,0
48,Female,Never,0.0,0.0,No,None,No,Yes,High,No,No,No,No,Yes,No,No,0.0,0
42,Female,Current,30.0,32.0,Yes,None,No,No,High,No,No,No,No,No,No,No,48.0,1
70,Male,Never,0.0,0.0,Yes,None,No,Yes,Medium,No,No,No,No,No,No,No,0.0,0
31,Female,Current,2.0,15.0,Yes,Low,No,No,High,No,No,No,No,No,No,No,1.5,0
73,Male,Former,11.0,27.0,No,Low,No,No,Medium,No,No,No,No,No,No,No,14.85,0
37,Female,Former,19.0,5.0,No,None,No,Unknown,Medium,Yes,No,No,No,No,No,No,4.75,0
74,Male,Never,0.0,0.0,Yes,Low,No,Unknown,Medium,No,No,No,No,No,Yes,No,0.0,0
51,Female,Current,12.0,12.0,No,None,No,No,High,No,No,No,No,No,No,Yes,7.2,0
44,Male,Current,2.0,23.0,No,None,No,No,Medium,No,Yes,No,No,No,No,No,2.3,0
72,Male,Current,3.0,42.0,No,None,No,No,Low,Yes,No,No,No,No,No,No,6.3,0
36,Male,Never,0.0,0.0,No,None,No,No,Medium,No,Yes,No,No,No,No,No,0.0,0
82,Female,Current,16.0,27.0,No,None,No,No,Medium,Yes,No,No,No,No,No,No,21.6,1
32,Female,Never,0.0,0.0,No,None,No,No,High,No,Yes,No,No,No,No,No,0.0,0
69,Male,Never,0.0,0.0,Yes,None,No,No,Medium,Yes,No,No,No,No,No,No,0.0,0
26,Female,Current,13.0,20.0,No,Low,No,No,Low,No,No,No,No,No,Yes,No,13.0,0
66,Female,Current,9.0,19.0,Yes,High,Yes,No,High,No,No,No,No,No,No,No,8.55,1
64,Male,Never,0.0,0.0,No,Low,No,No,High,No,No,No,No,No,No,No,0.0,0
38,Female,Never,0.0,0.0,No,None,No,Yes,Medium,Yes,Yes,No,No,No,No,No,0.0,0
72,Male,Never,0.0,0.0,No,None,No,Yes,Medium,No,No,No,No,No,No,Yes,0.0,0
77,Male,Never,0.0,0.0,Yes,None,No,Unknown,Medium,No,No,No,No,No,No,No,0.0,0
47,Female,Former,6.0,17.0,No,High,No,No,High,No,No,No,No,No,No,No,5.1,0
78,Male,Current,23.0,41.0,Yes,None,No,Unknown,Low,No,No,No,No,No,No,No,47.15,1
36,Female,Never,0.0,0.0,No,None,No,Unknown,High,No,No,No,No,No,No,No,0.0,0
79,Female,Current,10.0,35.0,No,None,No,No,Medium,Yes,No,No,No,No,No,No,17.5,0
79,Female,Former,17.0,32.0,No,Low,No,No,Low,No,No,No,No,No,No,Yes,27.2,0
63,Male,Current,6.0,35.0,No,Low,No,Unknown,Medium,No,No,No,No,No,No,No,10.5,0
85,Male,Never,0.0,0.0,No,High,No,Unknown,High,No,No,No,No,No,No,No,0.0,0
76,Male,Never,0.0,0.0,Yes,Low,No,No,Low,No,No,No,No,Yes,No,No,0.0,0
67,Male,Former,16.0,26.0,No,None,No,No,Medium,No,No,No,No,No,Yes,No,20.8,0
19,Male,Never,0.0,0.0,Yes,None,No,No,Medium,No,No,No,No,No,No,No,0.0,0
43,Male,Current,13.0,8.0,Yes,None,No,Unknown,High,No,No,No,No,No,No,No,5.2,0
52,Male,Current,12.0,17.0,No,None,No,No,Medium,No,No,No,No,No,No,No,10.2,0
79,Male,Former,10.0,31.0,No,High,No,No,Medium,No,No,No,No,No,No,No,15.5,0
25,Male,Never,0.0,0.0,No,None,No,No,Medium,Yes,No,No,No,No,No,No,0.0,0
84,Female,Never,0.0,0.0,No,None,No,Unknown,Low,No,No,No,No,No,No,Yes,0.0,0
20,Other,Never,0.0,0.0,No,None,Yes,No,Medium,No,No,No,No,No,No,No,0.0,1
27,Male,Never,0.0,0.0,No,None,No,Yes,Medium,No,No,No,No,No,Yes,No,0.0,0
27,Male,Former,7.0,1.0,No,High,No,No,Low,No,No,No,No,No,No,No,0.35,0
38,Female,Current,9.0,11.0,No,Low,Yes,No,High,No,Yes,No,No,No,No,No,4.95,1
42,Female,Current,12.0,1.0,No,None,No,Unknown,Medium,No,No,No,No,No,No,No,0.6,0
52,Male,Former,5.0,32.0,No,Low,No,No,Low,No,No,No,Yes,No,No,No,8.0,0
57,Male,Former,33.0,18.0,Yes,None,No,No,Low,No,No,Yes,No,No,No,No,29.7,0
55,Male,Current,11.0,23.0,Yes,None,No,No,Medium,No,No,No,No,No,Yes,No,12.65,0
64,Female,Former,11.0,24.0,No,None,No,No,Low,No,No,No,No,No,No,No,13.2,0
77,Male,Never,0.0,0.0,No,None,No,Unknown,Low,No,No,No,Yes,Yes,No,No,0.0,0
47,Male,Never,0.0,0.0,No,None,No,No,Low,No,No,No,No,No,No,No,0.0,0
54,Female,Former,28.0,33.0,No,Low,No,Unknown,Low,No,No,No,No,No,No,No,46.2,1
36,Male,Never,0.0,0.0,No,None,No,No,Low,No,No,No,No,No,No,No,0.0,0
20,Male,Current,17.0,1.0,No,Low,No,No,Medium,Yes,No,No,No,No,No,No,0.85,0
77,Female,Current,1.0,44.0,Yes,None,No,No,Medium,No,No,No,No,No,Yes,No,2.2,0
71,Female,Current,19.0,53.0,No,None,No,Unknown,Medium,No,No,No,No,No,No,Yes,50.35,1
61,Male,Never,0.0,0.0,Yes,None,No,No,Low,No,No,No,No,No,No,No,0.0,0
27,Male,Never,0.0,0.0,No,None,No,Unknown,Medium,No,No,No,No,Yes,No,No,0.0,0
47,Female,Never,0.0,0.0,No,None,No,No,Low,No,No,No,No,No,No,No,0.0,0
38,Female,Never,0.0,0.0,No,None,No,No,Medium,No,No,No,No,No,No,No,0.0,0
59,Female,Current,8.0,39.0,No,Low,Yes,No,Medium,No,No,No,No,No,No,No,15.6,1
25,Female,Never,0.0,0.0,No,High,No,No,Medium,No,No,No,No,No,No,No,0.0,0
67,Female,Never,0.0,0.0,No,None,No,Yes,Low,No,No,No,No,No,No,No,0.0,0
72,Male,Former,5.0,27.0,No,None,No,No,Medium,No,No,No,No,No,No,Yes,6.75,0
59,Female,Never,0.0,0.0,No,Low,No,No,Medium,No,No,No,No,No,No,No,0.0,0
61,Male,Never,0.0,0.0,Yes,None,No,No,Medium,No,No,No,No,No,No,No,0.0,0
54,Female,Former,28.0,23.0,No,None,No,No,High,No,No,No,No,No,No,No,32.2,1
22,Female,Never,0.0,0.0,Yes,None,No,No,High,No,No,No,No,No,No,No,0.0,0
72,Female,Former,18.0,47.0,No,None,No,Yes,Medium,No,No,No,No,Yes,No,No,42.3,1
78,Female,Former,13.0,33.0,No,None,No,Yes,Medium,No,Yes,No,No,No,No,No,21.45,0
39,Male,Former,1.0,20.0,Yes,None,No,No,Medium,No,No,No,No,No,No,No,1.0,0
84,Male,Never,0.0,0.0,No,None,No,Unknown,Medium,No,No,No,No,No,No,No,0.0,0
36,Male,Never,0.0,0.0,No,None,No,No,Low,No,Yes,No,No,No,No,No,0.0,0
30,Male,Current,15.0,1.0,No,None,No,Unknown,Medium,No,No,No,No,No,No,No,0.75,0
31,Male,Never,0.0,0.0,No,None,Yes,Yes,High,No,No,No,No,No,No,No,0.0,0
31,Female,Current,15.0,8.0,No,None,No,Yes,Medium,No,No,No,No,No,No,No,6.0,0
81,Male,Current,3.0,34.0,No,Low,No,No,Low,Yes,No,No,No,No,No,No,5.1,1
39,Male,Former,4.0,1.0,No,None,No,No,High,Yes,No,No,No,No,No,No,0.2,0
78,Male,Former,1.0,46.0,No,None,No,Unknown,Medium,No,No,No,No,No,No,No,2.3,0
31,Male,Never,0.0,0.0,No,None,No,No,Low,No,No,No,No,No,No,No,0.0,0
29,Female,Former,15.0,1.0,No,None,No,No,Low,No,No,No,No,No,No,No,0.75,0
73,Female,Never,0.0,0.0,No,None,No,Unknown,Medium,No,No,No,No,No,No,No,0.0,0
72,Male,Former,11.0,28.0,Yes,None,No,No,Medium,No,No,No,No,No,No,No,15.4,1
71,Female,Never,0.0,0.0,No,None,No,No,Low,No,No,No,No,No,No,No,0.0,0
30,Female,Former,18.0,16.0,Yes,None,No,No,Low,Yes,No,No,No,No,No,No,14.4,0
81,Female,Former,20.0,23.0,No,Low,No,No,Low,No,No,No,No,No,No,No,23.0,0
34,Female,Never,0.0,0.0,No,Low,No,No,Low,No,No,No,No,No,Yes,No,0.0,0
42,Male,Former,14.0,8.0,Yes,Low,No,No,Medium,No,No,No,No,Yes,No,No,5.6,0
51,Female,Current,8.0,5.0,No,None,No,No,Medium,No,No,No,No,No,No,No,2.0,0
50,Male,Former,15.0,17.0,Yes,None,No,Unknown,Low,No,No,No,No,No,No,No,12.75,1
72,Female,Former,21.0,39.0,No,Low,No,No,Low,No,No,No,No,No,Yes,No,40.95,1
58,Female,Former,20.0,15.0,No,Low,No,Unknown,Medium,No,No,No,Yes,No,No,No,15.0,1
62,Female,Former,19.0,15.0,No,Low,No,Unknown,Medium,No,No,No,No,No,No,No,14.25,0
76,Female,Current,4.0,22.0,No,Low,No,No,Low,No,No,No,No,Yes,No,No,4.4,0
46,Male,Never,0.0,0.0,No,None,No,No,Low,No,No,No,No,No,No,No,0.0,0
56,Male,Never,0.0,0.0,Yes,Low,No,Unknown,Low,No,No,No,No,No,No,No,0.0,0
36,Male,Current,16.0,9.0,No,Low,No,No,Low,No,No,No,No,No,No,No,7.2,0
59,Female,Former,12.0,1.0,No,None,No,Unknown,High,No,No,No,No,No,No,No,0.6,0
36,Female,Never,0.0,0.0,Yes,None,No,Unknown,Medium,No,No,No,No,No,No,No,0.0,0
50,Female,Never,0.0,0.0,No,High,No,No,Low,No,No,No,No,No,No,No,0.0,0
63,Female,Never,0.0,0.0,No,None,No,No,High,No,No,No,No,No,No,No,0.0,0
38,Male,Current,25.0,3.0,No,None,No,No,Medium,No,No,No,No,No,No,No,3.75,1
67,Male,Never,0.0,0.0,No,None,No,No,Medium,Yes,No,No,No,Yes,No,No,0.0,0
35,Male,Never,0.0,0.0,No,None,No,No,Medium,No,No,No,No,No,No,No,0.0,0
34,Female,Former,11.0,1.0,No,None,No,No,High,No,No,No,No,No,No,No,0.55,0
82,Female,Current,2.0,41.0,Yes,None,No,Unknown,Medium,No,No,No,No,No,Yes,No,4.1,0
33,Female,Current,21.0,3.0,No,None,No,No,Low,No,No,No,Yes,No,No,No,3.15,0
36,Male,Current,14.0,1.0,Yes,None,No,Unknown,Medium,No,No,No,Yes,Yes,No,No,0.7,0
55,Female,Never,0.0,0.0,No,None,No,No,High,Yes,No,No,No,No,Yes,Yes,0.0,0
38,Other,Former,21.0,21.0,Yes,Low,No,No,Medium,No,No,No,No,No,No,No,22.05,0
47,Female,Former,13.0,35.0,No,None,No,Unknown,Low,No,No,No,No,No,No,No,22.75,0
67,Female,Never,0.0,0.0,No,None,No,No,Medium,No,No,No,No,No,Yes,No,0.0,0
20,Female,Never,0.0,0.0,No,None,No,No,Low,No,No,No,No,No,No,No,0.0,0
72,Male,Former,33.0,35.0,No,Low,Yes,Unknown,Medium,No,No,No,No,Yes,No,No,57.75,1
61,Male,Current,16.0,32.0,No,None,No,No,Medium,No,Yes,No,No,Yes,Yes,No,25.6,1
34,Male,Never,0.0,0.0,No,Low,No,No,High,No,No,No,No,No,Yes,No,0.0,0
61,Female,Never,0.0,0.0,No,None,No,Yes,Medium,Yes,No,No,No,No,No,No,0.0,0
64,Female,Current,12.0,17.0,Yes,High,Yes,Unknown,Medium,No,No,No,No,No,No,No,10.2,1
69,Female,Never,0.0,0.0,No,None,No,No,Medium,No,No,No,No,No,No,No,0.0,0
70,Female,Current,15.0,30.0,Yes,None,No,Unknown,Medium,No,No,No,No,No,No,No,22.5,1
77,Female,Never,0.0,0.0,No,Low,No,Unknown,Medium,Yes,No,No,No,No,No,No,0.0,0
41,Male,Never,0.0,0.0,No,None,No,No,Low,No,No,No,No,No,No,No,0.0,0
34,Male,Never,0.0,0.0,No,None,No,No,Medium,Yes,No,No,No,No,No,No,0.0,0
60,Male,Never,0.0,0.0,No,Low,No,No,Low,No,No,No,No,No,No,No,0.0,0
59,Female,Never,0.0,0.0,No,None,No,No,Medium,No,No,No,No,No,No,No,0.0,0
49,Male,Never,0.0,0.0,No,Low,No,No,Medium,No,No,No,No,No,No,No,0.0,0
39,Female,Never,0.0,0.0,No,Low,No,Yes,Medium,No,No,No,No,No,No,No,0.0,0
48,Female,Former,13.0,8.0,No,Low,No,No,High,No,No,No,No,No,No,No,5.2,0
28,Male,Never,0.0,0.0,No,None,No,Yes,High,No,No,No,No,No,No,No,0.0,0
26,Male,Current,21.0,1.0,No,None,No,No,Low,No,No,No,No,No,No,No,1.05,0
37,Female,Never,0.0,0.0,Yes,None,No,No,Low,No,No,No,Yes,No,No,No,0.0,0
36,Female,Never,0.0,0.0,No,None,No,No,Medium,No,No,No,No,No,No,No,0.0,0
46,Female,Former,3.0,13.0,No,Low,No,Unknown,Medium,No,No,No,No,No,No,Yes,1.95,0
78,Female,Current,17.0,21.0,No,High,Yes,No,Medium,No,No,No,No,No,No,No,17.85,0
76,Female,Former,15.0,38.0,No,High,No,No,Medium,No,No,No,No,Yes,No,No,28.5,0
21,Female,Never,0.0,0.0,No,Low,No,Unknown,Low,No,No,No,No,No,No,No,0.0,0
44,Male,Former,1.0,1.0,No,None,No,Unknown,Medium,No,No,No,No,No,No,No,0.05,0
26,Male,Never,0.0,0.0,No,None,No,No,Medium,No,No,No,No,No,No,No,0.0,0
85,Female,Former,11.0,31.0,No,None,No,Unknown,Medium,No,No,No,No,No,No,No,17.05,1
37,Male,Never,0.0,0.0,No,Low,No,Unknown,High,No,No,No,No,No,No,No,0.0,0
79,Female,Never,0.0,0.0,Yes,Low,No,No,Low,No,No,No,No,No,No,No,0.0,0
83,Male,Never,0.0,0.0,No,None,No,No,High,Yes,No,No,Yes,No,No,No,0.0,0
41,Male,Never,0.0,0.0,No,None,No,No,Medium,No,No,No,No,No,No,No,0.0,0
20,Female,Current,13.0,10.0,No,Low,No,Unknown,High,No,No,No,No,No,No,No,6.5,0
66,Male,Current,3.0,33.0,No,High,Yes,No,Medium,Yes,No,Yes,No,Yes,No,No,4.95,0
33,Male,Former,1.0,1.0,No,None,No,Yes,Medium,No,No,Yes,No,Yes,No,No,0.05,0
36,Male,Current,19.0,6.0,Yes,Low,No,Yes,Low,No,No,No,No,No,No,No,5.7,0
35,Female,Former,22.0,3.0,No,High,No,Yes,Medium,No,No,No,No,No,No,No,3.3,0
25,Other,Former,1.0,1.0,No,None,No,No,Low,No,No,No,No,No,No,No,0.05,0
80,Female,Never,0.0,0.0,No,High,Yes,Unknown,Medium,Yes,Yes,No,No,No,Yes,No,0.0,0
58,Female,Current,1.0,15.0,No,None,No,No,Medium,No,No,No,No,Yes,No,No,0.75,0
72,Male,Never,0.0,0.0,Yes,None,No,No,High,No,No,No,No,No,Yes,No,0.0,1
53,Female,Never,0.0,0.0,No,None,No,Yes,Medium,No,No,No,Yes,No,No,No,0.0,0
76,Female,Former,27.0,27.0,No,None,No,No,Low,No,No,No,No,Yes,No,No,36.45,1
61,Female,Current,1.0,34.0,No,High,No,No,Low,No,No,No,No,No,No,No,1.7,0
26,Male,Former,14.0,16.0,No,None,Yes,No,High,No,No,No,No,No,No,No,11.2,0
60,Female,Never,0.0,0.0,No,Low,No,No,Medium,No,No,No,No,No,No,No,0.0,0
77,Female,Never,0.0,0.0,No,None,No,No,Low,No,No,Yes,No,Yes,No,No,0.0,0
38,Male,Never,0.0,0.0,No,High,Yes,No,High,No,No,No,No,No,No,No,0.0,0
84,Female,Current,3.0,43.0,No,None,No,No,Low,No,No,No,No,No,Yes,No,6.45,0
39,Female,Former,17.0,9.0,No,None,No,No,Medium,No,No,No,No,No,No,No,7.65,0
64,Female,Never,0.0,0.0,Yes,None,No,No,Medium,No,No,No,No,Yes,No,No,0.0,0
53,Female,Never,0.0,0.0,No,Low,No,No,Low,Yes,Yes,No,No,No,No,No,0.0,0
44,Male,Former,31.0,1.0,No,None,No,No,Medium,Yes,No,No,No,No,No,No,1.55,0
41,Female,Never,0.0,0.0,Yes,None,No,Yes,Low,No,No,No,No,No,No,No,0.0,0
63,Male,Former,1.0,16.0,No,Low,No,Yes,High,Yes,No,No,No,No,No,No,0.8,0
52,Female,Never,0.0,0.0,No,High,Yes,No,Medium,No,No,No,No,No,No,Yes,0.0,0
60,Female,Former,12.0,23.0,No,None,No,Unknown,Medium,No,No,No,No,No,No,No,13.8,0
35,Female,Never,0.0,0.0,Yes,None,No,Unknown,Low,No,No,No,No,No,No,No,0.0,0
63,Male,Never,0.0,0.0,Yes,Low,No,No,Medium,Yes,No,No,No,No,No,No,0.0,0
80,Male,Never,0.0,0.0,No,None,No,No,High,No,No,No,No,No,No,No,0.0,0
41,Female,Former,3.0,1.0,No,None,No,No,Low,No,No,No,No,No,No,No,0.15,0
58,Female,Current,22.0,31.0,No,Low,No,No,Medium,No,No,No,No,No,No,No,34.1,0
61,Male,Never,0.0,0.0,No,None,No,Yes,Low,No,No,No,No,No,No,No,0.0,0
60,Male,Current,19.0,6.0,No,None,No,No,Medium,No,No,No,No,No,No,No,5.7,0
19,Male,Never,0.0,0.0,No,High,Yes,Yes,High,No,No,No,No,No,No,No,0.0,0
71,Female,Former,19.0,21.0,Yes,None,No,No,Medium,No,No,No,No,No,No,No,19.95,0
36,Female,Former,10.0,17.0,No,None,No,Yes,Low,No,Yes,No,No,No,No,No,8.5,0
77,Male,Never,0.0,0.0,No,Low,No,No,Medium,No,No,No,No,No,No,No,0.0,0
29,Male,Never,0.0,0.0,No,None,No,Yes,Medium,No,No,No,No,No,No,No,0.0,0
80,Female,Current,11.0,39.0,No,None,No,Unknown,Low,No,No,No,No,No,No,No,21.45,0
21,Female,Current,1.0,2.0,Yes,None,No,Unknown,Low,No,No,Yes,No,No,Yes,No,0.1,0
64,Female,Former,9.0,20.0,No,Low,No,No,High,No,No,No,No,No,No,No,9.0,0
53,Other,Former,14.0,1.0,No,None,No,No,Medium,No,No,No,No,No,No,No,0.7,0
32,Female,Never,0.0,0.0,No,None,No,No,Medium,No,No,No,No,No,No,No,0.0,0
31,Female,Never,0.0,0.0,No,None,No,Unknown,Medium,No,No,No,No,Yes,No,No,0.0,0
61,Male,Former,1.0,17.0,No,High,No,Unknown,Low,No,No,No,Yes,No,No,No,0.85,0
84,Male,Current,7.0,28.0,No,Low,No,No,Medium,No,No,No,No,No,No,No,9.8,0
69,Male,Current,11.0,17.0,No,High,No,No,Low,No,No,No,No,Yes,No,No,9.35,0
40,Female,Current,22.0,10.0,No,None,No,No,Medium,No,No,No,No,No,No,No,11.0,0
85,Female,Current,6.0,45.0,No,Low,No,No,Medium,No,No,No,No,No,No,No,13.5,0
58,Male,Never,0.0,0.0,Yes,Low,No,No,High,No,No,No,No,No,No,No,0.0,0
44,Male,Never,0.0,0.0,No,None,No,No,Medium,No,No,No,No,No,No,No,0.0,0
84,Female,Former,9.0,35.0,Yes,Low,No,No,Low,No,Yes,No,No,No,No,No,15.75,1
43,Female,Former,5.0,3.0,No,None,No,Yes,Medium,No,No,No,No,No,No,No,0.75,0
19,Male,Never,0.0,0.0,No,None,No,Yes,Medium,No,No,No,No,No,No,No,0.0,0
43,Female,Never,0.0,0.0,No,None,No,Unknown,Low,No,No,No,No,No,No,No,0.0,0
75,Male,Former,8.0,26.0,No,Low,Yes,No,Low,No,No,No,No,No,No,No,10.4,1
39,Female,Never,0.0,0.0,No,None,Yes,No,Medium,No,No,No,No,No,No,No,0.0,0
58,Female,Never,0.0,0.0,No,None,No,No,High,No,No,No,No,No,No,No,0.0,0
39,Male,Current,1.0,11.0,No,Low,No,Unknown,Medium,No,No,No,No,No,No,No,0.55,0
24,Male,Former,36.0,2.0,No,None,No,No,High,No,No,No,No,No,No,No,3.6,0
35,Male,Never,0.0,0.0,No,None,No,No,Low,No,No,No,No,No,No,No,0.0,0
52,Female,Never,0.0,0.0,No,None,No,Unknown,Low,No,No,No,No,No,No,No,0.0,0
65,Male,Current,6.0,17.0,No,Low,No,Unknown,High,No,Yes,No,No,No,Yes,No,5.1,0
21,Male,Former,22.0,1.0,No,None,No,Yes,Medium,No,No,No,No,No,No,No,1.1,0
71,Male,Former,4.0,21.0,No,Low,No,No,Low,No,No,No,No,Yes,No,No,4.2,0
23,Female,Never,0.0,0.0,No,None,No,No,Medium,No,No,No,No,No,No,No,0.0,0
28,Male,Former,1.0,14.0,No,None,No,No,Medium,No,No,No,No,No,No,No,0.7,0
85,Male,Former,12.0,29.0,No,None,No,Yes,Medium,No,No,No,No,No,No,No,17.4,1
37,Female,Never,0.0,0.0,Yes,High,No,Yes,Medium,Yes,No,No,No,No,No,No,0.0,1
74,Male,Never,0.0,0.0,No,None,No,Unknown,Low,No,No,No,No,No,Yes,No,0.0,0
68,Male,Never,0.0,0.0,No,High,No,No,Medium,Yes,No,No,No,No,No,No,0.0,1
28,Male,Former,18.0,5.0,No,Low,No,Yes,Medium,No,No,No,No,No,No,No,4.5,0
25,Male,Never,0.0,0.0,No,None,No,Unknown,High,No,No,No,No,No,No,No,0.0,0
60,Male,Never,0.0,0.0,No,Low,No,No,High,No,No,No,No,No,No,No,0.0,0
66,Female,Never,0.0,0.0,No,High,No,No,Low,No,No,No,No,No,Yes,No,0.0,0
21,Female,Current,30.0,1.0,Yes,None,No,No,Medium,No,No,Yes,No,No,No,Yes,1.5,0
40,Male,Former,1.0,24.0,No,Low,No,Unknown,Medium,No,No,No,No,No,No,No,1.2,0
22,Female,Former,3.0,12.0,No,None,No,No,Medium,No,No,No,No,Yes,Yes,No,1.8,0
57,Female,Current,1.0,26.0,No,None,No,Unknown,Low,No,No,No,No,No,No,No,1.3,0
38,Female,Current,20.0,18.0,No,High,No,No,Medium,No,No,No,No,No,No,Yes,18.0,0
81,Female,Former,28.0,12.0,No,None,No,Yes,Low,No,No,No,No,No,No,No,16.8,0
51,Male,Never,0.0,0.0,Yes,None,No,No,Medium,No,No,No,No,No,No,No,0.0,0
33,Male,Never,0.0,0.0,No,None,No,Yes,High,No,No,No,No,No,No,No,0.0,0
43,Female,Never,0.0,0.0,No,None,No,No,Medium,No,No,No,No,No,No,No,0.0,0
22,Male,Current,21.0,1.0,Yes,None,No,Unknown,Low,Yes,Yes,No,No,No,No,No,1.05,0
66,Female,Current,9.0,24.0,Yes,None,No,Unknown,Low,No,No,No,No,No,No,No,10.8,0
41,Male,Former,14.0,19.0,No,Low,No,No,High,No,No,No,No,No,No,No,13.3,0
46,Male,Current,13.0,14.0,No,None,No,Yes,Medium,No,No,No,No,No,No,No,9.1,0
40,Male,Never,0.0,0.0,No,None,No,Unknown,Low,Yes,No,No,No,No,No,No,0.0,0
51,Male,Current,3.0,27.0,No,Low,No,No,High,No,No,No,No,No,No,No,4.05,0
76,Female,Former,16.0,20.0,No,Low,No,No,Medium,No,Yes,No,No,No,No,No,16.0,0
48,Male,Never,0.0,0.0,No,None,No,No,Medium,No,No,No,No,No,No,No,0.0,0
67,Female,Never,0.0,0.0,No,None,No,Unknown,Low,No,No,No,Yes,No,Yes,No,0.0,0
77,Female,Former,25.0,44.0,No,None,No,No,Low,No,No,No,No,Yes,No,No,55.0,1
74,Male,Never,0.0,0.0,No,None,No,No,High,No,No,No,No,Yes,No,No,0.0,0
78,Female,Never,0.0,0.0,No,None,No,No,Low,No,No,No,No,No,No,No,0.0,0
20,Male,Never,0.0,0.0,No,None,No,No,Low,No,No,No,No,No,No,No,0.0,1
76,Male,Current,4.0,37.0,No,None,No,Unknown,Medium,No,No,No,No,No,Yes,No,7.4,0
69,Female,Never,0.0,0.0,No,None,No,Unknown,Medium,No,No,No,No,Yes,No,No,0.0,0
73,Female,Former,16.0,29.0,No,Low,No,No,High,No,No,No,No,No,No,No,23.2,1
27,Female,Never,0.0,0.0,No,None,No,No,Medium,No,No,No,No,No,No,No,0.0,0
63,Female,Never,0.0,0.0,No,High,No,Unknown,Medium,No,No,No,No,No,No,No,0.0,1
38,Male,Never,0.0,0.0,No,Low,No,No,Medium,No,No,No,No,No,No,No,0.0,0
55,Male,Current,1.0,9.0,No,None,No,No,Medium,No,No,No,No,No,No,No,0.45,0
54,Male,Current,36.0,22.0,No,High,Yes,No,Medium,No,No,No,No,No,Yes,No,39.6,1
27,Male,Current,2.0,1.0,No,None,No,No,Low,No,No,No,No,No,No,No,0.1,0
64,Female,Never,0.0,0.0,No,Low,No,No,Low,No,No,No,No,No,No,No,0.0,0
39,Male,Never,0.0,0.0,No,None,No,No,High,Yes,No,No,No,No,No,No,0.0,0
74,Female,Never,0.0,0.0,No,None,No,No,High,No,No,No,No,No,No,No,0.0,0
52,Male,Never,0.0,0.0,No,None,No,Yes,High,No,No,No,No,No,No,No,0.0,0
25,Male,Never,0.0,0.0,No,None,No,Unknown,Medium,No,Yes,No,No,No,No,No,0.0,0
51,Male,Never,0.0,0.0,No,Low,Yes,No,Medium,No,No,No,No,No,No,No,0.0,0
30,Female,Former,12.0,1.0,No,None,No,No,Medium,No,No,No,No,No,No,No,0.6,0
30,Male,Never,0.0,0.0,No,None,No,Unknown,High,No,No,No,No,No,No,No,0.0,0
38,Female,Former,13.0,9.0,No,None,No,No,Medium,No,No,No,No,No,No,No,5.85,0
48,Male,Never,0.0,0.0,No,Low,No,No,Medium,Yes,No,No,No,No,No,No,0.0,0
57,Male,Never,0.0,0.0,No,None,No,Unknown,Medium,No,No,No,No,No,No,No,0.0,0
78,Female,Current,16.0,28.0,No,None,No,Unknown,High,No,No,No,No,No,No,No,22.4,0
29,Male,Never,0.0,0.0,No,None,No,No,High,No,Yes,No,No,No,No,No,0.0,0
57,Male,Current,16.0,27.0,No,Low,No,Unknown,Medium,Yes,No,No,No,No,No,No,21.6,1
54,Male,Current,14.0,13.0,No,None,No,No,Low,Yes,No,No,No,Yes,No,No,9.1,0
64,Female,Never,0.0,0.0,No,None,No,No,Low,No,No,No,No,Yes,No,No,0.0,0
64,Female,Never,0.0,0.0,Yes,None,No,No,Low,No,No,No,No,Yes,No,Yes,0.0,0
84,Male,Never,0.0,0.0,No,Low,No,No,Medium,No,No,No,No,No,No,Yes,0.0,0
27,Male,Current,19.0,1.0,No,Low,No,Unknown,High,No,No,No,No,No,Yes,No,0.95,0
62,Male,Former,5.0,28.0,No,Low,No,No,Low,No,No,No,No,No,No,No,7.0,0
37,Male,Never,0.0,0.0,No,None,No,No,Medium,No,No,No,No,No,Yes,No,0.0,0
57,Other,Never,0.0,0.0,No,Low,No,Unknown,Medium,No,No,No,No,No,No,No,0.0,0
61,Male,Current,20.0,14.0,No,Low,No,No,Medium,No,No,No,No,No,No,No,14.0,0
43,Female,Never,0.0,0.0,No,None,No,No,Medium,No,No,No,No,No,No,No,0.0,0
65,Male,Never,0.0,0.0,No,None,No,No,High,No,No,No,No,No,No,No,0.0,0
44,Male,Former,17.0,29.0,No,None,No,No,Low,No,No,No,No,No,No,No,24.65,0
47,Female,Current,22.0,16.0,No,None,No,No,High,No,No,No,No,No,No,Yes,17.6,1
84,Other,Current,3.0,51.0,No,Low,No,No,Medium,Yes,No,No,No,No,Yes,No,7.65,0
64,Female,Current,15.0,17.0,No,High,No,No,Low,No,No,No,No,No,No,No,12.75,0
51,Female,Current,1.0,30.0,No,None,No,No,Low,Yes,No,No,No,No,No,No,1.5,0
35,Male,Former,12.0,15.0,No,None,No,Unknown,Medium,No,No,No,No,No,No,No,9.0,0
59,Male,Current,22.0,14.0,No,None,No,No,Medium,No,No,No,No,No,No,No,15.4,0
52,Male,Former,16.0,20.0,No,High,No,No,Medium,No,Yes,No,No,No,No,No,16.0,1
53,Male,Never,0.0,0.0,No,Low,No,Unknown,Medium,No,No,No,No,No,No,No,0.0,0
60,Male,Current,21.0,27.0,No,None,No,No,Low,No,No,No,No,No,No,No,28.35,0
18,Male,Never,0.0,0.0,No,Low,No,No,High,No,No,No,No,No,No,No,0.0,0
44,Male,Never,0.0,0.0,No,None,No,Unknown,Low,No,No,No,No,No,Yes,No,0.0,0
70,Female,Current,16.0,22.0,No,None,No,Yes,Medium,No,No,No,No,No,No,No,17.6,0
35,Male,Current,4.0,14.0,No,None,No,No,Low,No,No,No,No,Yes,No,No,2.8,0
68,Female,Never,0.0,0.0,No,High,No,No,Low,No,No,No,No,No,No,No,0.0,0
77,Female,Current,3.0,34.0,No,None,No,Yes,Medium,No,No,No,No,No,No,No,5.1,0
25,Female,Current,7.0,2.0,No,Low,No,No,High,No,No,No,No,No,No,No,0.7,0
33,Female,Current,11.0,21.0,No,None,No,No,Medium,No,Yes,No,No,No,No,No,11.55,0
47,Male,Never,0.0,0.0,No,None,No,No,High,No,No,No,No,No,No,No,0.0,0
56,Female,Current,5.0,22.0,No,None,No,No,Medium,No,Yes,No,No,No,No,No,5.5,0
67,Male,Never,0.0,0.0,No,None,No,No,Medium,Yes,No,No,No,No,Yes,No,0.0,0
83,Male,Former,17.0,27.0,No,Low,No,No,Medium,No,No,No,No,No,No,Yes,22.95,0
71,Female,Never,0.0,0.0,No,High,Yes,Yes,Low,No,No,No,No,No,No,No,0.0,0
79,Female,Current,20.0,24.0,No,None,No,Unknown,Medium,No,No,No,No,No,No,No,24.0,0
27,Female,Former,20.0,1.0,No,None,No,Yes,Low,No,No,No,No,No,No,No,1.0,0
35,Other,Never,0.0,0.0,Yes,Low,No,Unknown,Low,No,No,No,No,No,No,No,0.0,0
36,Male,Current,22.0,17.0,No,Low,No,No,Low,No,No,No,No,No,No,No,18.7,0
19,Female,Never,0.0,0.0,Yes,Low,No,No,Low,No,No,No,No,No,No,No,0.0,0
62,Female,Former,10.0,24.0,Yes,Low,No,Yes,Low,No,No,No,No,No,No,No,12.0,0
48,Female,Current,19.0,5.0,No,None,No,No,Low,No,No,No,No,No,No,No,4.75,0
84,Female,Never,0.0,0.0,No,Low,No,No,Medium,No,No,No,No,No,No,No,0.0,0
72,Male,Former,14.0,33.0,No,High,Yes,No,Medium,No,No,No,No,No,No,No,23.1,0
23,Female,Never,0.0,0.0,Yes,None,No,Unknown,Medium,No,No,No,No,Yes,No,No,0.0,0
60,Female,Current,12.0,1.0,No,None,No,No,High,No,No,No,No,No,No,No,0.6,0
41,Female,Current,15.0,1.0,No,None,No,No,Medium,No,No,No,No,No,No,No,0.75,0
56,Male,Former,8.0,10.0,No,High,No,No,Medium,No,No,No,No,No,No,No,4.0,0
18,Male,Never,0.0,0.0,No,None,No,Yes,Medium,No,No,No,No,No,No,No,0.0,0
81,Male,Never,0.0,0.0,No,Low,No,Unknown,Low,No,No,No,No,No,No,No,0.0,0
23,Male,Never,0.0,0.0,No,High,No,Unknown,Medium,No,No,No,No,No,No,No,0.0,0
63,Female,Former,21.0,27.0,No,Low,No,No,Medium,No,No,No,No,No,No,No,28.35,1
78,Male,Never,0.0,0.0,No,None,No,Yes,Medium,No,No,No,No,Yes,No,No,0.0,0
23,Male,Former,17.0,11.0,No,None,No,No,Medium,No,No,No,No,No,No,No,9.35,0
65,Female,Former,14.0,15.0,Yes,None,No,Yes,High,No,Yes,No,No,No,No,No,10.5,1
80,Male,Former,10.0,32.0,No,None,No,Unknown,High,Yes,No,No,No,No,No,No,16.0,1
47,Male,Never,0.0,0.0,No,None,No,No,Low,No,No,No,No,No,No,No,0.0,0
85,Female,Current,7.0,29.0,No,None,No,Unknown,Low,No,No,No,No,No,No,No,10.15,0
57,Male,Former,7.0,46.0,No,None,No,No,Medium,No,No,No,No,No,No,No,16.1,0
41,Female,Former,8.0,7.0,No,None,No,No,Medium,No,No,No,No,Yes,No,No,2.8,0
29,Male,Never,0.0,0.0,No,Low,No,No,Medium,No,No,No,Yes,No,No,No,0.0,0
76,Female,Never,0.0,0.0,No,None,No,No,Medium,Yes,No,No,No,No,No,No,0.0,0
68,Other,Current,15.0,16.0,No,None,No,Unknown,High,No,No,No,No,No,No,No,12.0,0
52,Male,Never,0.0,0.0,No,Low,No,Yes,Medium,No,No,No,No,No,No,No,0.0,0
67,Male,Current,8.0,31.0,No,None,No,No,Low,Yes,No,No,No,No,No,No,12.4,0
62,Male,Never,0.0,0.0,No,None,No,No,Medium,No,No,No,No,No,No,No,0.0,0
19,Female,Never,0.0,0.0,No,Low,No,Unknown,Low,No,Yes,Yes,No,No,No,No,0.0,0
29,Male,Former,18.0,1.0,No,Low,No,Yes,Low,No,No,No,No,No,No,No,0.9,0
20,Female,Current,15.0,1.0,No,Low,No,No,High,No,Yes,Yes,No,No,No,No,0.75,0
58,Female,Former,19.0,1.0,No,Low,Yes,No,Medium,No,No,No,No,No,No,No,0.95,0
36,Female,Never,0.0,0.0,No,None,No,No,Medium,No,No,No,No,No,No,No,0.0,0
20,Male,Former,20.0,13.0,No,None,No,No,Low,No,Yes,No,No,No,No,No,13.0,0
33,Male,Former,35.0,15.0,No,None,No,No,Medium,No,No,No,No,No,No,No,26.25,0
76,Male,Current,14.0,23.0,No,None,No,No,High,No,No,No,No,No,No,No,16.1,0
65,Female,Never,0.0,0.0,No,None,No,No,Medium,No,No,No,No,No,No,No,0.0,0
44,Male,Former,6.0,8.0,No,None,No,Yes,High,No,No,Yes,No,No,No,No,2.4,1
31,Female,Never,0.0,0.0,No,None,No,Unknown,Low,No,No,No,No,No,No,No,0.0,0
29,Female,Former,27.0,5.0,No,Low,No,No,Medium,No,No,No,No,No,No,No,6.75,0
52,Female,Never,0.0,0.0,No,None,No,Unknown,Medium,No,No,No,No,No,No,No,0.0,0
69,Male,Former,10.0,26.0,No,None,No,No,High,No,No,No,No,No,No,No,13.0,0
22,Female,Current,1.0,1.0,No,None,No,Unknown,Low,No,No,No,No,No,No,No,0.05,0
30,Male,Former,13.0,5.0,No,None,No,Unknown,Low,Yes,No,No,No,No,No,No,3.25,0
25,Female,Never,0.0,0.0,No,None,No,No,High,No,No,No,No,No,No,No,0.0,0
83,Female,Current,9.0,24.0,No,High,No,Unknown,Medium,No,No,No,No,No,No,No,10.8,0
19,Female,Former,19.0,3.0,No,None,No,No,Medium,No,No,No,No,No,Yes,No,2.85,0
68,Female,Current,22.0,26.0,No,None,No,Yes,Low,No,No,No,No,No,No,No,28.6,0
69,Male,Never,0.0,0.0,No,None,No,No,Medium,Yes,No,No,No,No,No,No,0.0,0
44,Female,Never,0.0,0.0,No,None,No,Yes,Low,No,No,No,No,No,No,No,0.0,0
21,Male,Never,0.0,0.0,No,High,Yes,No,Medium,No,No,No,No,No,No,No,0.0,0
62,Female,Former,17.0,12.0,Yes,None,No,Unknown,High,No,No,No,No,No,No,No,10.2,0
71,Male,Never,0.0,0.0,No,Low,No,No,Medium,Yes,No,No,No,No,No,No,0.0,0
58,Female,Former,23.0,10.0,No,None,No,Unknown,Medium,No,No,No,Yes,No,Yes,No,11.5,0
80,Male,Former,23.0,45.0,No,High,Yes,Unknown,Medium,No,No,No,No,Yes,No,No,51.75,1
59,Male,Never,0.0,0.0,No,None,No,No,Medium,Yes,No,No,No,Yes,No,No,0.0,0
18,Female,Never,0.0,0.0,No,None,No,No,High,No,No,No,No,No,No,No,0.0,0
23,Male,Former,7.0,20.0,No,Low,No,Yes,Medium,No,No,No,No,No,No,No,7.0,0
44,Male,Former,15.0,7.0,No,None,No,No,High,No,No,No,No,No,Yes,No,5.25,0
46,Male,Current,30.0,1.0,No,None,No,No,Medium,No,No,No,No,No,No,No,1.5,0
43,Male,Former,15.0,19.0,No,Low,No,No,Medium,No,No,No,No,Yes,No,No,14.25,0
38,Female,Current,31.0,2.0,No,None,No,Unknown,Low,No,No,No,No,No,No,No,3.1,0
65,Female,Former,20.0,29.0,No,None,No,No,High,No,No,No,No,No,No,No,29.0,1
75,Female,Former,32.0,25.0,No,Low,No,No,Low,No,No,No,No,No,No,No,40.0,1
40,Male,Former,20.0,2.0,No,None,No,Unknown,High,No,No,No,No,No,No,No,2.0,0
84,Male,Former,17.0,44.0,No,None,No,Unknown,Low,Yes,No,No,No,No,No,No,37.4,1
57,Male,Never,0.0,0.0,No,None,No,Unknown,High,No,No,No,No,No,No,No,0.0,0
68,Male,Never,0.0,0.0,No,None,No,Yes,Medium,No,No,No,No,No,No,No,0.0,0
26,Female,Current,21.0,2.0,No,None,No,Unknown,Medium,No,No,No,No,No,No,No,2.1,0
29,Female,Never,0.0,0.0,No,None,No,No,Medium,No,No,No,No,No,No,No,0.0,0
70,Male,Former,21.0,31.0,No,None,No,No,High,No,No,No,No,No,No,Yes,32.55,1
18,Female,Never,0.0,0.0,No,None,No,No,Medium,No,No,No,No,No,No,No,0.0,0
54,Female,Current,10.0,16.0,No,High,No,No,High,No,No,No,No,No,No,No,8.0,0
81,Female,Never,0.0,0.0,Yes,Low,No,No,Low,No,No,No,No,Yes,No,No,0.0,0
24,Female,Never,0.0,0.0,No,None,No,No,High,No,No,No,No,No,No,No,0.0,0
39,Male,Never,0.0,0.0,No,None,No,No,Medium,No,No,No,No,No,No,No,0.0,0
66,Male,Never,0.0,0.0,No,None,No,No,Low,No,No,No,No,No,Yes,No,0.0,0
65,Male,Never,0.0,0.0,Yes,None,No,No,Medium,No,No,No,No,No,Yes,No,0.0,0
32,Female,Former,19.0,1.0,Yes,None,No,Unknown,Low,No,Yes,No,No,No,No,No,0.95,0
20,Male,Former,19.0,3.0,No,None,No,No,Low,Yes,No,No,No,No,No,No,2.85,0
25,Female,Current,15.0,3.0,Yes,None,No,Yes,Medium,No,No,No,No,No,No,No,2.25,0
30,Female,Never,0.0,0.0,No,Low,No,Unknown,Medium,No,Yes,No,No,No,No,No,0.0,0
70,Male,Never,0.0,0.0,No,None,No,No,Low,No,No,No,No,No,No,Yes,0.0,0
56,Female,Never,0.0,0.0,No,None,No,Unknown,Low,Yes,No,No,No,No,No,No,0.0,0
55,Female,Never,0.0,0.0,No,None,No,No,Medium,No,Yes,No,No,No,No,No,0.0,0
39,Female,Never,0.0,0.0,No,None,No,Yes,High,No,No,No,No,No,No,No,0.0,0
69,Male,Current,13.0,36.0,No,Low,No,No,Low,No,No,No,No,No,No,No,23.4,0
79,Male,Former,20.0,11.0,Yes,Low,No,No,High,No,No,No,Yes,Yes,No,No,11.0,0
60,Male,Current,15.0,14.0,No,None,No,No,Low,No,No,No,No,No,No,No,10.5,0
49,Female,Former,13.0,22.0,No,None,No,No,Medium,No,No,No,No,No,No,No,14.3,0
28,Male,Never,0.0,0.0,No,Low,Yes,Unknown,Low,No,No,No,No,No,No,No,0.0,0
18,Male,Never,0.0,0.0,No,Low,Yes,No,Medium,No,No,No,No,Yes,No,No,0.0,0
45,Male,Current,14.0,3.0,No,None,No,Unknown,Low,No,No,No,No,No,Yes,No,2.1,0
32,Male,Never,0.0,0.0,No,None,No,No,Medium,No,No,No,No,No,No,No,0.0,0
47,Female,Never,0.0,0.0,No,None,No,Yes,Medium,No,No,No,No,No,No,No,0.0,0
19,Male,Former,11.0,11.0,No,None,No,Unknown,Low,No,No,No,No,No,No,No,6.05,0
48,Other,Former,10.0,4.0,Yes,High,No,Unknown,High,No,No,No,No,No,No,No,2.0,0
72,Female,Never,0.0,0.0,No,None,No,No,Medium,No,No,No,No,No,No,No,0.0,0
72,Male,Current,15.0,31.0,Yes,None,No,Unknown,High,No,Yes,No,No,No,No,No,23.25,1
30,Male,Former,26.0,6.0,No,None,No,Unknown,High,No,No,No,No,No,No,No,7.8,0
73,Male,Never,0.0,0.0,No,None,No,No,Medium,No,No,No,No,No,No,No,0.0,0
31,Female,Never,0.0,0.0,No,None,No,Unknown,Low,No,No,No,No,No,No,No,0.0,0
46,Female,Former,13.0,37.0,No,None,No,Unknown,Medium,No,No,No,No,No,No,No,24.05,0
32,Female,Former,10.0,14.0,No,None,No,No,Medium,No,No,No,No,No,No,No,7.0,0
29,Female,Former,8.0,1.0,No,High,No,No,High,No,Yes,No,No,No,No,No,0.4,0
63,Female,Former,16.0,45.0,No,Low,No,Unknown,Low,No,No,No,No,Yes,Yes,No,36.0,1
24,Male,Never,0.0,0.0,No,None,No,No,Low,No,No,No,No,No,No,No,0.0,0
32,Male,Current,19.0,15.0,No,None,No,Unknown,High,No,No,No,No,No,No,No,14.25,0
70,Male,Never,0.0,0.0,No,Low,Yes,Yes,Low,No,Yes,No,No,No,No,No,0.0,0
77,Female,Never,0.0,0.0,No,None,No,Unknown,Low,No,No,No,No,No,No,No,0.0,0
56,Male,Never,0.0,0.0,No,None,No,No,High,No,Yes,Yes,No,No,No,No,0.0,0
82,Female,Current,10.0,20.0,No,Low,No,No,High,No,No,No,No,No,No,No,10.0,1
80,Male,Former,13.0,14.0,No,None,No,No,Medium,Yes,No,No,No,No,No,Yes,9.1,0
47,Male,Former,13.0,18.0,No,None,No,Unknown,Medium,Yes,No,No,No,No,No,No,11.7,0
27,Female,Current,9.0,1.0,No,High,No,No,Medium,No,No,No,No,No,No,No,0.45,0
64,Male,Current,13.0,17.0,No,Low,No,No,High,No,No,No,No,No,No,No,11.05,0
32,Female,Former,3.0,12.0,No,None,No,Unknown,Low,No,No,No,No,No,No,No,1.8,0
65,Male,Never,0.0,0.0,No,None,No,Yes,Low,No,No,No,No,No,No,No,0.0,0
46,Female,Former,26.0,8.0,No,None,No,No,Low,No,No,No,No,No,No,No,10.4,0
34,Female,Current,1.0,1.0,No,None,No,No,Low,No,No,No,No,No,No,No,0.05,0
78,Female,Current,16.0,14.0,No,None,No,No,Low,No,No,No,No,No,No,No,11.2,0
83,Female,Former,8.0,25.0,No,None,No,No,Low,No,No,No,No,Yes,No,No,10.0,0
32,Male,Never,0.0,0.0,No,High,No,Unknown,High,No,No,No,No,No,No,No,0.0,0
48,Female,Current,5.0,35.0,No,None,No,No,Low,No,No,No,No,No,No,No,8.75,0
22,Female,Never,0.0,0.0,No,None,No,No,Medium,No,No,No,No,No,No,No,0.0,0
76,Female,Never,0.0,0.0,No,None,No,Unknown,Medium,No,No,No,No,No,No,No,0.0,0
52,Female,Current,5.0,12.0,No,None,No,No,Medium,No,No,No,No,No,No,No,3.0,0
81,Female,Never,0.0,0.0,No,None,No,Yes,Medium,No,No,No,No,No,No,No,0.0,0
81,Female,Current,5.0,35.0,No,None,No,Unknown,Low,Yes,No,No,No,No,No,No,8.75,0
33,Female,Never,0.0,0.0,No,None,No,No,Medium,No,No,No,No,No,No,No,0.0,0
81,Male,Never,0.0,0.0,No,None,No,No,Medium,No,No,No,No,No,No,No,0.0,0
63,Female,Current,8.0,29.0,No,Low,No,No,High,No,No,No,No,Yes,No,No,11.6,1
76,Female,Never,0.0,0.0,Yes,None,No,Unknown,Low,No,No,No,No,No,Yes,No,0.0,0
78,Male,Never,0.0,0.0,No,None,No,Yes,High,No,No,No,No,No,No,No,0.0,0
35,Male,Former,14.0,15.0,No,None,No,Unknown,High,No,No,No,No,No,No,No,10.5,0
37,Male,Current,13.0,14.0,No,None,No,No,Medium,No,No,No,No,No,Yes,No,9.1,0
79,Female,Former,7.0,34.0,Yes,None,No,Unknown,Medium,No,No,No,No,No,No,No,11.9,0
29,Female,Current,10.0,1.0,No,None,No,Yes,Medium,No,No,No,No,Yes,No,No,0.5,0
50,Female,Former,10.0,26.0,No,None,No,No,Low,No,Yes,No,No,No,No,No,13.0,0
47,Female,Former,8.0,1.0,No,Low,Yes,No,Medium,No,No,No,No,No,No,Yes,0.4,0
45,Male,Former,9.0,9.0,No,None,No,Unknown,Medium,No,No,No,No,No,No,No,4.05,0
24,Male,Former,6.0,13.0,No,None,No,Yes,Low,No,No,No,No,No,No,No,3.9,0
43,Other,Never,0.0,0.0,Yes,None,No,No,Low,No,No,No,Yes,No,No,No,0.0,1
79,Female,Current,9.0,29.0,No,None,No,Yes,High,No,No,No,No,No,No,No,13.05,0
23,Female,Current,2.0,1.0,No,None,No,No,Low,No,No,No,No,No,No,No,0.1,0
63,Female,Never,0.0,0.0,No,Low,No,No,High,No,No,No,No,No,No,No,0.0,0
24,Male,Former,22.0,9.0,No,None,No,No,High,No,No,No,No,No,No,No,9.9,0
41,Female,Never,0.0,0.0,No,None,No,Unknown,Medium,No,No,No,No,No,No,No,0.0,0
39,Female,Current,19.0,1.0,No,High,No,Unknown,Low,No,No,No,No,No,No,No,0.95,0
53,Male,Never,0.0,0.0,Yes,None,No,No,Medium,Yes,No,No,No,No,No,No,0.0,0
45,Male,Never,0.0,0.0,No,None,No,No,Low,No,No,No,No,No,No,No,0.0,0
67,Female,Current,15.0,20.0,No,Low,Yes,Unknown,Medium,No,No,No,No,No,Yes,No,15.0,1
79,Male,Never,0.0,0.0,No,Low,No,No,Low,No,No,No,No,No,No,No,0.0,0
53,Male,Current,3.0,7.0,No,None,No,Unknown,Medium,No,No,No,Yes,No,No,No,1.05,0
30,Male,Never,0.0,0.0,No,None,No,Unknown,Medium,No,No,No,No,No,No,No,0.0,0
77,Female,Never,0.0,0.0,No,None,No,Yes,Medium,No,No,No,No,Yes,No,No,0.0,0
42,Male,Former,12.0,1.0,No,None,No,No,Low,No,No,No,No,No,No,No,0.6,0
54,Male,Current,29.0,8.0,No,Low,No,Unknown,Low,No,No,No,No,No,Yes,No,11.6,0
63,Female,Former,12.0,18.0,No,None,No,No,High,No,No,No,No,No,No,No,10.8,0
43,Male,Never,0.0,0.0,No,None,No,No,Medium,No,No,No,No,No,No,No,0.0,0
23,Male,Former,25.0,11.0,No,None,No,Unknown,High,No,No,No,No,No,No,No,13.75,0
27,Male,Never,0.0,0.0,Yes,Low,No,No,Medium,No,No,No,No,No,No,No,0.0,0
36,Male,Current,9.0,1.0,No,None,No,No,Medium,No,No,No,No,No,No,No,0.45,0
23,Male,Current,4.0,1.0,No,None,No,No,Low,Yes,No,No,No,No,Yes,No,0.2,0
47,Female,Former,32.0,25.0,No,Low,No,No,Medium,No,No,No,No,No,No,No,40.0,1
39,Female,Current,25.0,15.0,No,None,No,Unknown,Medium,Yes,No,No,No,Yes,No,No,18.75,0
28,Female,Never,0.0,0.0,No,None,No,No,High,No,No,No,No,No,No,No,0.0,1
82,Other,Never,0.0,0.0,No,None,No,No,High,No,No,No,No,No,No,No,0.0,0
27,Female,Never,0.0,0.0,No,None,No,No,Medium,No,No,No,No,No,No,No,0.0,0
80,Male,Former,4.0,11.0,No,None,No,No,Medium,No,No,No,No,No,No,No,2.2,0
58,Male,Never,0.0,0.0,Yes,None,No,Yes,Low,Yes,No,No,No,No,Yes,No,0.0,0
52,Male,Former,27.0,7.0,No,Low,No,No,Low,Yes,Yes,No,No,No,No,No,9.45,1
75,Male,Never,0.0,0.0,Yes,None,No,No,Low,No,No,No,No,No,No,No,0.0,0
66,Male,Never,0.0,0.0,No,None,No,No,High,No,No,No,No,No,No,No,0.0,0
64,Male,Never,0.0,0.0,No,None,No,No,Medium,No,No,No,No,No,No,No,0.0,0
31,Female,Never,0.0,0.0,No,Low,No,Yes,Medium,No,No,No,No,No,No,No,0.0,0
30,Female,Former,2.0,1.0,Yes,None,No,No,Low,No,No,No,No,No,No,No,0.1,0
44,Female,Never,0.0,0.0,Yes,High,Yes,Yes,Low,No,No,No,No,No,No,No,0.0,0
30,Female,Former,10.0,1.0,No,None,No,No,High,No,No,No,No,No,No,No,0.5,0
60,Female,Never,0.0,0.0,No,None,No,No,Medium,No,No,No,No,No,No,No,0.0,0
20,Female,Current,14.0,1.0,No,Low,No,Unknown,Medium,No,No,No,No,No,No,No,0.7,0
48,Female,Never,0.0,0.0,No,High,No,Unknown,Medium,No,No,No,No,No,No,Yes,0.0,0
55,Male,Current,1.0,20.0,No,High,No,No,Low,No,No,No,No,No,No,No,1.0,0
78,Male,Current,11.0,47.0,No,None,No,Yes,Medium,No,No,No,No,No,No,No,25.85,1
62,Male,Never,0.0,0.0,No,None,No,Unknown,Low,No,No,No,Yes,No,No,No,0.0,0
21,Other,Current,1.0,1.0,Yes,None,No,Unknown,High,No,No,No,No,Yes,No,No,0.05,0
38,Female,Current,10.0,16.0,No,Low,No,No,Medium,No,No,No,No,No,No,No,8.0,0
21,Male,Former,1.0,8.0,No,Low,No,Unknown,Low,No,Yes,No,No,No,No,No,0.4,0
56,Male,Current,21.0,11.0,No,None,Yes,No,High,No,No,No,No,Yes,No,No,11.55,1
60,Female,Never,0.0,0.0,No,None,No,No,Low,No,No,No,No,No,No,No,0.0,0
70,Male,Current,9.0,46.0,No,None,No,No,Low,No,No,No,No,No,Yes,No,20.7,0
74,Female,Never,0.0,0.0,No,None,No,No,High,No,No,No,No,Yes,No,No,0.0,0
25,Male,Current,14.0,17.0,No,None,No,No,Medium,No,No,No,No,No,No,No,11.9,0
20,Female,Never,0.0,0.0,Yes,None,No,No,Medium,Yes,No,No,No,No,No,No,0.0,0
69,Male,Never,0.0,0.0,No,High,No,No,Medium,No,No,No,No,No,No,No,0.0,0
38,Male,Never,0.0,0.0,No,None,No,No,Medium,No,No,No,No,Yes,No,No,0.0,0
85,Female,Never,0.0,0.0,No,High,No,No,High,No,No,No,No,No,No,No,0.0,0
48,Male,Never,0.0,0.0,Yes,None,No,Unknown,Low,No,No,No,No,No,No,No,0.0,0
50,Male,Never,0.0,0.0,Yes,None,No,No,Low,No,No,No,No,No,Yes,No,0.0,0
61,Female,Never,0.0,0.0,No,High,Yes,No,Low,No,Yes,No,No,No,No,No,0.0,0
28,Male,Former,26.0,9.0,No,None,No,No,High,No,No,No,No,No,No,No,11.7,0
20,Male,Former,18.0,8.0,No,Low,No,No,Medium,Yes,No,No,No,No,No,No,7.2,0
29,Male,Never,0.0,0.0,No,None,No,No,Low,No,No,No,No,No,Yes,No,0.0,0
18,Other,Never,0.0,0.0,No,None,No,No,High,No,No,No,No,No,No,No,0.0,0
23,Female,Current,17.0,10.0,No,Low,No,Yes,Medium,No,No,No,No,No,No,No,8.5,0
45,Female,Never,0.0,0.0,No,None,No,No,Medium,No,No,No,No,No,No,No,0.0,0
45,Female,Current,9.0,14.0,No,Low,No,No,High,No,No,No,No,No,Yes,No,6.3,0
21,Male,Former,11.0,1.0,No,None,No,No,Medium,No,No,No,No,No,No,Yes,0.55,0
62,Male,Former,9.0,33.0,No,Low,No,No,High,No,No,No,No,No,No,No,14.85,0
28,Male,Never,0.0,0.0,Yes,None,No,No,High,No,No,No,No,Yes,No,No,0.0,0
49,Male,Current,3.0,13.0,No,None,No,No,Low,No,No,No,No,No,No,No,1.95,0
18,Male,Former,4.0,1.0,No,None,No,No,High,No,No,Yes,No,No,No,No,0.2,0
75,Male,Former,8.0,22.0,No,Low,Yes,Yes,Medium,Yes,No,No,No,No,No,No,8.8,0
77,Female,Current,2.0,20.0,Yes,Low,No,No,High,Yes,No,No,No,No,No,No,2.0,0
46,Male,Former,11.0,10.0,Yes,None,No,No,Low,No,No,Yes,No,No,No,No,5.5,0
47,Female,Former,1.0,16.0,Yes,None,No,No,Medium,No,No,No,No,No,No,No,0.8,0
60,Female,Never,0.0,0.0,Yes,None,No,No,High,No,No,No,No,No,No,No,0.0,0
22,Female,Current,24.0,1.0,No,None,No,Unknown,High,No,No,No,No,Yes,No,No,1.2,0
61,Male,Never,0.0,0.0,Yes,None,No,No,Medium,No,No,No,No,No,No,No,0.0,0
45,Male,Never,0.0,0.0,No,None,No,No,Low,No,No,Yes,No,No,No,No,0.0,0
72,Male,Current,17.0,32.0,No,Low,No,No,Low,No,No,No,No,No,No,No,27.2,0
59,Female,Current,22.0,18.0,Yes,None,No,No,Medium,No,No,No,No,No,Yes,No,19.8,0
73,Female,Current,2.0,29.0,No,Low,No,No,Medium,No,No,No,No,Yes,No,No,2.9,0
79,Male,Current,1.0,29.0,Yes,None,No,Unknown,Medium,Yes,No,No,No,No,No,No,1.45,0
58,Female,Never,0.0,0.0,No,None,No,Unknown,Low,Yes,No,No,No,Yes,Yes,No,0.0,0
53,Male,Former,7.0,23.0,No,None,No,Unknown,Low,No,No,No,No,No,No,No,8.05,0
34,Male,Never,0.0,0.0,No,None,No,Yes,Medium,Yes,No,Yes,No,No,No,No,0.0,0
33,Male,Never,0.0,0.0,Yes,None,No,Unknown,Low,No,No,No,No,No,No,No,0.0,0
61,Female,Never,0.0,0.0,No,None,No,No,Low,No,No,No,No,No,No,No,0.0,0
27,Male,Never,0.0,0.0,No,None,No,No,Medium,No,No,No,No,No,No,No,0.0,0
21,Female,Never,0.0,0.0,Yes,None,Yes,Unknown,High,No,Yes,No,No,No,No,No,0.0,0
52,Female,Never,0.0,0.0,No,None,No,No,Low,No,No,No,No,No,No,No,0.0,0
43,Male,Never,0.0,0.0,Yes,Low,No,Unknown,Medium,No,No,No,No,No,No,No,0.0,0
21,Male,Never,0.0,0.0,Yes,Low,No,No,Medium,No,No,No,No,No,No,No,0.0,0
74,Male,Current,4.0,25.0,No,None,No,No,Medium,No,Yes,No,No,No,No,No,5.0,0
77,Female,Never,0.0,0.0,No,Low,No,No,Medium,No,No,No,No,No,No,No,0.0,0
52,Male,Former,21.0,32.0,No,None,No,No,Medium,No,No,No,No,No,No,No,33.6,1
68,Male,Current,5.0,20.0,No,None,No,No,Medium,No,No,No,No,No,No,No,5.0,0
55,Female,Never,0.0,0.0,No,None,No,Yes,Medium,No,No,No,No,No,No,No,0.0,0
70,Male,Never,0.0,0.0,No,Low,No,No,High,No,No,No,No,No,No,No,0.0,0
39,Female,Never,0.0,0.0,No,Low,No,No,Medium,No,No,No,No,No,No,No,0.0,0
56,Male,Never,0.0,0.0,Yes,Low,No,No,High,Yes,No,No,No,No,No,No,0.0,0
33,Female,Former,7.0,11.0,No,None,No,Unknown,High,No,No,No,No,Yes,No,No,3.85,0
27,Female,Never,0.0,0.0,Yes,None,No,No,Medium,No,No,No,No,No,Yes,No,0.0,0
61,Male,Former,13.0,20.0,No,Low,No,No,Low,No,No,No,Yes,No,Yes,No,13.0,0
43,Male,Former,30.0,21.0,No,None,No,Yes,Low,No,No,Yes,No,No,No,No,31.5,0
45,Male,Never,0.0,0.0,No,None,No,No,Medium,No,No,No,No,No,No,Yes,0.0,0
85,Female,Current,4.0,17.0,No,None,No,No,Low,No,No,No,No,No,No,No,3.4,0
43,Male,Never,0.0,0.0,No,Low,No,No,Medium,No,No,No,No,No,No,No,0.0,0
70,Female,Never,0.0,0.0,No,None,No,Yes,High,Yes,No,Yes,No,No,No,No,0.0,0
55,Female,Never,0.0,0.0,Yes,None,Yes,Yes,Low,No,No,No,No,No,No,No,0.0,0
66,Female,Never,0.0,0.0,No,Low,No,Unknown,Low,No,No,Yes,No,No,No,No,0.0,0
36,Male,Current,3.0,4.0,No,Low,No,No,Medium,No,No,No,No,Yes,No,No,0.6,0
43,Female,Never,0.0,0.0,No,None,No,Yes,High,Yes,No,No,No,No,No,No,0.0,0
46,Female,Never,0.0,0.0,No,None,No,Unknown,Medium,Yes,Yes,No,No,No,No,Yes,0.0,0
47,Female,Never,0.0,0.0,No,None,No,No,High,No,No,No,No,No,No,No,0.0,0
20,Female,Never,0.0,0.0,No,None,No,No,High,No,No,No,No,No,No,No,0.0,0
74,Female,Former,7.0,10.0,No,None,No,No,High,No,No,No,No,Yes,No,No,3.5,0
77,Male,Never,0.0,0.0,Yes,None,No,No,Medium,No,No,No,No,No,No,No,0.0,0
67,Male,Current,29.0,13.0,No,Low,No,No,Medium,No,No,No,No,No,Yes,No,18.85,0
80,Female,Never,0.0,0.0,Yes,None,No,No,Medium,No,No,No,No,Yes,No,No,0.0,0
49,Female,Never,0.0,0.0,No,None,No,No,Low,No,No,No,Yes,No,No,No,0.0,0
70,Male,Never,0.0,0.0,No,None,No,Yes,Medium,No,Yes,No,No,No,No,No,0.0,0
40,Male,Never,0.0,0.0,No,Low,No,No,High,No,No,No,No,No,Yes,Yes,0.0,1
39,Male,Never,0.0,0.0,Yes,Low,No,No,Medium,Yes,No,No,No,No,No,No,0.0,1
71,Other,Former,10.0,6.0,No,Low,No,No,Medium,No,No,No,No,No,No,No,3.0,0
54,Female,Current,8.0,5.0,No,None,No,No,Medium,Yes,No,No,No,Yes,No,No,2.0,0
38,Male,Former,12.0,11.0,No,None,No,Unknown,High,No,No,No,No,No,No,No,6.6,0
18,Male,Never,0.0,0.0,Yes,Low,No,Unknown,Low,No,No,No,No,No,No,No,0.0,0
73,Male,Never,0.0,0.0,No,None,No,No,Low,No,No,No,No,No,No,No,0.0,0
39,Female,Current,13.0,14.0,No,None,No,No,Low,No,No,Yes,No,Yes,No,No,9.1,0
25,Male,Never,0.0,0.0,Yes,High,No,No,High,Yes,No,No,No,No,No,No,0.0,1
23,Female,Former,4.0,1.0,No,None,No,No,High,No,No,No,No,No,No,No,0.2,0
61,Male,Former,25.0,28.0,No,Low,No,No,Medium,No,No,No,No,No,No,No,35.0,0
55,Female,Former,1.0,13.0,No,None,No,No,Low,No,No,No,No,No,No,No,0.65,0
81,Female,Current,17.0,41.0,No,None,No,Unknown,High,No,No,Yes,No,No,No,No,34.85,1
27,Male,Current,22.0,1.0,No,None,No,Yes,Low,No,No,Yes,No,No,No,No,1.1,0
43,Female,Former,17.0,20.0,No,None,No,No,Low,No,No,No,No,No,No,No,17.0,0
31,Male,Current,1.0,9.0,No,None,No,Unknown,Medium,No,No,No,No,No,No,No,0.45,0
56,Female,Never,0.0,0.0,No,None,No,No,Medium,No,No,No,No,No,No,Yes,0.0,0
24,Male,Current,15.0,1.0,No,None,No,No,Medium,No,No,Yes,No,No,No,No,0.75,0
57,Female,Never,0.0,0.0,Yes,None,No,Unknown,High,No,Yes,No,Yes,No,No,No,0.0,0
62,Male,Never,0.0,0.0,Yes,Low,No,No,Low,No,No,No,No,No,No,No,0.0,0
29,Female,Never,0.0,0.0,No,Low,No,No,Medium,No,No,No,No,No,No,No,0.0,0
29,Female,Current,12.0,1.0,Yes,None,No,No,High,No,No,No,No,No,No,No,0.6,0
43,Male,Never,0.0,0.0,No,None,No,No,High,No,No,No,No,No,No,No,0.0,0
27,Male,Never,0.0,0.0,No,None,No,No,High,No,Yes,No,No,No,No,No,0.0,0
21,Female,Never,0.0,0.0,No,Low,No,Unknown,High,No,No,No,No,Yes,No,No,0.0,0
68,Male,Current,1.0,23.0,Yes,None,No,Yes,Low,No,No,No,No,No,No,No,1.15,0
47,Male,Never,0.0,0.0,Yes,None,No,No,Medium,No,No,No,No,No,No,No,0.0,0
72,Female,Never,0.0,0.0,No,None,No,No,Medium,No,No,No,No,No,No,No,0.0,0
39,Male,Current,9.0,5.0,No,Low,No,Unknown,Medium,No,No,No,No,No,No,No,2.25,0
37,Female,Never,0.0,0.0,No,None,No,No,Medium,No,No,No,No,Yes,No,No,0.0,0
65,Female,Former,1.0,26.0,No,None,No,Unknown,Low,Yes,No,No,No,No,No,No,1.3,0
63,Male,Current,8.0,28.0,No,None,No,Unknown,Low,No,No,No,No,Yes,No,No,11.2,0
59,Male,Never,0.0,0.0,Yes,Low,No,No,Medium,No,No,No,No,No,No,No,0.0,0
62,Male,Current,15.0,43.0,No,None,No,Unknown,Medium,No,No,No,No,No,No,No,32.25,0
84,Female,Current,16.0,30.0,No,High,Yes,No,Low,No,No,No,No,No,No,No,24.0,1
31,Female,Never,0.0,0.0,No,High,No,Unknown,Medium,No,No,No,No,No,No,No,0.0,0
43,Male,Former,2.0,23.0,No,None,No,Unknown,High,No,No,No,No,No,No,No,2.3,0
45,Male,Former,16.0,24.0,No,None,No,Yes,Low,Yes,No,No,No,Yes,No,No,19.2,1
58,Male,Never,0.0,0.0,No,None,No,No,Medium,No,No,No,No,No,No,No,0.0,0
25,Female,Never,0.0,0.0,No,None,No,No,Medium,No,No,No,No,No,No,Yes,0.0,1
54,Male,Current,12.0,31.0,No,None,No,Yes,Medium,No,No,No,No,No,No,No,18.6,0
38,Female,Former,17.0,9.0,No,Low,No,Unknown,Medium,No,No,No,No,No,No,No,7.65,0
42,Female,Never,0.0,0.0,No,Low,No,No,Medium,No,No,No,No,No,No,No,0.0,0
18,Male,Former,15.0,1.0,Yes,None,No,Unknown,Medium,No,No,No,No,No,No,No,0.75,0
24,Female,Former,14.0,4.0,No,None,No,No,Medium,No,Yes,No,No,No,No,No,2.8,0
42,Male,Never,0.0,0.0,No,None,No,No,Medium,No,No,No,No,No,Yes,No,0.0,0
69,Female,Never,0.0,0.0,No,Low,No,Unknown,Medium,No,No,No,No,No,No,No,0.0,0
43,Male,Never,0.0,0.0,No,None,No,Unknown,Medium,No,No,No,No,No,No,No,0.0,0
29,Male,Former,14.0,1.0,Yes,None,No,Unknown,Medium,No,No,Yes,No,No,No,No,0.7,0
72,Male,Former,7.0,34.0,No,None,No,Unknown,Low,No,No,No,No,No,No,No,11.9,0
58,Other,Current,16.0,25.0,No,Low,No,Unknown,Medium,No,No,No,No,Yes,No,No,20.0,0
81,Female,Current,15.0,30.0,Yes,Low,No,Yes,Medium,No,No,No,No,No,No,No,22.5,0
70,Female,Former,13.0,36.0,No,Low,No,No,High,No,No,No,No,No,No,No,23.4,1
21,Male,Never,0.0,0.0,No,None,No,Yes,Medium,Yes,No,No,No,No,No,No,0.0,0
57,Female,Current,8.0,28.0,No,None,No,Yes,Low,No,No,No,No,No,No,Yes,11.2,0
41,Male,Current,10.0,10.0,No,Low,No,No,High,No,No,No,No,No,No,No,5.0,0
78,Male,Never,0.0,0.0,No,None,No,No,High,No,No,No,No,No,No,No,0.0,0
60,Female,Former,13.0,42.0,No,None,No,No,Medium,No,No,No,No,No,No,No,27.3,1
33,Male,Current,18.0,1.0,No,None,No,No,Medium,No,Yes,No,No,No,No,No,0.9,0
30,Male,Current,18.0,1.0,No,None,No,No,Medium,No,No,No,No,No,No,No,0.9,0
47,Other,Current,13.0,6.0,No,None,No,No,Low,No,No,No,No,No,No,No,3.9,0
18,Female,Never,0.0,0.0,No,None,No,No,Medium,No,No,No,No,No,No,No,0.0,0
27,Female,Never,0.0,0.0,No,None,No,No,Low,No,No,No,No,No,No,No,0.0,0
45,Male,Never,0.0,0.0,No,None,No,No,Low,No,No,No,No,No,No,No,0.0,0
64,Female,Never,0.0,0.0,No,Low,No,No,Medium,No,No,No,No,No,No,No,0.0,0
28,Female,Former,3.0,7.0,No,None,No,Yes,Low,No,No,No,No,No,No,No,1.05,0
28,Female,Former,18.0,26.0,No,None,Yes,No,Medium,No,No,No,No,No,No,No,23.4,0
37,Female,Never,0.0,0.0,No,Low,Yes,No,Medium,No,No,No,No,No,No,No,0.0,0
22,Female,Current,11.0,6.0,No,None,No,Unknown,Low,No,No,No,No,No,No,No,3.3,0
57,Male,Never,0.0,0.0,No,None,No,No,Low,No,No,No,No,No,Yes,No,0.0,0
74,Male,Never,0.0,0.0,No,None,No,Unknown,Medium,No,No,No,No,No,No,No,0.0,0
31,Female,Current,10.0,1.0,No,None,No,No,Low,No,No,No,No,Yes,No,No,0.5,0
62,Female,Current,3.0,7.0,No,Low,No,No,Medium,No,No,No,No,No,No,No,1.05,0
83,Female,Former,17.0,16.0,No,Low,No,No,High,No,No,No,No,No,No,No,13.6,1
69,Male,Never,0.0,0.0,No,Low,No,No,Medium,No,No,No,No,No,No,No,0.0,0
75,Male,Former,19.0,41.0,No,None,No,Unknown,Low,No,No,No,No,Yes,No,No,38.95,0
44,Male,Current,21.0,2.0,No,Low,No,Unknown,Low,No,No,No,No,Yes,No,No,2.1,0
50,Female,Current,1.0,1.0,No,None,No,No,High,No,No,No,No,No,No,No,0.05,0
67,Female,Former,32.0,20.0,No,High,Yes,No,Medium,No,No,No,No,No,No,No,32.0,1
82,Male,Current,12.0,43.0,Yes,Low,No,No,Medium,No,No,No,No,No,No,No,25.8,0
47,Male,Never,0.0,0.0,No,None,No,No,Medium,No,No,No,Yes,No,No,No,0.0,0
76,Male,Never,0.0,0.0,No,Low,No,Unknown,High,No,Yes,No,No,No,No,No,0.0,0
74,Male,Current,6.0,12.0,No,None,No,Unknown,Medium,No,No,No,Yes,No,No,No,3.6,0
49,Female,Current,13.0,20.0,No,None,No,No,Low,No,No,No,No,No,No,No,13.0,0
38,Male,Never,0.0,0.0,No,None,No,Unknown,Medium,No,No,No,No,No,No,No,0.0,0
55,Other,Never,0.0,0.0,No,None,No,Yes,High,No,No,No,No,Yes,No,No,0.0,0
53,Male,Former,13.0,11.0,No,None,No,Unknown,High,No,No,No,No,No,No,No,7.15,0
28,Female,Never,0.0,0.0,No,None,No,Unknown,Medium,No,No,No,No,No,No,No,0.0,0
37,Female,Never,0.0,0.0,No,None,No,No,Medium,No,No,No,No,No,No,No,0.0,0
58,Female,Current,12.0,6.0,No,None,No,No,Low,No,No,No,No,Yes,No,No,3.6,0
25,Male,Current,13.0,1.0,No,None,No,No,Low,No,No,No,No,No,No,No,0.65,0
59,Female,Never,0.0,0.0,No,High,Yes,No,High,No,No,No,No,No,No,No,0.0,0
18,Male,Never,0.0,0.0,No,High,No,No,Medium,No,No,No,No,No,No,No,0.0,0
58,Female,Current,13.0,14.0,No,None,No,No,High,No,No,No,No,No,No,No,9.1,0
37,Male,Former,16.0,7.0,No,None,No,No,Medium,No,No,No,No,No,No,No,5.6,0
64,Male,Never,0.0,0.0,No,None,No,No,Medium,No,No,No,No,No,No,No,0.0,0
53,Female,Never,0.0,0.0,No,None,No,No,Low,No,No,No,No,No,Yes,No,0.0,0
70,Female,Never,0.0,0.0,No,Low,Yes,No,Medium,No,No,No,No,No,No,No,0.0,0
57,Female,Current,13.0,30.0,No,None,No,No,Low,No,No,No,No,No,No,No,19.5,0
32,Male,Current,7.0,1.0,Yes,None,No,No,Low,No,Yes,No,No,No,No,No,0.35,0
75,Female,Former,1.0,32.0,No,None,No,Unknown,High,No,No,No,No,No,No,No,1.6,0
21,Female,Never,0.0,0.0,Yes,None,No,Unknown,Medium,No,No,No,No,No,No,No,0.0,0
44,Male,Former,4.0,10.0,No,Low,No,Unknown,Low,No,No,No,No,No,No,No,2.0,0
80,Female,Current,4.0,19.0,No,None,No,No,Low,No,Yes,No,No,No,Yes,No,3.8,0
73,Male,Current,20.0,29.0,No,None,No,Unknown,Low,No,No,No,No,No,No,No,29.0,0
64,Male,Current,16.0,7.0,No,None,No,Unknown,Medium,No,No,No,No,No,No,No,5.6,0
42,Male,Current,10.0,18.0,No,Low,No,No,Medium,No,Yes,No,No,No,No,No,9.0,0
62,Female,Never,0.0,0.0,No,None,No,No,Medium,No,No,No,No,No,Yes,No,0.0,0
76,Male,Current,10.0,34.0,No,None,No,No,Medium,No,No,No,No,No,No,No,17.0,0
39,Male,Current,31.0,1.0,No,None,No,No,Low,No,No,Yes,No,No,No,No,1.55,0
19,Male,Current,11.0,15.0,Yes,None,No,Yes,Medium,No,No,No,No,Yes,No,No,8.25,0
66,Male,Current,2.0,34.0,No,Low,No,No,Low,No,No,No,No,No,No,No,3.4,1
48,Male,Former,15.0,11.0,Yes,None,No,Yes,Medium,No,No,No,No,No,No,No,8.25,0
76,Female,Current,1.0,35.0,No,None,No,Yes,Low,No,No,No,No,No,No,No,1.75,0
47,Female,Former,9.0,1.0,No,Low,No,No,Medium,No,Yes,No,No,No,No,No,0.45,0
28,Male,Current,12.0,1.0,No,None,No,No,Medium,No,No,Yes,No,No,No,No,0.6,0
62,Male,Current,19.0,14.0,No,Low,No,Yes,Medium,No,Yes,No,No,No,No,No,13.3,0
23,Male,Former,9.0,1.0,No,Low,No,No,High,No,No,No,No,No,No,No,0.45,0
65,Female,Current,1.0,28.0,No,None,No,No,High,No,No,No,No,No,No,No,1.4,0
37,Female,Current,13.0,11.0,Yes,Low,Yes,No,Medium,Yes,No,No,No,Yes,No,Yes,7.15,1
25,Male,Former,18.0,4.0,No,High,Yes,Unknown,Low,No,No,No,No,No,No,No,3.6,0
61,Female,Never,0.0,0.0,No,None,No,No,Low,No,No,No,No,No,No,No,0.0,0
33,Male,Never,0.0,0.0,No,None,No,No,Medium,No,No,No,No,No,No,No,0.0,0
37,Female,Never,0.0,0.0,No,None,No,No,High,No,No,No,No,No,No,No,0.0,0
73,Female,Never,0.0,0.0,No,None,No,Unknown,Medium,No,No,No,No,No,Yes,No,0.0,0
81,Male,Never,0.0,0.0,No,None,No,Yes,High,Yes,No,No,No,No,No,No,0.0,0
81,Female,Never,0.0,0.0,No,None,No,Unknown,High,No,No,No,No,No,No,No,0.0,0
61,Male,Former,4.0,34.0,No,Low,No,No,Medium,No,Yes,No,No,No,No,No,6.8,0
65,Female,Current,10.0,18.0,Yes,None,No,No,Low,No,No,No,No,No,No,No,9.0,1
64,Male,Former,12.0,16.0,No,Low,No,Yes,Medium,No,No,No,No,No,No,No,9.6,0
49,Male,Never,0.0,0.0,No,None,No,No,Medium,No,No,No,No,No,No,No,0.0,0
68,Male,Never,0.0,0.0,No,None,No,Unknown,Medium,No,No,No,No,No,No,No,0.0,0
64,Male,Never,0.0,0.0,No,None,No,No,Medium,No,No,No,No,No,No,Yes,0.0,0
77,Female,Former,9.0,29.0,No,Low,Yes,No,Low,No,Yes,No,No,No,No,No,13.05,1
73,Female,Never,0.0,0.0,No,None,No,No,Low,No,No,No,No,No,No,No,0.0,0
77,Male,Current,17.0,36.0,No,None,No,No,Low,No,No,No,No,Yes,Yes,No,30.6,0
69,Female,Never,0.0,0.0,No,None,No,No,Low,No,No,No,No,No,No,No,0.0,0
39,Male,Never,0.0,0.0,No,None,No,No,Low,No,No,No,No,No,No,No,0.0,0
82,Male,Never,0.0,0.0,No,None,No,No,Medium,No,No,Yes,No,No,No,No,0.0,0
42,Female,Current,9.0,20.0,No,High,No,No,Medium,No,No,No,No,No,No,No,9.0,0
36,Female,Current,18.0,12.0,No,None,No,No,Low,No,No,No,No,No,No,No,10.8,0
63,Male,Never,0.0,0.0,No,None,No,No,High,No,No,No,Yes,No,Yes,No,0.0,0
57,Male,Never,0.0,0.0,No,Low,No,No,Medium,No,No,No,No,No,No,No,0.0,0
52,Male,Former,9.0,38.0,No,None,No,No,Medium,No,No,No,No,No,No,No,17.1,0
39,Female,Current,21.0,13.0,No,Low,No,No,Medium,No,No,No,No,No,No,No,13.65,0
38,Male,Never,0.0,0.0,Yes,None,No,No,Low,No,No,No,No,No,No,No,0.0,0
77,Female,Never,0.0,0.0,No,None,No,No,Medium,No,No,No,No,No,No,No,0.0,0
46,Female,Never,0.0,0.0,No,None,No,No,Medium,No,No,No,No,No,No,No,0.0,0
35,Female,Current,19.0,1.0,No,Low,No,No,Low,No,No,No,No,Yes,No,No,0.95,0
42,Female,Never,0.0,0.0,No,Low,No,No,Medium,No,No,No,Yes,No,No,No,0.0,0
66,Male,Current,1.0,12.0,No,None,No,No,Medium,No,No,No,No,Yes,No,Yes,0.6,0
63,Female,Never,0.0,0.0,No,None,No,No,Medium,No,No,No,No,No,Yes,No,0.0,0
63,Female,Never,0.0,0.0,No,None,No,No,High,No,No,No,No,No,No,No,0.0,0
60,Male,Former,14.0,7.0,No,Low,No,No,Low,No,No,No,No,No,No,No,4.9,0
56,Male,Never,0.0,0.0,No,None,No,No,Medium,No,No,No,No,No,No,No,0.0,1
57,Female,Never,0.0,0.0,No,None,No,No,Medium,No,No,No,No,No,No,No,0.0,0
44,Female,Never,0.0,0.0,No,None,No,No,Low,No,No,No,No,No,No,No,0.0,0
52,Male,Never,0.0,0.0,No,None,No,No,Medium,No,No,No,No,No,No,No,0.0,0
49,Male,Former,1.0,1.0,No,None,No,No,Medium,No,No,No,No,No,No,No,0.05,0
74,Male,Former,20.0,17.0,No,Low,No,No,Low,No,No,No,No,No,No,No,17.0,0
55,Male,Never,0.0,0.0,No,None,No,No,Low,No,No,No,Yes,No,No,No,0.0,0
47,Female,Current,9.0,10.0,No,None,No,No,High,No,No,No,No,Yes,No,No,4.5,0
31,Male,Current,16.0,1.0,No,None,No,Unknown,Medium,No,No,No,No,No,No,No,0.8,0
35,Male,Former,24.0,1.0,No,None,No,No,Low,No,Yes,No,No,No,No,No,1.2,0
33,Female,Never,0.0,0.0,Yes,None,No,No,Medium,No,No,No,No,No,No,No,0.0,0
72,Female,Former,15.0,42.0,No,None,No,No,Low,No,No,No,No,No,No,No,31.5,1
39,Male,Former,3.0,21.0,Yes,None,No,No,Medium,No,No,No,No,No,No,No,3.15,0
25,Female,Current,8.0,6.0,Yes,Low,No,Unknown,High,No,No,No,No,No,No,No,2.4,0
20,Male,Former,13.0,2.0,No,Low,No,Yes,Low,No,Yes,No,No,Yes,No,No,1.3,0
27,Female,Current,10.0,1.0,No,None,No,No,Medium,No,No,No,No,No,No,No,0.5,0
52,Male,Never,0.0,0.0,No,Low,No,Yes,High,No,No,No,No,No,Yes,Yes,0.0,0
85,Female,Former,18.0,47.0,No,Low,No,Unknown,Medium,No,No,No,No,No,No,No,42.3,1
80,Female,Former,23.0,48.0,No,None,No,No,Medium,No,No,No,No,No,No,No,55.2,1
60,Male,Former,1.0,11.0,Yes,None,No,No,Low,No,No,No,No,No,No,No,0.55,0
36,Male,Never,0.0,0.0,Yes,None,No,No,Low,No,No,No,No,No,No,No,0.0,0
48,Female,Current,9.0,11.0,No,None,No,Unknown,Low,No,Yes,No,No,No,No,No,4.95,0
80,Male,Never,0.0,0.0,No,None,No,No,Low,No,No,No,No,No,No,No,0.0,0
22,Female,Never,0.0,0.0,Yes,Low,No,Unknown,Medium,No,No,No,Yes,No,No,No,0.0,0
52,Male,Former,11.0,19.0,No,None,No,No,Medium,No,Yes,No,No,No,Yes,No,10.45,1
18,Female,Never,0.0,0.0,Yes,None,No,Yes,High,No,No,No,No,No,No,No,0.0,0
83,Male,Former,4.0,21.0,No,None,No,Yes,Medium,No,No,No,No,No,No,No,4.2,0
47,Female,Never,0.0,0.0,No,None,No,No,Medium,No,No,No,No,No,No,No,0.0,0
20,Female,Never,0.0,0.0,No,None,No,No,Medium,No,Yes,No,No,No,No,Yes,0.0,0
76,Other,Former,19.0,39.0,No,Low,No,Unknown,Medium,No,No,No,No,No,No,No,37.05,0
85,Male,Never,0.0,0.0,No,None,No,No,Medium,No,Yes,No,No,Yes,Yes,No,0.0,0
28,Male,Never,0.0,0.0,No,None,No,Yes,Medium,No,No,No,No,No,No,No,0.0,0
43,Female,Never,0.0,0.0,No,None,No,No,Medium,No,No,No,No,No,No,No,0.0,0
69,Female,Never,0.0,0.0,No,None,No,No,High,No,No,No,No,No,No,No,0.0,0
40,Male,Never,0.0,0.0,No,None,No,Unknown,Low,No,No,No,Yes,Yes,Yes,Yes,0.0,0
27,Male,Current,19.0,6.0,No,Low,No,No,High,No,No,No,No,Yes,No,No,5.7,0
33,Male,Current,1.0,4.0,No,Low,No,Unknown,Medium,No,No,No,No,No,No,No,0.2,0
75,Male,Never,0.0,0.0,No,None,No,No,High,No,No,Yes,No,No,No,No,0.0,0
52,Female,Never,0.0,0.0,No,None,No,No,Low,No,No,No,No,No,No,No,0.0,0
27,Male,Never,0.0,0.0,Yes,None,No,Unknown,Medium,No,No,No,No,No,No,No,0.0,0
45,Female,Current,32.0,1.0,No,High,Yes,No,Low,No,No,No,No,No,No,No,1.6,0
36,Male,Current,6.0,28.0,No,None,No,No,Medium,Yes,No,No,No,No,No,No,8.4,0
22,Male,Current,18.0,1.0,No,Low,No,No,Medium,No,No,No,No,No,No,No,0.9,0
63,Male,Never,0.0,0.0,Yes,Low,No,Unknown,Low,No,No,No,No,No,Yes,No,0.0,1
36,Female,Never,0.0,0.0,No,High,Yes,Unknown,Medium,No,No,No,No,No,No,No,0.0,0
80,Female,Former,16.0,32.0,Yes,Low,No,No,Medium,No,Yes,No,No,No,No,No,25.6,1
53,Male,Former,25.0,12.0,No,High,Yes,No,Low,Yes,No,No,No,No,No,No,15.0,1
65,Male,Never,0.0,0.0,No,None,No,Unknown,Low,No,No,No,No,No,No,No,0.0,0
42,Female,Current,12.0,36.0,Yes,None,No,No,Low,No,No,No,No,No,No,No,21.6,0
76,Male,Never,0.0,0.0,No,None,No,No,High,No,No,No,No,No,No,No,0.0,0
84,Male,Never,0.0,0.0,No,None,No,No,Medium,No,No,No,No,No,No,No,0.0,0
74,Female,Current,1.0,35.0,No,None,No,Yes,Low,Yes,No,No,No,No,No,No,1.75,0
45,Female,Former,19.0,23.0,No,None,No,No,Medium,No,No,No,No,No,No,No,21.85,0
63,Female,Never,0.0,0.0,Yes,None,No,No,Medium,No,Yes,No,No,No,Yes,No,0.0,0
26,Male,Current,11.0,1.0,No,None,No,No,Medium,No,No,No,No,No,No,No,0.55,0
83,Male,Never,0.0,0.0,No,None,No,Unknown,High,No,No,Yes,No,No,No,No,0.0,0
78,Female,Never,0.0,0.0,No,None,No,No,Medium,No,No,No,No,No,No,No,0.0,0
33,Female,Former,19.0,1.0,Yes,Low,No,No,Low,No,No,No,No,No,No,No,0.95,0
33,Female,Current,1.0,1.0,No,None,No,No,Medium,No,No,No,No,No,No,No,0.05,0
45,Female,Former,2.0,1.0,No,None,No,Unknown,Medium,No,No,No,No,No,No,No,0.1,0
57,Male,Former,11.0,23.0,No,None,Yes,Unknown,Low,No,No,No,No,No,No,No,12.65,1
40,Male,Former,13.0,22.0,No,None,No,No,Medium,No,No,No,No,No,No,Yes,14.3,0
69,Male,Current,13.0,28.0,No,None,No,No,Low,Yes,No,No,No,No,No,No,18.2,1
39,Male,Never,0.0,0.0,No,None,No,Yes,Medium,No,No,No,No,No,No,No,0.0,0
77,Female,Never,0.0,0.0,No,High,No,Unknown,Medium,No,No,No,No,No,No,No,0.0,0
36,Male,Former,8.0,11.0,No,Low,No,No,Low,No,No,No,No,No,No,No,4.4,0
44,Male,Former,15.0,14.0,No,None,No,Unknown,Medium,No,No,No,No,No,No,No,10.5,0
24,Female,Never,0.0,0.0,No,Low,No,No,Medium,No,No,No,No,No,No,No,0.0,0
20,Female,Never,0.0,0.0,No,None,No,Unknown,Medium,No,No,No,No,No,No,No,0.0,0
66,Male,Never,0.0,0.0,No,Low,No,Unknown,Medium,No,No,No,No,No,No,No,0.0,0
70,Female,Never,0.0,0.0,No,Low,Yes,Yes,Low,No,No,No,No,No,No,No,0.0,0
50,Female,Former,26.0,13.0,No,High,Yes,No,Medium,No,No,No,No,Yes,No,No,16.9,1
31,Male,Never,0.0,0.0,No,None,No,Unknown,Low,No,No,No,No,No,No,No,0.0,0
67,Female,Never,0.0,0.0,No,None,No,No,Low,No,No,No,No,No,No,No,0.0,0
31,Female,Never,0.0,0.0,Yes,Low,No,No,Medium,No,No,No,No,No,No,No,0.0,0
44,Female,Never,0.0,0.0,No,Low,No,Yes,Medium,No,No,No,No,No,No,No,0.0,0
30,Male,Former,17.0,20.0,No,High,No,No,Medium,No,No,No,No,No,Yes,Yes,17.0,0
81,Female,Never,0.0,0.0,No,High,No,No,Low,No,No,No,No,No,No,No,0.0,0
21,Female,Former,1.0,1.0,Yes,None,No,Unknown,High,No,No,No,No,No,No,No,0.05,0
41,Male,Never,0.0,0.0,No,None,No,No,Low,No,No,No,No,No,No,No,0.0,0
53,Female,Former,1.0,1.0,No,High,Yes,No,Medium,No,No,No,No,Yes,Yes,No,0.05,0
36,Female,Never,0.0,0.0,No,Low,No,No,Medium,No,No,No,No,No,No,No,0.0,1
22,Male,Former,26.0,1.0,No,None,Yes,Yes,Medium,No,No,No,No,No,No,No,1.3,0
53,Female,Never,0.0,0.0,No,None,No,No,High,No,No,No,No,No,No,No,0.0,0
37,Male,Former,11.0,12.0,No,None,No,No,Low,No,No,Yes,No,Yes,No,No,6.6,0
54,Female,Never,0.0,0.0,No,None,No,Unknown,High,No,No,No,No,Yes,No,No,0.0,1
40,Male,Never,0.0,0.0,No,None,No,Yes,Low,No,No,No,No,Yes,No,No,0.0,0
74,Male,Never,0.0,0.0,No,None,No,No,High,No,No,No,No,No,No,No,0.0,0
64,Female,Never,0.0,0.0,No,High,No,Unknown,Low,No,Yes,No,No,No,No,No,0.0,0
82,Other,Never,0.0,0.0,No,None,No,Unknown,Low,No,No,No,No,No,No,No,0.0,0
26,Male,Never,0.0,0.0,No,None,No,Unknown,Medium,No,No,No,No,Yes,No,No,0.0,0
70,Male,Current,18.0,25.0,No,Low,No,No,Medium,No,No,No,No,No,Yes,No,22.5,0
28,Male,Current,6.0,7.0,No,None,No,No,Medium,No,No,No,No,Yes,No,Yes,2.1,0
80,Female,Former,16.0,28.0,No,None,No,Unknown,Medium,No,No,No,No,No,No,No,22.4,0
50,Male,Current,18.0,7.0,No,Low,No,No,Medium,No,No,Yes,No,No,No,No,6.3,0
82,Female,Former,22.0,57.0,Yes,None,No,No,Medium,No,No,No,No,No,No,No,62.7,1
26,Female,Former,25.0,1.0,No,None,No,No,High,No,No,No,No,No,No,No,1.25,0
38,Female,Current,24.0,16.0,No,None,No,No,Low,No,No,No,No,No,No,Yes,19.2,0
45,Female,Never,0.0,0.0,No,None,No,No,Medium,No,No,No,No,No,No,No,0.0,0
67,Male,Never,0.0,0.0,No,Low,No,No,High,No,No,No,No,No,No,No,0.0,0
80,Male,Former,9.0,23.0,No,None,No,No,Medium,Yes,No,No,No,No,No,No,10.35,0
18,Male,Current,20.0,13.0,No,None,No,Unknown,Medium,No,No,No,No,No,No,Yes,13.0,0
50,Female,Current,12.0,13.0,No,None,No,No,Medium,No,No,No,No,No,Yes,Yes,7.8,0
22,Male,Current,7.0,1.0,No,None,No,No,Low,No,No,No,No,No,No,No,0.35,0
44,Female,Never,0.0,0.0,No,None,No,Unknown,Medium,No,No,No,No,No,No,No,0.0,0
81,Female,Current,13.0,24.0,Yes,Low,No,No,Low,No,No,No,No,No,Yes,No,15.6,0
76,Female,Never,0.0,0.0,No,None,No,Unknown,Low,No,No,No,No,No,No,Yes,0.0,0
82,Male,Never,0.0,0.0,Yes,None,No,No,Low,No,No,No,No,No,No,Yes,0.0,0
35,Female,Never,0.0,0.0,No,None,No,No,High,No,No,No,No,No,No,No,0.0,0
57,Male,Current,6.0,24.0,No,High,Yes,No,Low,No,No,No,No,Yes,No,No,7.2,0
62,Female,Never,0.0,0.0,No,Low,No,Yes,Low,No,No,No,No,No,No,No,0.0,0
80,Male,Current,9.0,30.0,No,None,No,Unknown,Medium,No,No,No,No,No,No,No,13.5,0
37,Male,Current,12.0,4.0,No,Low,No,Unknown,Low,No,No,No,Yes,No,No,No,2.4,0
47,Male,Never,0.0,0.0,No,Low,No,Unknown,Medium,No,No,No,No,No,No,No,0.0,0
25,Other,Never,0.0,0.0,No,High,Yes,Unknown,Medium,No,No,No,No,No,No,No,0.0,0
79,Female,Never,0.0,0.0,Yes,None,No,No,Low,Yes,No,No,No,No,No,No,0.0,0
32,Female,Never,0.0,0.0,No,None,No,No,High,No,Yes,No,No,No,No,No,0.0,0
35,Other,Never,0.0,0.0,No,None,No,No,Medium,No,Yes,No,No,Yes,No,No,0.0,0
59,Female,Never,0.0,0.0,No,None,No,Yes,Low,No,No,No,Yes,No,No,No,0.0,0
79,Female,Current,2.0,36.0,No,None,No,No,Medium,No,No,No,Yes,No,No,No,3.6,0
70,Male,Never,0.0,0.0,No,None,No,Unknown,High,No,No,No,No,No,No,No,0.0,0
80,Male,Never,0.0,0.0,No,Low,No,No,Medium,No,No,No,No,No,No,No,0.0,0
63,Female,Current,14.0,16.0,No,Low,No,No,High,No,No,No,No,No,No,No,11.2,0
32,Female,Never,0.0,0.0,Yes,Low,No,No,Medium,No,No,No,No,No,Yes,No,0.0,0
85,Female,Current,7.0,37.0,No,None,No,Unknown,Medium,Yes,No,No,No,No,No,No,12.95,0
38,Male,Never,0.0,0.0,No,None,No,No,Low,No,No,No,No,No,No,No,0.0,0
40,Male,Never,0.0,0.0,No,Low,No,No,Medium,No,No,No,No,No,Yes,No,0.0,0
70,Male,Never,0.0,0.0,No,None,No,No,Low,No,Yes,No,No,No,No,No,0.0,0
28,Female,Former,12.0,9.0,No,None,No,No,Medium,Yes,No,No,No,No,No,No,5.4,0
60,Male,Former,11.0,8.0,No,None,No,Yes,High,No,No,No,No,No,No,No,4.4,0
19,Male,Former,32.0,1.0,No,None,No,Yes,Low,No,No,No,No,No,No,No,1.6,0
61,Female,Former,15.0,17.0,No,Low,No,No,Low,No,No,No,No,No,No,No,12.75,0
49,Male,Current,15.0,12.0,No,Low,No,No,Medium,No,No,No,No,No,No,No,9.0,0
45,Male,Current,8.0,1.0,No,None,No,Unknown,Medium,No,No,No,No,No,No,No,0.4,0
79,Male,Former,16.0,14.0,No,None,No,No,High,No,No,No,No,Yes,No,No,11.2,0
40,Male,Current,6.0,13.0,No,None,No,No,High,No,No,No,No,No,No,No,3.9,0
36,Male,Former,21.0,4.0,No,None,No,Unknown,High,No,No,No,No,No,No,No,4.2,0
57,Male,Current,13.0,15.0,No,None,No,No,Medium,No,No,No,No,No,No,No,9.75,0
28,Female,Current,23.0,12.0,No,None,No,Unknown,High,No,No,No,No,No,No,No,13.8,0
77,Male,Never,0.0,0.0,No,None,No,No,Low,Yes,No,No,No,No,Yes,Yes,0.0,0
57,Female,Former,17.0,9.0,No,Low,No,Unknown,Medium,No,No,No,No,No,No,No,7.65,0
45,Male,Never,0.0,0.0,No,None,No,No,Medium,No,No,No,No,No,No,No,0.0,0
64,Female,Never,0.0,0.0,No,High,No,No,High,No,No,No,Yes,No,No,No,0.0,0
50,Female,Former,13.0,24.0,No,None,No,No,Medium,No,No,No,No,No,No,No,15.6,0
46,Female,Current,14.0,3.0,No,Low,No,No,High,No,No,No,No,No,No,No,2.1,0
40,Female,Never,0.0,0.0,Yes,None,No,No,Medium,Yes,No,No,No,No,Yes,No,0.0,0
18,Female,Never,0.0,0.0,No,None,No,Unknown,Medium,No,No,No,No,No,No,No,0.0,0
26,Female,Never,0.0,0.0,No,Low,No,Yes,Medium,No,No,No,No,No,No,No,0.0,0
25,Female,Current,11.0,1.0,No,None,No,Unknown,High,No,Yes,No,No,No,No,No,0.55,0
83,Female,Current,1.0,8.0,No,None,No,Unknown,Low,No,No,No,No,No,No,No,0.4,0
39,Female,Current,16.0,5.0,No,None,No,Unknown,High,No,No,No,No,Yes,No,No,4.0,0
52,Male,Current,23.0,16.0,No,None,No,No,Medium,No,No,No,No,No,No,No,18.4,0
38,Female,Never,0.0,0.0,No,Low,No,Unknown,High,No,No,No,No,No,No,No,0.0,0
57,Male,Former,22.0,15.0,Yes,None,No,No,Medium,No,No,No,No,No,No,No,16.5,0
53,Female,Never,0.0,0.0,Yes,None,No,Yes,Medium,Yes,No,No,No,No,No,No,0.0,0
45,Female,Former,31.0,15.0,No,None,No,Unknown,High,No,No,No,No,No,No,No,23.25,0
32,Female,Current,18.0,1.0,No,Low,No,No,Low,No,No,No,No,Yes,No,No,0.9,0
21,Male,Current,20.0,1.0,No,None,No,No,High,No,No,No,No,No,No,No,1.0,0
82,Female,Current,8.0,34.0,Yes,None,No,No,High,No,No,Yes,No,No,No,No,13.6,1
23,Female,Current,15.0,19.0,No,Low,No,No,Low,Yes,No,No,No,No,No,No,14.25,0
70,Male,Never,0.0,0.0,No,None,No,No,Medium,No,No,No,No,No,No,No,0.0,1
51,Male,Former,10.0,7.0,No,None,No,No,Medium,No,No,No,No,No,No,No,3.5,0
58,Male,Never,0.0,0.0,No,None,No,Unknown,High,No,No,No,No,No,No,No,0.0,0
81,Male,Never,0.0,0.0,Yes,None,No,No,Medium,No,No,No,No,No,No,No,0.0,0
65,Male,Current,17.0,40.0,No,None,No,Yes,High,No,No,No,No,No,No,No,34.0,0
35,Female,Former,9.0,1.0,No,None,No,No,Medium,No,No,Yes,Yes,No,No,No,0.45,0
50,Male,Current,13.0,21.0,No,None,No,No,Low,No,No,No,No,No,No,No,13.65,0
36,Male,Current,15.0,1.0,No,None,No,No,Low,No,No,Yes,No,No,No,No,0.75,0
26,Female,Current,3.0,1.0,No,High,No,No,Medium,No,Yes,No,No,No,Yes,No,0.15,0
28,Female,Never,0.0,0.0,No,None,No,No,Medium,No,No,No,No,No,No,No,0.0,0
47,Female,Never,0.0,0.0,No,Low,No,No,Low,No,No,No,No,No,No,No,0.0,0
40,Male,Current,21.0,1.0,Yes,Low,No,No,Medium,No,No,No,No,No,No,Yes,1.05,0
54,Male,Never,0.0,0.0,No,Low,No,No,High,No,No,No,No,No,No,No,0.0,0
45,Male,Never,0.0,0.0,No,None,No,Unknown,Low,No,No,No,No,Yes,No,No,0.0,0
53,Female,Current,10.0,26.0,No,None,No,Unknown,Medium,No,No,No,No,Yes,No,No,13.0,0
47,Female,Current,21.0,15.0,No,None,No,Unknown,Medium,No,No,No,No,No,No,No,15.75,0
66,Female,Current,5.0,1.0,No,None,No,No,Low,No,No,No,No,No,No,No,0.25,0
64,Male,Former,14.0,22.0,No,None,No,Unknown,Medium,No,No,No,No,No,Yes,No,15.4,0
51,Female,Former,17.0,19.0,No,None,No,Unknown,Medium,No,No,No,No,No,No,No,16.15,1
68,Female,Current,1.0,33.0,No,High,No,No,High,No,No,No,No,No,No,No,1.65,0
80,Male,Former,1.0,22.0,No,None,No,Yes,Low,No,No,No,No,No,No,No,1.1,0
46,Female,Former,8.0,10.0,No,None,No,No,Low,No,No,No,No,Yes,No,No,4.0,0
47,Female,Former,6.0,5.0,No,None,No,Unknown,High,No,No,No,No,No,No,No,1.5,0
72,Male,Never,0.0,0.0,Yes,None,No,No,Medium,Yes,No,No,No,No,No,No,0.0,0
25,Male,Current,10.0,20.0,No,None,No,Unknown,Medium,No,No,No,No,Yes,Yes,No,10.0,0
26,Male,Never,0.0,0.0,No,None,No,Unknown,Medium,No,No,No,No,No,No,No,0.0,0
72,Female,Never,0.0,0.0,Yes,Low,No,No,Medium,No,No,No,No,No,No,No,0.0,0
51,Male,Current,11.0,33.0,No,None,No,No,High,No,No,No,No,No,No,No,18.15,0
81,Female,Former,9.0,43.0,No,High,Yes,No,Low,No,No,No,No,No,No,No,19.35,1
22,Male,Former,26.0,1.0,No,None,No,Unknown,Medium,No,Yes,No,No,Yes,No,No,1.3,0
78,Female,Never,0.0,0.0,No,None,No,Unknown,Medium,No,No,No,No,No,No,No,0.0,0
67,Female,Current,8.0,27.0,No,None,No,No,Medium,No,No,No,No,No,No,No,10.8,0
40,Female,Current,24.0,8.0,No,None,No,Yes,Medium,No,No,No,No,No,No,No,9.6,0
33,Male,Never,0.0,0.0,No,High,No,Unknown,Low,No,Yes,No,No,No,No,No,0.0,0
52,Female,Never,0.0,0.0,No,Low,No,Unknown,Medium,No,No,No,No,Yes,No,No,0.0,0
39,Male,Current,8.0,6.0,No,None,No,Unknown,Low,No,No,No,No,No,No,No,2.4,0
38,Female,Former,17.0,1.0,No,None,No,No,Medium,No,No,No,No,No,No,No,0.85,0
26,Male,Never,0.0,0.0,Yes,None,No,Unknown,Medium,No,Yes,No,No,No,No,No,0.0,0
62,Female,Former,10.0,19.0,No,None,No,No,High,No,No,No,No,No,No,No,9.5,0
20,Female,Current,17.0,1.0,No,High,No,Yes,Medium,No,No,No,No,No,No,No,0.85,0
76,Male,Current,13.0,22.0,Yes,None,No,Yes,Medium,No,No,Yes,No,No,Yes,No,14.3,1
45,Male,Current,9.0,18.0,No,None,No,Unknown,Medium,No,No,No,No,No,No,No,8.1,1
33,Female,Former,9.0,1.0,No,Low,Yes,No,High,No,No,No,No,No,Yes,No,0.45,0
62,Female,Current,13.0,43.0,No,None,No,No,Low,No,No,No,No,No,Yes,Yes,27.95,0
37,Female,Former,16.0,4.0,No,Low,No,No,High,No,No,No,No,No,No,No,3.2,0
44,Male,Former,4.0,19.0,No,Low,No,Yes,Low,No,No,No,No,No,No,No,3.8,0
35,Male,Never,0.0,0.0,No,None,No,Unknown,Medium,No,No,No,No,No,No,No,0.0,0
32,Female,Never,0.0,0.0,Yes,None,No,No,Medium,No,No,No,No,Yes,No,No,0.0,0
42,Male,Current,12.0,16.0,No,None,No,No,High,No,No,No,No,Yes,No,No,9.6,0
70,Female,Never,0.0,0.0,No,None,No,No,Low,No,No,Yes,No,No,No,No,0.0,0
59,Female,Never,0.0,0.0,No,None,No,No,Low,No,No,No,No,No,No,No,0.0,0
73,Female,Never,0.0,0.0,No,None,No,No,High,No,No,No,No,No,No,Yes,0.0,0
28,Female,Current,24.0,6.0,No,None,No,No,Medium,No,No,No,No,No,No,No,7.2,1
78,Female,Former,16.0,36.0,No,Low,No,Unknown,High,No,No,No,No,No,No,No,28.8,1
29,Male,Never,0.0,0.0,Yes,None,No,Yes,High,No,No,No,No,No,No,No,0.0,0
25,Female,Never,0.0,0.0,No,None,No,No,Medium,No,No,No,No,No,No,No,0.0,0
31,Female,Never,0.0,0.0,No,Low,No,No,High,Yes,No,No,No,No,No,No,0.0,0
77,Female,Former,8.0,36.0,No,None,No,No,Low,Yes,No,No,No,No,No,No,14.4,0
67,Male,Never,0.0,0.0,No,None,No,Yes,Medium,No,No,No,No,No,No,No,0.0,0
57,Female,Current,18.0,15.0,No,None,No,No,Medium,No,No,No,No,No,No,No,13.5,0
20,Male,Current,17.0,2.0,No,None,No,Yes,Low,No,No,No,No,No,No,No,1.7,0
33,Male,Never,0.0,0.0,Yes,None,No,No,Low,No,No,No,No,No,No,No,0.0,0
54,Male,Former,32.0,5.0,No,Low,No,Yes,High,No,No,No,No,No,No,No,8.0,0
48,Female,Never,0.0,0.0,No,None,No,Unknown,Low,No,No,No,No,No,No,No,0.0,0
49,Female,Current,11.0,19.0,No,Low,No,Yes,Medium,No,No,No,No,No,No,No,10.45,0
63,Female,Current,18.0,29.0,No,High,No,No,Medium,No,No,No,No,No,No,No,26.1,1
18,Other,Former,5.0,1.0,No,Low,No,No,Medium,No,No,No,No,No,No,No,0.25,0
83,Male,Former,8.0,34.0,No,None,No,Unknown,Low,No,No,No,No,Yes,No,No,13.6,1
81,Male,Current,19.0,26.0,No,None,No,No,Medium,Yes,No,No,Yes,No,No,No,24.7,1
20,Female,Current,5.0,9.0,No,None,No,No,Low,No,No,No,No,No,No,No,2.25,0
50,Male,Never,0.0,0.0,No,None,No,No,Medium,No,Yes,No,No,No,No,No,0.0,0
56,Female,Never,0.0,0.0,No,High,No,Yes,Low,No,No,No,No,No,No,No,0.0,1
75,Male,Former,9.0,22.0,No,High,Yes,Yes,Low,No,No,No,No,No,No,No,9.9,0
75,Male,Never,0.0,0.0,No,High,Yes,Unknown,Medium,No,No,No,No,No,No,No,0.0,0
39,Female,Never,0.0,0.0,No,None,No,No,Medium,No,No,No,No,No,No,No,0.0,0
42,Male,Former,2.0,33.0,Yes,None,No,Unknown,Medium,No,No,No,No,No,No,No,3.3,0
23,Female,Current,1.0,1.0,Yes,Low,No,No,Medium,No,No,No,No,No,No,No,0.05,0
57,Female,Never,0.0,0.0,No,None,No,Yes,Medium,No,No,No,No,No,No,No,0.0,0
71,Male,Never,0.0,0.0,No,None,No,No,Medium,No,No,No,No,Yes,Yes,No,0.0,0
74,Female,Former,14.0,23.0,Yes,High,No,No,Low,No,No,No,No,Yes,No,No,16.1,0
70,Male,Never,0.0,0.0,No,Low,No,No,High,No,No,No,No,Yes,Yes,No,0.0,1
51,Male,Never,0.0,0.0,No,None,No,No,Medium,No,No,No,No,No,No,No,0.0,0
55,Male,Former,19.0,1.0,No,Low,No,No,Low,No,No,No,No,No,No,Yes,0.95,0
82,Male,Never,0.0,0.0,No,None,No,No,High,No,No,No,No,No,No,No,0.0,0
69,Female,Former,16.0,19.0,Yes,None,No,No,High,Yes,Yes,No,No,No,No,No,15.2,0
69,Male,Former,14.0,35.0,Yes,None,No,No,High,No,No,No,No,No,No,No,24.5,0
29,Male,Never,0.0,0.0,No,Low,No,No,Low,No,No,No,No,No,No,No,0.0,0
24,Male,Former,14.0,6.0,No,None,No,No,Low,No,Yes,Yes,No,No,No,No,4.2,0
19,Male,Former,13.0,3.0,Yes,None,No,No,High,No,No,Yes,No,No,No,No,1.95,0
33,Male,Never,0.0,0.0,No,None,No,No,High,No,No,No,No,Yes,No,No,0.0,0
30,Male,Never,0.0,0.0,No,None,No,Unknown,Medium,No,No,No,No,No,No,No,0.0,0
74,Male,Never,0.0,0.0,No,None,No,No,Low,No,No,No,No,Yes,No,No,0.0,0
21,Female,Current,23.0,17.0,No,None,No,No,High,No,No,No,No,Yes,No,No,19.55,0
37,Male,Never,0.0,0.0,No,Low,No,No,Medium,No,No,No,No,No,No,No,0.0,0
74,Male,Never,0.0,0.0,No,Low,Yes,Unknown,Low,No,No,No,No,No,No,No,0.0,1
60,Male,Never,0.0,0.0,No,Low,No,No,High,No,No,No,No,No,No,No,0.0,0
23,Female,Never,0.0,0.0,No,None,No,Unknown,Low,Yes,No,Yes,No,No,No,No,0.0,0
62,Male,Current,12.0,24.0,No,Low,No,Unknown,Medium,No,No,No,No,Yes,No,No,14.4,0
55,Female,Former,22.0,1.0,No,Low,No,No,Low,No,No,No,No,No,Yes,No,1.1,0
52,Female,Never,0.0,0.0,No,Low,No,Unknown,Low,No,No,No,No,No,No,Yes,0.0,1
28,Male,Never,0.0,0.0,No,None,No,No,Low,No,No,No,Yes,No,No,No,0.0,0
18,Male,Current,21.0,1.0,No,None,No,No,Medium,No,No,No,No,Yes,No,No,1.05,0
58,Male,Never,0.0,0.0,No,High,Yes,Yes,Medium,No,Yes,No,No,No,Yes,No,0.0,0
66,Female,Former,12.0,30.0,No,Low,No,No,Low,Yes,No,No,No,No,Yes,No,18.0,1
39,Female,Never,0.0,0.0,No,None,No,No,Medium,No,No,No,No,No,No,No,0.0,0
58,Female,Never,0.0,0.0,No,Low,Yes,No,Medium,No,No,No,No,No,No,No,0.0,1
69,Female,Former,21.0,29.0,No,None,No,No,Medium,No,No,No,No,Yes,Yes,No,30.45,1
46,Male,Never,0.0,0.0,No,None,No,Unknown,Medium,No,No,No,No,No,No,Yes,0.0,0
57,Other,Former,1.0,26.0,No,High,No,Unknown,Low,No,No,No,No,No,No,No,1.3,0
38,Female,Former,16.0,10.0,No,None,No,Unknown,Low,No,Yes,No,No,No,No,No,8.0,0
50,Female,Never,0.0,0.0,No,High,Yes,No,Medium,Yes,No,No,No,No,No,No,0.0,0
22,Male,Former,1.0,9.0,No,Low,No,No,Medium,No,No,No,No,No,No,Yes,0.45,0
32,Female,Former,14.0,1.0,No,None,No,No,Low,No,Yes,No,No,No,No,Yes,0.7,0
47,Female,Former,9.0,10.0,No,Low,No,Unknown,High,Yes,No,No,No,No,No,No,4.5,0
79,Male,Former,15.0,29.0,No,None,No,No,Low,No,No,No,No,No,Yes,No,21.75,0
64,Male,Current,16.0,13.0,No,None,No,Yes,Low,No,No,No,No,No,No,No,10.4,0
82,Female,Never,0.0,0.0,No,None,No,No,Medium,No,No,No,No,Yes,No,Yes,0.0,0
41,Female,Former,5.0,9.0,Yes,None,No,No,Low,No,Yes,No,No,No,No,No,2.25,0
32,Male,Former,16.0,1.0,No,None,No,No,Medium,No,No,No,No,No,No,No,0.8,0
51,Other,Former,10.0,21.0,No,None,No,Unknown,Low,No,No,No,No,No,No,No,10.5,0
61,Female,Former,18.0,41.0,No,None,Yes,No,Low,No,No,No,No,No,Yes,No,36.9,0
59,Female,Former,17.0,28.0,No,Low,No,Unknown,Medium,No,No,No,No,No,No,No,23.8,0
80,Female,Current,13.0,43.0,Yes,None,No,Unknown,Medium,No,No,No,No,Yes,No,No,27.95,0
19,Female,Never,0.0,0.0,No,Low,No,No,Medium,No,No,No,Yes,No,No,No,0.0,0
21,Female,Former,5.0,22.0,No,High,No,No,Medium,No,No,No,No,No,No,No,5.5,0
26,Male,Never,0.0,0.0,No,None,No,Unknown,High,No,No,No,No,No,No,No,0.0,0
82,Female,Current,13.0,24.0,No,None,No,No,Medium,No,No,No,No,No,No,No,15.6,0
38,Male,Never,0.0,0.0,No,High,No,No,Medium,No,No,No,No,No,No,No,0.0,0
22,Male,Former,3.0,1.0,No,None,No,Yes,Medium,No,No,No,No,No,No,No,0.15,0
80,Female,Never,0.0,0.0,No,Low,No,Unknown,Medium,No,No,No,No,Yes,No,No,0.0,0
28,Male,Never,0.0,0.0,Yes,None,No,Unknown,Low,No,No,No,No,No,No,No,0.0,0
20,Female,Never,0.0,0.0,No,None,No,Unknown,High,No,No,No,Yes,No,No,No,0.0,0
80,Male,Never,0.0,0.0,No,None,No,No,Low,No,No,No,No,No,No,No,0.0,0
34,Male,Never,0.0,0.0,No,None,No,Yes,Low,No,No,No,No,No,Yes,No,0.0,0
76,Female,Never,0.0,0.0,No,None,No,No,Low,No,No,No,No,No,Yes,No,0.0,0
81,Female,Never,0.0,0.0,No,None,No,No,Low,No,No,No,No,No,No,No,0.0,0
67,Male,Never,0.0,0.0,No,Low,No,Unknown,Low,No,No,No,No,No,No,No,0.0,0
67,Male,Current,15.0,24.0,No,None,No,Unknown,High,No,No,No,No,No,No,No,18.0,0
72,Female,Former,8.0,44.0,No,None,No,No,Medium,Yes,Yes,No,No,No,No,No,17.6,0
66,Female,Never,0.0,0.0,No,Low,No,No,High,No,No,No,No,No,No,No,0.0,0
54,Male,Former,17.0,1.0,No,Low,No,No,Medium,No,No,No,No,No,No,No,0.85,0
80,Male,Never,0.0,0.0,Yes,None,No,Unknown,High,No,No,No,No,No,No,No,0.0,0
66,Female,Current,14.0,24.0,No,Low,No,No,Medium,No,No,No,No,No,No,No,16.8,0
83,Male,Former,27.0,21.0,No,None,No,Yes,High,No,Yes,No,No,No,No,No,28.35,0
71,Male,Current,8.0,11.0,No,None,No,No,Medium,Yes,No,No,No,No,Yes,Yes,4.4,0
38,Male,Never,0.0,0.0,No,Low,Yes,Unknown,Medium,No,No,No,No,No,No,No,0.0,0
70,Female,Former,1.0,29.0,Yes,None,No,Unknown,Medium,No,No,Yes,No,No,No,No,1.45,0
51,Female,Former,7.0,1.0,No,None,No,Yes,Low,No,No,No,No,No,No,No,0.35,0
80,Male,Never,0.0,0.0,No,Low,No,Unknown,Low,No,No,No,No,No,No,No,0.0,0
69,Female,Never,0.0,0.0,No,None,No,No,Medium,No,No,No,No,No,No,No,0.0,0
77,Male,Former,18.0,31.0,No,None,No,Unknown,Low,No,No,No,No,No,No,No,27.9,0
41,Female,Current,12.0,14.0,No,None,No,No,Medium,Yes,No,No,No,No,Yes,No,8.4,0
33,Female,Former,3.0,13.0,No,None,No,Yes,High,No,No,No,No,No,No,No,1.95,0
27,Male,Never,0.0,0.0,No,None,No,No,Low,No,No,No,No,No,Yes,No,0.0,0
36,Male,Never,0.0,0.0,No,Low,No,Yes,Medium,No,No,No,No,Yes,No,No,0.0,0
63,Female,Never,0.0,0.0,No,Low,No,Unknown,Medium,Yes,No,No,No,No,No,No,0.0,0
73,Male,Former,10.0,38.0,No,None,No,No,Low,No,No,No,No,No,No,No,19.0,0
60,Female,Current,17.0,23.0,No,None,No,No,Medium,No,No,No,No,Yes,No,No,19.55,0
38,Male,Never,0.0,0.0,No,Low,No,Unknown,High,No,No,No,No,No,No,No,0.0,0
26,Male,Current,16.0,18.0,No,None,No,Unknown,Low,No,No,No,No,No,No,No,14.4,0
62,Female,Never,0.0,0.0,No,None,No,Unknown,Low,No,Yes,No,No,No,No,No,0.0,0
34,Male,Never,0.0,0.0,No,Low,No,Unknown,Low,No,No,No,No,No,No,No,0.0,0
80,Male,Never,0.0,0.0,Yes,None,No,Unknown,Medium,Yes,No,No,No,No,No,No,0.0,0
58,Male,Current,8.0,7.0,Yes,None,No,No,High,No,No,No,No,No,No,No,2.8,0
83,Female,Never,0.0,0.0,Yes,Low,No,Unknown,Low,No,No,No,No,No,No,No,0.0,0
42,Female,Never,0.0,0.0,No,Low,No,Yes,High,No,No,No,No,No,No,No,0.0,0
41,Female,Current,3.0,9.0,Yes,None,No,Yes,Low,No,No,No,No,No,No,No,1.35,0
52,Male,Current,18.0,13.0,No,None,No,Unknown,Low,No,No,No,No,No,Yes,No,11.7,0
43,Female,Never,0.0,0.0,No,Low,Yes,No,Medium,No,No,No,No,No,No,No,0.0,0
40,Male,Never,0.0,0.0,No,None,No,No,Medium,No,No,No,No,No,No,No,0.0,0
83,Female,Current,8.0,21.0,No,Low,No,Unknown,Medium,Yes,No,No,No,No,Yes,Yes,8.4,1
68,Male,Current,21.0,24.0,No,None,No,No,Low,No,No,No,No,Yes,No,No,25.2,0
62,Male,Never,0.0,0.0,No,Low,No,Yes,Low,No,No,No,No,No,No,No,0.0,0
51,Female,Former,13.0,23.0,No,None,Yes,No,Low,No,No,No,No,No,No,No,14.95,0
22,Male,Never,0.0,0.0,No,None,No,No,Low,No,No,No,No,No,No,No,0.0,0
84,Male,Current,25.0,36.0,No,None,No,No,High,No,No,No,No,No,No,No,45.0,1
68,Male,Current,11.0,32.0,No,Low,Yes,Yes,High,No,No,No,No,No,No,No,17.6,1
50,Female,Current,19.0,3.0,No,None,No,No,Low,No,Yes,No,No,No,No,No,2.85,0
33,Male,Current,6.0,1.0,No,High,Yes,No,Medium,No,No,No,No,No,No,No,0.3,0
60,Male,Never,0.0,0.0,No,Low,No,No,Low,No,No,No,No,No,No,No,0.0,0
72,Male,Former,1.0,22.0,No,None,No,Yes,High,No,No,No,No,No,No,No,1.1,0
38,Female,Never,0.0,0.0,No,None,No,No,Low,No,No,No,No,Yes,No,No,0.0,0
73,Male,Current,10.0,6.0,Yes,Low,No,Unknown,Medium,No,No,No,No,No,No,No,3.0,0
41,Male,Never,0.0,0.0,No,None,No,No,High,Yes,No,No,No,No,No,No,0.0,0
43,Male,Current,3.0,13.0,No,None,No,Unknown,Medium,No,No,No,No,No,No,No,1.95,0
81,Male,Never,0.0,0.0,Yes,None,No,Unknown,High,No,No,No,No,No,No,No,0.0,0
25,Male,Never,0.0,0.0,No,None,No,No,Low,No,No,No,No,No,No,Yes,0.0,0
33,Female,Never,0.0,0.0,Yes,None,No,No,Medium,No,No,No,No,No,No,No,0.0,0
29,Other,Former,3.0,3.0,No,None,No,No,High,No,Yes,No,No,No,No,No,0.45,0
21,Female,Former,11.0,1.0,No,None,No,Unknown,Medium,Yes,No,No,No,No,No,No,0.55,0
43,Female,Never,0.0,0.0,No,None,No,Yes,Low,No,No,No,No,No,No,No,0.0,0
20,Male,Never,0.0,0.0,Yes,None,No,No,Low,No,No,No,No,No,No,No,0.0,0
55,Female,Current,3.0,3.0,No,None,No,No,Medium,No,No,No,No,No,No,No,0.45,0
83,Other,Former,4.0,48.0,No,High,No,Unknown,Low,No,No,No,No,No,No,No,9.6,0
31,Male,Current,19.0,1.0,No,None,No,Unknown,Medium,No,No,No,No,No,No,No,0.95,0
82,Male,Former,15.0,41.0,No,None,No,No,Medium,Yes,No,No,No,No,No,No,30.75,1
22,Female,Former,13.0,1.0,Yes,High,Yes,Unknown,Medium,No,No,No,No,No,No,No,0.65,0
46,Male,Former,3.0,19.0,Yes,High,No,Unknown,Medium,No,No,Yes,No,No,Yes,No,2.85,0
39,Male,Never,0.0,0.0,No,Low,No,No,Low,No,No,No,No,No,No,No,0.0,0
71,Female,Former,31.0,17.0,No,None,No,No,Low,No,No,Yes,No,No,No,No,26.35,1
47,Male,Never,0.0,0.0,No,None,No,Unknown,Medium,No,No,No,No,No,No,No,0.0,0
78,Female,Never,0.0,0.0,No,None,No,No,Medium,No,No,No,No,No,No,No,0.0,0
83,Female,Former,25.0,37.0,No,None,No,Yes,Medium,No,No,No,No,No,No,Yes,46.25,1
24,Male,Never,0.0,0.0,No,None,No,Unknown,Medium,No,No,No,No,No,No,No,0.0,0
82,Female,Never,0.0,0.0,No,Low,No,Unknown,High,No,No,No,No,No,No,No,0.0,0
46,Female,Never,0.0,0.0,No,Low,No,No,Medium,No,No,No,No,No,No,No,0.0,0
64,Male,Former,20.0,18.0,No,High,Yes,Yes,Low,No,No,No,No,No,No,No,18.0,0
67,Male,Current,18.0,35.0,No,Low,No,Yes,Low,No,No,No,No,No,No,No,31.5,0
61,Male,Former,7.0,1.0,No,None,No,No,Low,No,No,No,No,No,Yes,No,0.35,0
18,Female,Never,0.0,0.0,No,None,No,Unknown,High,No,No,No,No,No,No,No,0.0,0
37,Male,Former,2.0,1.0,No,None,No,No,Medium,No,No,No,No,Yes,No,No,0.1,0
83,Male,Never,0.0,0.0,Yes,None,No,No,Low,No,No,No,No,No,No,No,0.0,0
37,Female,Current,16.0,1.0,No,None,No,Unknown,Medium,No,No,No,No,No,No,No,0.8,0
51,Female,Former,12.0,8.0,No,None,No,Yes,Medium,No,No,No,No,No,No,No,4.8,0
66,Female,Never,0.0,0.0,No,None,No,Yes,Medium,Yes,No,No,No,No,No,No,0.0,0
44,Female,Current,15.0,21.0,No,None,No,No,Low,No,No,No,No,No,Yes,No,15.75,0
25,Female,Never,0.0,0.0,Yes,Low,No,Unknown,Low,No,No,No,No,No,No,No,0.0,0
56,Female,Never,0.0,0.0,No,Low,No,Unknown,High,No,No,No,No,No,Yes,No,0.0,0
32,Male,Former,14.0,13.0,No,None,No,Yes,Low,No,No,No,No,No,No,Yes,9.1,0
24,Male,Former,25.0,2.0,No,High,No,Unknown,High,No,No,No,No,No,No,No,2.5,0
38,Female,Never,0.0,0.0,No,None,No,No,Medium,No,No,No,No,No,No,No,0.0,0
52,Female,Former,1.0,20.0,No,Low,No,No,Medium,No,Yes,No,No,No,No,No,1.0,0
39,Female,Never,0.0,0.0,No,High,No,No,High,No,No,Yes,No,No,No,No,0.0,0
61,Female,Former,19.0,18.0,No,None,No,Unknown,Low,No,No,No,No,No,No,No,17.1,0
42,Male,Current,8.0,1.0,No,Low,No,No,Medium,No,No,No,No,No,No,No,0.4,0
30,Female,Current,15.0,1.0,No,None,No,No,Low,No,No,No,No,No,Yes,No,0.75,0
81,Other,Never,0.0,0.0,No,High,No,No,Low,No,No,No,No,No,No,No,0.0,0
56,Female,Never,0.0,0.0,No,Low,No,Yes,Medium,No,No,No,No,No,No,No,0.0,0
66,Male,Current,9.0,39.0,No,None,No,No,Low,Yes,No,No,No,No,No,No,17.55,0
43,Male,Never,0.0,0.0,Yes,High,No,No,Medium,No,No,No,No,Yes,Yes,No,0.0,0
46,Female,Former,15.0,22.0,No,None,No,No,Medium,No,No,No,No,No,No,No,16.5,0
74,Female,Former,1.0,24.0,Yes,None,No,No,High,No,No,No,No,No,No,No,1.2,0
58,Female,Former,8.0,23.0,No,None,No,Unknown,Medium,No,No,No,No,No,No,No,9.2,0
46,Male,Never,0.0,0.0,No,Low,No,Yes,Low,No,No,No,No,No,No,No,0.0,0
79,Male,Current,12.0,31.0,Yes,Low,No,Unknown,Low,No,Yes,No,No,No,No,No,18.6,0
78,Female,Never,0.0,0.0,Yes,Low,No,Unknown,Low,No,No,No,No,Yes,No,No,0.0,0
43,Male,Never,0.0,0.0,Yes,Low,No,Unknown,Medium,No,No,No,No,No,No,No,0.0,0
23,Male,Never,0.0,0.0,No,None,No,No,High,No,No,No,No,No,No,No,0.0,0
29,Male,Former,1.0,4.0,No,None,No,No,High,No,No,No,No,No,No,No,0.2,0
75,Female,Never,0.0,0.0,No,High,No,No,Low,No,No,No,No,No,No,No,0.0,0
18,Female,Never,0.0,0.0,No,None,No,No,Low,No,Yes,No,No,No,No,No,0.0,0
79,Female,Current,1.0,20.0,No,Low,No,No,High,No,No,No,No,No,No,No,1.0,0
56,Male,Former,22.0,7.0,No,Low,No,Yes,Low,No,No,No,No,No,No,No,7.7,0
44,Male,Never,0.0,0.0,No,High,No,No,Low,No,No,No,No,No,No,No,0.0,0
32,Other,Current,6.0,2.0,Yes,None,Yes,Yes,High,No,No,No,No,No,No,No,0.6,0
37,Female,Current,12.0,10.0,No,None,No,Unknown,Medium,No,No,No,No,Yes,No,No,6.0,0
24,Male,Current,16.0,1.0,No,None,No,Unknown,Medium,No,No,No,No,No,No,No,0.8,0
61,Male,Never,0.0,0.0,Yes,Low,No,No,High,No,No,No,No,No,No,No,0.0,0
52,Male,Never,0.0,0.0,No,None,No,Yes,Low,No,No,No,No,No,No,No,0.0,0
56,Female,Former,1.0,25.0,No,Low,No,Unknown,Medium,No,No,No,No,No,No,No,1.25,1
22,Female,Current,10.0,1.0,No,None,No,Unknown,High,No,Yes,No,No,No,No,No,0.5,0
84,Male,Current,13.0,46.0,No,None,No,Yes,Medium,No,No,No,No,No,No,No,29.9,0
22,Female,Former,5.0,33.0,No,None,No,Unknown,High,No,No,No,Yes,No,No,No,8.25,0
79,Male,Never,0.0,0.0,No,None,No,No,Low,No,No,No,No,Yes,No,No,0.0,0
48,Male,Current,3.0,10.0,No,Low,No,No,Low,No,No,No,No,No,No,No,1.5,0
33,Female,Former,37.0,15.0,Yes,None,No,No,Medium,Yes,No,No,No,No,No,No,27.75,1
58,Female,Never,0.0,0.0,No,Low,No,No,Medium,No,No,No,No,No,No,No,0.0,0
79,Female,Never,0.0,0.0,Yes,None,No,No,Medium,No,No,No,No,Yes,No,No,0.0,0
67,Male,Current,1.0,9.0,No,None,No,No,Low,No,No,No,No,Yes,Yes,No,0.45,0
57,Male,Current,7.0,23.0,No,None,No,Unknown,Medium,No,No,No,No,No,No,No,8.05,0
45,Female,Never,0.0,0.0,Yes,None,No,No,Low,No,No,No,No,No,No,No,0.0,0
48,Male,Former,19.0,8.0,No,Low,Yes,Unknown,Low,No,No,No,No,No,No,No,7.6,0
48,Female,Current,14.0,11.0,No,None,No,No,Medium,Yes,No,No,No,No,No,No,7.7,0
73,Male,Current,19.0,9.0,No,High,No,No,Medium,No,No,No,No,Yes,Yes,No,8.55,0
56,Male,Current,13.0,17.0,No,Low,No,No,Low,No,No,No,No,No,No,No,11.05,0
44,Male,Never,0.0,0.0,No,None,No,No,Low,No,Yes,No,No,No,Yes,No,0.0,0
78,Male,Never,0.0,0.0,No,Low,No,Yes,High,No,No,No,No,Yes,No,No,0.0,0
73,Male,Never,0.0,0.0,No,None,No,No,Medium,No,No,No,No,No,No,No,0.0,0
52,Female,Former,1.0,3.0,No,None,No,No,High,Yes,No,No,No,No,No,No,0.15,0
26,Female,Never,0.0,0.0,No,Low,No,No,Low,No,No,No,No,No,No,No,0.0,0
35,Male,Former,22.0,26.0,No,Low,No,No,High,No,No,No,No,No,No,No,28.6,0
40,Male,Current,1.0,20.0,No,Low,Yes,Unknown,Medium,No,No,No,No,No,No,No,1.0,0
50,Female,Current,11.0,26.0,Yes,None,No,No,High,No,Yes,No,No,No,No,No,14.3,0
24,Male,Former,1.0,1.0,Yes,None,No,No,Low,No,No,No,No,No,No,No,0.05,0
84,Female,Former,2.0,9.0,No,None,No,Unknown,Low,No,Yes,No,No,No,No,No,0.9,0
47,Male,Former,22.0,42.0,Yes,None,No,No,Low,No,No,No,No,Yes,No,No,46.2,1
40,Female,Never,0.0,0.0,No,High,No,No,Medium,No,No,No,No,No,No,No,0.0,0
43,Female,Never,0.0,0.0,No,Low,No,No,High,No,No,No,No,No,No,No,0.0,0
22,Female,Never,0.0,0.0,Yes,Low,No,No,Low,No,No,No,No,No,No,No,0.0,0
81,Female,Former,11.0,41.0,No,None,No,No,Low,No,No,No,No,No,Yes,No,22.55,1
49,Female,Never,0.0,0.0,No,Low,No,Unknown,Medium,No,No,No,No,No,No,No,0.0,0
50,Female,Never,0.0,0.0,Yes,None,No,No,Medium,Yes,No,No,No,No,Yes,No,0.0,0
55,Female,Former,18.0,4.0,No,None,No,No,Low,No,No,No,No,No,No,No,3.6,0
49,Male,Current,7.0,1.0,No,Low,No,No,Low,No,No,No,No,No,No,No,0.35,0
46,Male,Never,0.0,0.0,No,Low,No,No,Low,No,No,No,No,No,No,No,0.0,0
49,Male,Never,0.0,0.0,No,Low,No,Yes,Medium,No,No,No,No,No,No,No,0.0,0
36,Female,Current,17.0,11.0,No,None,No,No,Medium,No,No,No,No,Yes,No,No,9.35,1
78,Male,Current,20.0,37.0,No,None,No,Unknown,High,No,No,No,No,Yes,Yes,No,37.0,1
76,Female,Current,18.0,15.0,No,None,No,No,Medium,No,No,No,No,No,No,No,13.5,0
80,Male,Former,17.0,21.0,Yes,High,Yes,No,Low,No,No,No,No,No,No,No,17.85,1
26,Female,Never,0.0,0.0,No,High,No,No,Medium,No,No,No,No,No,No,No,0.0,0
66,Female,Former,16.0,23.0,No,None,No,No,Medium,No,No,No,No,No,No,No,18.4,0
43,Female,Former,3.0,17.0,No,High,No,No,High,No,No,No,No,No,No,No,2.55,0
60,Female,Never,0.0,0.0,No,High,No,No,Low,No,No,Yes,No,No,No,No,0.0,0
22,Male,Current,29.0,11.0,No,Low,No,No,Low,No,No,No,No,No,No,No,15.95,0
65,Male,Current,10.0,28.0,No,High,Yes,No,Low,No,No,No,No,No,Yes,No,14.0,0
52,Male,Former,17.0,20.0,No,Low,Yes,No,Low,No,Yes,No,No,Yes,No,No,17.0,1
43,Male,Never,0.0,0.0,No,None,No,No,Medium,No,No,No,Yes,No,No,No,0.0,0
46,Male,Current,9.0,10.0,No,None,No,No,Medium,No,No,No,No,No,No,No,4.5,0
72,Male,Never,0.0,0.0,No,None,No,Unknown,Low,No,Yes,No,No,No,No,No,0.0,0
52,Female,Current,15.0,16.0,No,Low,No,No,Medium,No,No,No,No,Yes,No,No,12.0,0
67,Female,Never,0.0,0.0,No,Low,No,No,Medium,No,No,No,No,No,No,No,0.0,1
77,Female,Never,0.0,0.0,Yes,High,No,Unknown,Medium,No,No,No,No,No,No,No,0.0,1
55,Male,Current,5.0,16.0,No,Low,No,Unknown,Medium,No,No,No,No,Yes,No,No,4.0,0
62,Female,Never,0.0,0.0,No,None,No,No,Medium,Yes,No,No,No,No,No,No,0.0,0
61,Male,Never,0.0,0.0,Yes,None,No,No,Low,No,No,No,No,No,No,No,0.0,0
37,Male,Never,0.0,0.0,Yes,None,No,Unknown,Low,No,No,No,No,No,No,No,0.0,0
57,Female,Former,12.0,37.0,No,Low,No,No,High,No,Yes,No,No,No,Yes,No,22.2,1
72,Male,Former,6.0,14.0,No,None,No,No,Medium,No,No,Yes,No,No,No,No,4.2,0
32,Male,Former,7.0,1.0,No,None,No,No,Medium,No,No,No,No,No,No,No,0.35,0
78,Male,Current,17.0,39.0,No,Low,No,No,Low,No,No,No,No,No,No,No,33.15,1
64,Female,Current,1.0,31.0,Yes,None,No,Unknown,Low,No,No,No,No,Yes,No,No,1.55,0
67,Female,Never,0.0,0.0,No,None,No,No,Low,Yes,Yes,No,No,No,Yes,No,0.0,0
84,Male,Former,22.0,36.0,Yes,None,No,Unknown,Low,No,No,No,No,No,No,No,39.6,1
39,Male,Never,0.0,0.0,Yes,None,No,Unknown,Low,No,No,No,No,No,No,No,0.0,0
47,Male,Never,0.0,0.0,No,High,No,Yes,Low,No,No,No,No,No,No,No,0.0,0
23,Female,Never,0.0,0.0,No,None,No,Unknown,Medium,No,No,No,No,No,No,No,0.0,0
68,Male,Current,16.0,23.0,No,High,Yes,No,Medium,No,No,No,No,No,No,No,18.4,1
56,Female,Never,0.0,0.0,Yes,High,No,No,Medium,No,No,No,No,No,No,No,0.0,0
43,Female,Former,20.0,1.0,No,Low,No,No,Medium,No,No,No,No,No,No,No,1.0,0
22,Male,Current,1.0,1.0,No,High,Yes,No,Medium,Yes,No,No,No,No,No,Yes,0.05,1
61,Female,Current,12.0,19.0,No,None,No,Unknown,Low,No,No,No,No,No,No,No,11.4,0
22,Male,Current,1.0,9.0,No,None,No,Unknown,Low,No,No,No,No,No,No,No,0.45,0
45,Female,Never,0.0,0.0,No,None,No,No,Medium,Yes,No,No,No,Yes,Yes,No,0.0,0
79,Male,Current,1.0,36.0,No,High,No,Unknown,Medium,Yes,No,No,No,No,No,No,1.8,0
65,Female,Never,0.0,0.0,No,None,No,No,Medium,No,No,No,No,No,No,No,0.0,0
42,Female,Current,21.0,20.0,No,None,No,No,Low,No,No,No,No,No,No,No,21.0,1
43,Male,Never,0.0,0.0,Yes,None,No,Yes,High,No,No,No,No,No,No,No,0.0,0
49,Male,Never,0.0,0.0,No,None,No,No,Medium,No,No,No,No,Yes,No,No,0.0,0
58,Female,Current,20.0,25.0,No,Low,No,No,Medium,No,Yes,No,No,No,No,No,25.0,1
42,Female,Current,24.0,11.0,No,None,No,No,High,No,No,No,No,No,No,No,13.2,0
56,Female,Never,0.0,0.0,Yes,None,No,Yes,Low,No,No,No,No,No,No,No,0.0,0
32,Male,Never,0.0,0.0,Yes,Low,No,No,Low,No,No,No,No,No,No,No,0.0,0
38,Female,Former,1.0,16.0,No,None,No,No,High,No,No,No,No,No,No,No,0.8,0
40,Female,Current,4.0,3.0,No,None,Yes,No,Medium,No,No,Yes,Yes,Yes,No,No,0.6,1
24,Female,Never,0.0,0.0,Yes,Low,No,No,Low,No,No,No,No,No,No,No,0.0,1
44,Male,Never,0.0,0.0,Yes,None,No,No,High,No,No,No,No,No,No,No,0.0,1
47,Male,Never,0.0,0.0,No,None,No,No,High,No,Yes,No,No,No,No,No,0.0,0
46,Male,Former,3.0,24.0,No,None,No,No,Medium,No,No,No,No,No,No,No,3.6,0
34,Female,Never,0.0,0.0,No,None,No,No,High,No,No,No,No,No,No,No,0.0,0
75,Male,Current,9.0,19.0,No,None,No,No,High,No,No,No,No,Yes,No,No,8.55,0
58,Male,Current,13.0,38.0,No,None,No,Unknown,Low,No,No,No,Yes,Yes,No,No,24.7,1
22,Female,Current,16.0,1.0,No,High,No,Unknown,Low,No,No,No,No,Yes,No,No,0.8,0
30,Male,Former,28.0,1.0,No,None,No,No,Medium,No,No,Yes,No,No,No,No,1.4,0
26,Female,Never,0.0,0.0,Yes,None,No,No,Medium,No,No,No,No,No,No,No,0.0,0
24,Male,Former,15.0,24.0,No,None,No,No,Low,No,No,No,No,No,No,No,18.0,0
54,Male,Never,0.0,0.0,Yes,None,No,Unknown,Medium,No,No,No,No,No,No,No,0.0,0
35,Female,Former,7.0,12.0,No,None,Yes,No,High,No,No,No,No,Yes,No,No,4.2,1
81,Female,Never,0.0,0.0,No,None,No,Unknown,Medium,No,No,No,No,Yes,No,No,0.0,0
24,Male,Current,16.0,14.0,No,None,No,No,Low,No,No,No,No,No,No,No,11.2,0
65,Female,Never,0.0,0.0,No,Low,No,No,Low,No,No,No,No,No,No,No,0.0,0
42,Male,Never,0.0,0.0,No,Low,Yes,No,Medium,No,No,No,No,No,No,No,0.0,0
82,Female,Former,8.0,20.0,No,None,No,No,Medium,No,No,No,No,Yes,No,Yes,8.0,1
62,Male,Former,22.0,24.0,Yes,None,No,No,High,No,No,No,No,No,No,No,26.4,0
25,Female,Never,0.0,0.0,Yes,None,No,Unknown,High,No,No,No,No,No,No,No,0.0,0
45,Other,Never,0.0,0.0,No,Low,No,Yes,Medium,No,No,No,No,No,No,No,0.0,0
18,Male,Never,0.0,0.0,No,None,No,Unknown,Low,No,No,No,No,No,No,No,0.0,0
18,Female,Current,3.0,1.0,No,Low,No,No,Low,No,No,No,No,No,No,No,0.15,0
59,Male,Never,0.0,0.0,No,None,No,No,Medium,No,No,No,No,No,Yes,No,0.0,0
47,Male,Never,0.0,0.0,Yes,None,No,No,Low,No,No,No,No,No,Yes,No,0.0,0
21,Male,Never,0.0,0.0,Yes,High,No,Unknown,High,No,No,No,No,No,No,No,0.0,0
69,Female,Never,0.0,0.0,No,None,No,No,Medium,No,No,No,No,No,Yes,No,0.0,0
81,Female,Never,0.0,0.0,Yes,None,No,No,Medium,No,No,No,No,No,No,No,0.0,0
25,Female,Former,22.0,1.0,No,None,No,Yes,Medium,No,No,No,No,Yes,No,No,1.1,0
45,Female,Never,0.0,0.0,No,None,No,No,High,No,No,Yes,No,No,No,No,0.0,0
72,Female,Current,15.0,19.0,No,None,No,Unknown,Low,No,No,No,No,Yes,No,No,14.25,1
22,Female,Former,8.0,1.0,No,None,No,Yes,Medium,No,No,No,No,No,No,No,0.4,0
67,Male,Never,0.0,0.0,No,None,No,Yes,Low,No,No,No,No,Yes,No,No,0.0,0
78,Male,Current,22.0,32.0,No,None,No,No,Low,No,No,No,No,No,No,No,35.2,0
34,Male,Never,0.0,0.0,No,Low,No,Yes,Medium,No,No,No,No,No,No,No,0.0,0
39,Female,Current,14.0,21.0,No,None,No,No,Low,No,No,No,No,No,No,No,14.7,0
65,Male,Current,20.0,39.0,No,None,No,No,Low,No,No,Yes,No,No,No,No,39.0,1
71,Male,Never,0.0,0.0,No,High,No,No,Low,No,No,No,No,No,No,No,0.0,0
62,Male,Former,17.0,34.0,No,None,No,No,High,No,No,No,No,No,No,No,28.9,0
29,Male,Current,11.0,4.0,No,None,No,Unknown,Medium,No,No,No,No,No,No,No,2.2,0
58,Female,Current,20.0,29.0,No,Low,No,No,High,No,No,Yes,No,Yes,No,No,29.0,1
60,Female,Never,0.0,0.0,No,Low,No,No,Low,No,No,No,No,No,Yes,No,0.0,0
78,Female,Former,15.0,47.0,No,None,No,Yes,High,No,No,No,Yes,No,No,No,35.25,1
63,Female,Current,7.0,19.0,No,High,No,Unknown,High,No,No,No,No,Yes,No,No,6.65,0
34,Female,Current,16.0,15.0,No,None,No,No,Medium,No,No,No,No,No,No,No,12.0,0
37,Female,Current,19.0,2.0,No,None,No,No,High,No,No,No,No,No,No,No,1.9,0
37,Male,Never,0.0,0.0,No,None,No,Yes,High,No,No,No,No,No,No,No,0.0,0
34,Male,Former,7.0,3.0,No,Low,No,No,High,Yes,Yes,No,No,No,No,No,1.05,0
43,Female,Never,0.0,0.0,No,None,No,No,Low,No,Yes,No,No,No,No,No,0.0,0
85,Female,Never,0.0,0.0,No,Low,Yes,Unknown,Low,No,No,No,No,Yes,No,No,0.0,0
69,Female,Never,0.0,0.0,No,Low,No,No,Medium,No,No,No,No,No,No,No,0.0,0
84,Male,Former,19.0,45.0,No,None,No,Unknown,High,No,No,No,Yes,No,No,No,42.75,1
21,Male,Former,1.0,10.0,No,None,No,No,Medium,No,No,No,No,No,No,No,0.5,0
77,Male,Never,0.0,0.0,No,None,No,Yes,High,No,Yes,No,No,No,Yes,No,0.0,0
39,Female,Current,1.0,12.0,Yes,None,No,Unknown,High,No,Yes,No,No,No,No,No,0.6,0
41,Female,Never,0.0,0.0,No,None,No,Unknown,Low,No,No,No,No,Yes,No,No,0.0,0
49,Female,Never,0.0,0.0,Yes,None,No,No,Low,No,No,No,No,No,No,No,0.0,0
84,Male,Never,0.0,0.0,Yes,None,No,Yes,Low,No,No,No,No,Yes,No,No,0.0,0
80,Female,Current,17.0,30.0,No,None,No,No,Low,No,No,Yes,No,Yes,No,No,25.5,1
41,Female,Never,0.0,0.0,No,Low,Yes,No,Low,No,No,No,No,No,Yes,No,0.0,0
81,Female,Current,14.0,29.0,No,None,No,No,Medium,No,No,No,No,No,No,No,20.3,1
69,Female,Former,16.0,42.0,Yes,Low,No,Unknown,Medium,No,No,Yes,No,No,No,No,33.6,1
54,Female,Never,0.0,0.0,No,High,No,Yes,Medium,No,No,No,No,No,No,No,0.0,0
71,Male,Never,0.0,0.0,No,None,No,No,High,No,No,No,No,No,No,No,0.0,0
27,Female,Never,0.0,0.0,No,Low,No,No,High,No,No,No,No,No,Yes,No,0.0,0
83,Male,Never,0.0,0.0,No,High,Yes,No,Medium,No,Yes,No,No,No,No,No,0.0,0
52,Female,Former,19.0,12.0,No,None,No,No,Medium,No,No,No,No,No,No,No,11.4,0
68,Male,Never,0.0,0.0,No,Low,No,Unknown,Medium,No,No,No,No,No,No,No,0.0,0
66,Female,Current,7.0,29.0,No,Low,No,No,High,No,No,No,No,No,No,No,10.15,0
59,Male,Never,0.0,0.0,No,Low,Yes,No,Low,No,No,No,No,No,No,No,0.0,0
38,Male,Never,0.0,0.0,No,None,No,Yes,Medium,Yes,No,No,No,No,No,No,0.0,0
61,Male,Never,0.0,0.0,No,None,No,Unknown,Low,No,No,No,No,No,No,No,0.0,0
22,Female,Never,0.0,0.0,No,None,No,Unknown,Medium,No,No,No,No,No,No,No,0.0,0
45,Female,Former,18.0,6.0,No,Low,No,Unknown,High,No,No,No,No,No,No,No,5.4,0
79,Male,Former,3.0,36.0,No,None,No,Unknown,Low,No,No,No,No,No,Yes,No,5.4,1
42,Female,Former,1.0,11.0,No,None,No,No,Medium,No,No,No,No,No,No,No,0.55,0
50,Female,Never,0.0,0.0,No,Low,No,No,Low,Yes,No,No,No,No,No,No,0.0,0
18,Female,Former,13.0,7.0,No,None,Yes,No,High,No,No,No,No,No,No,No,4.55,0
67,Female,Current,8.0,47.0,No,Low,No,No,Medium,No,No,No,No,No,No,No,18.8,0
35,Female,Current,11.0,5.0,No,Low,No,Yes,High,No,No,No,No,No,No,No,2.75,0
19,Female,Former,25.0,1.0,Yes,Low,No,Yes,Medium,No,No,No,No,No,No,No,1.25,0
56,Other,Never,0.0,0.0,No,Low,No,No,Medium,No,No,No,No,No,No,No,0.0,0
73,Female,Current,19.0,41.0,No,None,No,Unknown,High,No,No,No,No,No,No,No,38.95,0
44,Female,Former,5.0,4.0,No,None,No,Unknown,Low,Yes,No,No,No,No,No,No,1.0,0
67,Female,Current,6.0,24.0,No,None,No,Unknown,Low,No,No,Yes,No,Yes,Yes,No,7.2,0
45,Male,Never,0.0,0.0,No,High,No,No,Medium,No,No,No,No,No,No,No,0.0,0
46,Female,Former,1.0,32.0,No,None,No,Unknown,High,No,No,No,No,No,No,No,1.6,0
49,Male,Never,0.0,0.0,No,Low,No,No,Low,No,No,No,No,No,No,No,0.0,0
37,Male,Current,1.0,19.0,Yes,None,No,Unknown,Medium,No,No,No,No,No,Yes,No,0.95,0
32,Male,Never,0.0,0.0,No,None,No,No,Medium,No,No,No,No,No,No,No,0.0,0
44,Female,Former,11.0,30.0,No,Low,No,No,Low,No,No,No,No,No,No,No,16.5,0
19,Female,Former,4.0,15.0,No,None,No,Unknown,High,No,Yes,No,No,No,No,No,3.0,1
47,Male,Never,0.0,0.0,No,None,No,No,Low,No,No,No,No,No,No,No,0.0,0
52,Male,Former,16.0,3.0,No,High,No,No,Low,No,No,No,No,No,No,No,2.4,0
82,Male,Current,8.0,4.0,No,None,No,Unknown,High,No,No,No,Yes,No,No,No,1.6,0
48,Other,Former,4.0,16.0,Yes,None,No,Yes,High,No,Yes,No,No,Yes,No,No,3.2,0
84,Female,Former,12.0,29.0,No,None,No,Yes,High,No,No,Yes,No,Yes,No,No,17.4,1
80,Female,Former,9.0,37.0,No,None,No,No,High,No,No,No,No,Yes,No,No,16.65,0
75,Female,Never,0.0,0.0,No,None,No,Yes,High,No,No,No,No,No,No,No,0.0,0
42,Male,Never,0.0,0.0,No,Low,No,Unknown,Low,No,No,Yes,No,No,No,No,0.0,0
32,Female,Former,5.0,10.0,Yes,None,No,Yes,Medium,No,No,No,No,No,No,No,2.5,0
23,Female,Never,0.0,0.0,No,None,No,No,Low,No,No,No,No,No,No,No,0.0,0
51,Female,Never,0.0,0.0,No,None,No,No,Medium,No,No,No,No,Yes,No,No,0.0,0
60,Female,Former,4.0,20.0,Yes,None,No,No,Medium,No,No,No,No,No,No,No,4.0,0
23,Female,Never,0.0,0.0,No,None,No,No,Low,No,No,No,No,No,No,No,0.0,0
54,Male,Current,2.0,4.0,No,None,No,No,High,No,No,No,No,No,No,No,0.4,0
53,Female,Current,19.0,32.0,No,None,No,No,Medium,Yes,No,No,No,No,No,No,30.4,0
81,Female,Current,20.0,33.0,No,None,No,Yes,High,No,No,No,No,Yes,No,No,33.0,0
55,Female,Current,1.0,29.0,Yes,None,No,Unknown,High,No,No,No,No,No,Yes,No,1.45,1
81,Female,Never,0.0,0.0,No,None,No,No,High,No,No,No,No,No,Yes,No,0.0,0
47,Female,Current,1.0,19.0,Yes,None,No,No,Medium,No,No,No,No,No,Yes,No,0.95,0
55,Male,Never,0.0,0.0,No,Low,No,No,Medium,No,No,No,No,No,No,No,0.0,0
24,Male,Former,13.0,10.0,No,Low,No,No,Medium,No,No,No,No,No,No,No,6.5,0
81,Female,Never,0.0,0.0,No,Low,No,Yes,Low,No,No,No,No,No,No,Yes,0.0,1
37,Female,Former,10.0,8.0,No,None,No,No,Medium,No,No,Yes,Yes,No,No,No,4.0,0
53,Male,Never,0.0,0.0,Yes,Low,No,No,Low,No,No,No,No,No,No,No,0.0,0
37,Male,Never,0.0,0.0,No,None,No,No,Medium,No,No,No,No,No,No,No,0.0,0
26,Male,Never,0.0,0.0,Yes,None,No,No,High,No,No,No,No,No,No,No,0.0,0
32,Male,Current,28.0,3.0,No,None,No,No,Medium,No,No,No,No,No,Yes,No,4.2,0
27,Male,Current,10.0,1.0,No,None,No,No,Medium,No,No,No,No,No,Yes,No,0.5,0
31,Male,Current,7.0,15.0,No,None,No,Unknown,Medium,No,No,No,No,Yes,No,No,5.25,0
66,Female,Never,0.0,0.0,Yes,None,No,No,Medium,No,No,No,No,No,No,No,0.0,0
66,Female,Never,0.0,0.0,No,None,No,Yes,Medium,No,No,No,No,No,No,No,0.0,0
59,Female,Never,0.0,0.0,No,Low,No,No,Medium,Yes,No,No,No,No,Yes,No,0.0,0
48,Male,Current,11.0,20.0,No,High,No,Unknown,Medium,No,No,No,No,No,No,No,11.0,0
51,Female,Never,0.0,0.0,No,None,No,Yes,Medium,Yes,No,No,No,No,No,No,0.0,1
83,Female,Never,0.0,0.0,No,None,No,Unknown,Low,No,Yes,No,No,No,No,No,0.0,0
66,Male,Former,16.0,30.0,No,High,No,No,Medium,No,No,No,No,No,Yes,No,24.0,0
46,Female,Never,0.0,0.0,No,None,No,Yes,Medium,No,No,No,Yes,No,No,No,0.0,0
43,Female,Current,13.0,5.0,Yes,Low,No,No,Medium,No,No,Yes,No,No,No,No,3.25,0
48,Male,Never,0.0,0.0,No,None,No,No,High,No,No,No,No,No,Yes,No,0.0,0
40,Female,Never,0.0,0.0,No,None,No,No,High,No,No,No,No,Yes,No,No,0.0,0
24,Male,Current,7.0,5.0,No,None,No,No,Medium,No,Yes,No,No,No,No,No,1.75,0
22,Male,Never,0.0,0.0,No,High,No,Unknown,High,No,No,No,No,No,No,No,0.0,0
72,Male,Former,14.0,16.0,No,None,No,No,Low,No,No,No,No,No,No,No,11.2,0
42,Male,Never,0.0,0.0,No,None,No,No,High,No,No,No,No,No,No,No,0.0,0
20,Male,Never,0.0,0.0,No,None,No,No,Medium,No,No,No,No,No,No,No,0.0,0
42,Female,Current,32.0,14.0,No,None,No,No,Low,No,No,No,No,No,No,No,22.4,0
30,Female,Former,18.0,12.0,No,None,No,No,High,No,No,No,No,No,No,No,10.8,0
28,Female,Never,0.0,0.0,Yes,None,No,Unknown,Medium,No,No,No,No,No,No,No,0.0,0
25,Female,Current,18.0,1.0,Yes,None,No,No,Low,No,No,No,No,No,No,No,0.9,0
75,Male,Current,12.0,20.0,Yes,None,No,Unknown,Medium,No,No,No,No,No,No,No,12.0,0
55,Male,Never,0.0,0.0,No,None,No,No,Low,No,No,No,No,No,No,No,0.0,0
26,Female,Former,10.0,1.0,No,None,No,Unknown,Medium,No,No,No,No,No,No,No,0.5,0
62,Female,Never,0.0,0.0,No,None,No,Yes,Medium,No,No,No,No,Yes,No,No,0.0,1
84,Female,Never,0.0,0.0,No,None,No,No,Low,No,No,No,No,No,No,No,0.0,0
54,Female,Never,0.0,0.0,No,None,No,Unknown,Low,No,No,No,No,No,No,No,0.0,0
54,Male,Current,25.0,26.0,No,High,No,Unknown,Medium,No,No,No,No,No,No,No,32.5,1
84,Male,Never,0.0,0.0,No,Low,No,No,High,No,No,No,No,No,No,No,0.0,0
23,Male,Never,0.0,0.0,Yes,None,No,No,Medium,No,No,No,No,No,No,No,0.0,0
23,Male,Current,22.0,1.0,No,None,No,No,High,No,No,No,No,No,Yes,No,1.1,0
39,Female,Current,13.0,5.0,No,None,No,Unknown,Medium,No,No,No,No,No,No,No,3.25,0
71,Female,Current,6.0,18.0,No,Low,No,No,High,No,Yes,No,No,No,No,No,5.4,0
23,Female,Never,0.0,0.0,No,High,No,No,Medium,No,No,No,No,No,No,No,0.0,0
77,Male,Current,24.0,23.0,No,None,No,Unknown,Low,No,No,No,No,No,No,No,27.6,0
79,Male,Current,1.0,49.0,Yes,None,No,No,Medium,No,No,No,No,No,No,Yes,2.45,0
32,Female,Current,15.0,1.0,No,Low,No,Yes,Medium,No,No,No,No,No,No,No,0.75,0
66,Male,Former,24.0,27.0,No,None,No,Unknown,Medium,No,No,No,No,No,No,No,32.4,0
48,Male,Never,0.0,0.0,No,None,No,Unknown,Medium,No,No,No,No,Yes,No,No,0.0,0
37,Male,Never,0.0,0.0,No,None,No,No,Low,No,Yes,No,Yes,No,No,No,0.0,0
61,Male,Current,6.0,27.0,No,High,Yes,No,Low,No,Yes,No,No,No,No,No,8.1,1
77,Female,Current,1.0,46.0,No,None,No,No,Medium,No,No,No,Yes,Yes,Yes,No,2.3,0
49,Male,Former,2.0,35.0,No,None,No,Yes,Medium,Yes,No,No,No,Yes,No,No,3.5,0
32,Male,Never,0.0,0.0,No,None,No,No,Medium,Yes,No,No,No,No,No,Yes,0.0,0
84,Female,Current,18.0,35.0,Yes,None,No,Unknown,Medium,No,No,No,No,No,No,No,31.5,0
21,Female,Never,0.0,0.0,No,Low,No,No,High,No,No,No,No,No,No,No,0.0,0
20,Other,Never,0.0,0.0,Yes,None,No,No,Low,No,No,No,No,No,No,No,0.0,0
72,Female,Former,23.0,14.0,Yes,None,No,Unknown,Low,No,No,No,No,Yes,No,No,16.1,0
55,Male,Former,7.0,25.0,No,None,No,Yes,High,No,No,No,No,Yes,No,No,8.75,0
83,Female,Former,2.0,21.0,No,None,No,Unknown,High,No,No,No,No,No,No,No,2.1,0
55,Male,Never,0.0,0.0,No,High,No,Yes,Medium,No,No,No,No,No,No,No,0.0,0
55,Female,Former,3.0,27.0,No,None,No,Unknown,Low,No,No,No,No,No,No,No,4.05,0
77,Male,Former,17.0,35.0,Yes,None,No,Yes,Low,No,No,No,No,No,No,No,29.75,1
22,Female,Never,0.0,0.0,No,None,No,Unknown,Medium,No,No,Yes,No,No,Yes,No,0.0,0
18,Male,Current,10.0,1.0,No,Low,No,No,Medium,No,No,No,No,Yes,No,No,0.5,0
48,Male,Current,15.0,14.0,No,None,No,No,Medium,No,No,Yes,No,No,No,Yes,10.5,1
73,Male,Never,0.0,0.0,No,None,No,Yes,High,No,No,No,No,No,No,No,0.0,0
76,Male,Former,25.0,27.0,No,None,No,Unknown,High,No,No,No,No,No,No,No,33.75,1
20,Female,Never,0.0,0.0,Yes,None,No,No,Low,No,No,No,No,No,No,No,0.0,0
66,Female,Never,0.0,0.0,No,None,No,No,Medium,No,No,No,No,No,No,No,0.0,0
69,Male,Never,0.0,0.0,No,None,No,No,Medium,No,No,No,No,No,No,No,0.0,0
76,Female,Current,13.0,21.0,Yes,None,No,No,Low,Yes,No,No,No,No,Yes,No,13.65,0
76,Female,Never,0.0,0.0,No,None,No,No,Medium,No,No,Yes,No,No,No,No,0.0,1
